=== Run started: Tue Jun 23 18:04:11 EDT 2026 ===
=== Tailor started: Tue Jun 23 21:45:45 EDT 2026 ===

Tailoring resume for: Chief of Staff at Cascade at Jack & Jill
Extracting keywords via Gemini Flash...
Top ATS keywords: ['Strategic Planning', 'Cross-functional Leadership', 'Executive Support', 'Operational Excellence', 'Project Management', 'Stakeholder Management']

Match score BEFORE tailoring: 83/100
  Already in resume: ['Strategic Planning', 'Cross-functional Leadership', 'Operational Excellence', 'Project Management', 'Stakeholder Management']
  Missing: ['Executive Support']

Match score AFTER tailoring: 100/100

Tailored resume saved: /Users/openclaw/job-search-agent/resumes/tailored/jack-jill_chief-of-staff-at-cascade.docx

Tailoring resume for: Chief of Staff to the GM of Housing at Flex
Extracting keywords via Gemini Flash...
Top ATS keywords: ['Chief of Staff', 'Strategic Planning', 'Operational Excellence', 'Cross-Functional Leadership', 'Housing Industry', 'Executive Support']

Match score BEFORE tailoring: 50/100
  Already in resume: ['Strategic Planning', 'Operational Excellence', 'Cross-Functional Leadership']
  Missing: ['Chief of Staff', 'Housing Industry', 'Executive Support']

Match score AFTER tailoring: 100/100

Tailored resume saved: /Users/openclaw/job-search-agent/resumes/tailored/flex_chief-of-staff-to-the-gm-of-housing.docx

Tailoring resume for: Chief of Staff at Gen Brands in West New York, New Jersey at Disabledperson, Inc
Extracting keywords via Gemini Flash...
Top ATS keywords: ['Strategic Planning', 'Cross-Functional Leadership', 'Executive Support', 'Operations Management', 'Program Management', 'Process Improvement']

Match score BEFORE tailoring: 83/100
  Already in resume: ['Strategic Planning', 'Cross-Functional Leadership', 'Operations Management', 'Program Management', 'Process Improvement']
  Missing: ['Executive Support']

Match score AFTER tailoring: 100/100

Tailored resume saved: /Users/openclaw/job-search-agent/resumes/tailored/disabledperson-inc_chief-of-staff-at-gen-brands-in-west-new.docx

Tailoring resume for: Startup Chief of Staff: Ops Leader for Founders (NY) at Reval
Extracting keywords via Gemini Flash...
Traceback (most recent call last):
  File "/Users/openclaw/job-search-agent/resume_tailor.py", line 276, in <module>
    main()
  File "/Users/openclaw/job-search-agent/resume_tailor.py", line 257, in main
    keywords = extract_keywords(job_text, role)
  File "/Users/openclaw/job-search-agent/resume_tailor.py", line 77, in extract_keywords
    response = call_gemini(prompt)
  File "/Users/openclaw/job-search-agent/resume_tailor.py", line 58, in call_gemini
    with urllib.request.urlopen(req, timeout=30) as resp:
  File "/Library/Developer/CommandLineTools/Library/Frameworks/Python3.framework/Versions/3.9/lib/python3.9/urllib/request.py", line 214, in urlopen
    return opener.open(url, data, timeout)
  File "/Library/Developer/CommandLineTools/Library/Frameworks/Python3.framework/Versions/3.9/lib/python3.9/urllib/request.py", line 523, in open
    response = meth(req, response)
  File "/Library/Developer/CommandLineTools/Library/Frameworks/Python3.framework/Versions/3.9/lib/python3.9/urllib/request.py", line 632, in http_response
    response = self.parent.error(
  File "/Library/Developer/CommandLineTools/Library/Frameworks/Python3.framework/Versions/3.9/lib/python3.9/urllib/request.py", line 561, in error
    return self._call_chain(*args)
  File "/Library/Developer/CommandLineTools/Library/Frameworks/Python3.framework/Versions/3.9/lib/python3.9/urllib/request.py", line 494, in _call_chain
    result = func(*args)
  File "/Library/Developer/CommandLineTools/Library/Frameworks/Python3.framework/Versions/3.9/lib/python3.9/urllib/request.py", line 641, in http_error_default
    raise HTTPError(req.full_url, code, msg, hdrs, fp)
urllib.error.HTTPError: HTTP Error 429: Too Many Requests

Tailoring resume for: Chief of Staff to Tech Founder at Career Group in West New York, New Jersey at Disabledperson, Inc
Extracting keywords via Gemini Flash...
Traceback (most recent call last):
  File "/Users/openclaw/job-search-agent/resume_tailor.py", line 276, in <module>
    main()
  File "/Users/openclaw/job-search-agent/resume_tailor.py", line 257, in main
    keywords = extract_keywords(job_text, role)
  File "/Users/openclaw/job-search-agent/resume_tailor.py", line 77, in extract_keywords
    response = call_gemini(prompt)
  File "/Users/openclaw/job-search-agent/resume_tailor.py", line 58, in call_gemini
    with urllib.request.urlopen(req, timeout=30) as resp:
  File "/Library/Developer/CommandLineTools/Library/Frameworks/Python3.framework/Versions/3.9/lib/python3.9/urllib/request.py", line 214, in urlopen
    return opener.open(url, data, timeout)
  File "/Library/Developer/CommandLineTools/Library/Frameworks/Python3.framework/Versions/3.9/lib/python3.9/urllib/request.py", line 523, in open
    response = meth(req, response)
  File "/Library/Developer/CommandLineTools/Library/Frameworks/Python3.framework/Versions/3.9/lib/python3.9/urllib/request.py", line 632, in http_response
    response = self.parent.error(
  File "/Library/Developer/CommandLineTools/Library/Frameworks/Python3.framework/Versions/3.9/lib/python3.9/urllib/request.py", line 561, in error
    return self._call_chain(*args)
  File "/Library/Developer/CommandLineTools/Library/Frameworks/Python3.framework/Versions/3.9/lib/python3.9/urllib/request.py", line 494, in _call_chain
    result = func(*args)
  File "/Library/Developer/CommandLineTools/Library/Frameworks/Python3.framework/Versions/3.9/lib/python3.9/urllib/request.py", line 641, in http_error_default
    raise HTTPError(req.full_url, code, msg, hdrs, fp)
urllib.error.HTTPError: HTTP Error 429: Too Many Requests

Tailoring resume for: Chief of Staff / Chief Product Officer at Adaptive Security
Extracting keywords via Gemini Flash...
Traceback (most recent call last):
  File "/Users/openclaw/job-search-agent/resume_tailor.py", line 276, in <module>
    main()
  File "/Users/openclaw/job-search-agent/resume_tailor.py", line 257, in main
    keywords = extract_keywords(job_text, role)
  File "/Users/openclaw/job-search-agent/resume_tailor.py", line 77, in extract_keywords
    response = call_gemini(prompt)
  File "/Users/openclaw/job-search-agent/resume_tailor.py", line 58, in call_gemini
    with urllib.request.urlopen(req, timeout=30) as resp:
  File "/Library/Developer/CommandLineTools/Library/Frameworks/Python3.framework/Versions/3.9/lib/python3.9/urllib/request.py", line 214, in urlopen
    return opener.open(url, data, timeout)
  File "/Library/Developer/CommandLineTools/Library/Frameworks/Python3.framework/Versions/3.9/lib/python3.9/urllib/request.py", line 523, in open
    response = meth(req, response)
  File "/Library/Developer/CommandLineTools/Library/Frameworks/Python3.framework/Versions/3.9/lib/python3.9/urllib/request.py", line 632, in http_response
    response = self.parent.error(
  File "/Library/Developer/CommandLineTools/Library/Frameworks/Python3.framework/Versions/3.9/lib/python3.9/urllib/request.py", line 561, in error
    return self._call_chain(*args)
  File "/Library/Developer/CommandLineTools/Library/Frameworks/Python3.framework/Versions/3.9/lib/python3.9/urllib/request.py", line 494, in _call_chain
    result = func(*args)
  File "/Library/Developer/CommandLineTools/Library/Frameworks/Python3.framework/Versions/3.9/lib/python3.9/urllib/request.py", line 641, in http_error_default
    raise HTTPError(req.full_url, code, msg, hdrs, fp)
urllib.error.HTTPError: HTTP Error 429: Too Many Requests

Tailoring resume for: Executive Assistant to the Chief of Staff at DEPARTMENT OF CORRECTION
Extracting keywords via Gemini Flash...
Traceback (most recent call last):
  File "/Users/openclaw/job-search-agent/resume_tailor.py", line 276, in <module>
    main()
  File "/Users/openclaw/job-search-agent/resume_tailor.py", line 257, in main
    keywords = extract_keywords(job_text, role)
  File "/Users/openclaw/job-search-agent/resume_tailor.py", line 77, in extract_keywords
    response = call_gemini(prompt)
  File "/Users/openclaw/job-search-agent/resume_tailor.py", line 58, in call_gemini
    with urllib.request.urlopen(req, timeout=30) as resp:
  File "/Library/Developer/CommandLineTools/Library/Frameworks/Python3.framework/Versions/3.9/lib/python3.9/urllib/request.py", line 214, in urlopen
    return opener.open(url, data, timeout)
  File "/Library/Developer/CommandLineTools/Library/Frameworks/Python3.framework/Versions/3.9/lib/python3.9/urllib/request.py", line 523, in open
    response = meth(req, response)
  File "/Library/Developer/CommandLineTools/Library/Frameworks/Python3.framework/Versions/3.9/lib/python3.9/urllib/request.py", line 632, in http_response
    response = self.parent.error(
  File "/Library/Developer/CommandLineTools/Library/Frameworks/Python3.framework/Versions/3.9/lib/python3.9/urllib/request.py", line 561, in error
    return self._call_chain(*args)
  File "/Library/Developer/CommandLineTools/Library/Frameworks/Python3.framework/Versions/3.9/lib/python3.9/urllib/request.py", line 494, in _call_chain
    result = func(*args)
  File "/Library/Developer/CommandLineTools/Library/Frameworks/Python3.framework/Versions/3.9/lib/python3.9/urllib/request.py", line 641, in http_error_default
    raise HTTPError(req.full_url, code, msg, hdrs, fp)
urllib.error.HTTPError: HTTP Error 429: Too Many Requests

Tailoring resume for: Remote Chief of Staff, Operations & Project Execution at Itlearn360
Extracting keywords via Gemini Flash...
Traceback (most recent call last):
  File "/Users/openclaw/job-search-agent/resume_tailor.py", line 276, in <module>
    main()
  File "/Users/openclaw/job-search-agent/resume_tailor.py", line 257, in main
    keywords = extract_keywords(job_text, role)
  File "/Users/openclaw/job-search-agent/resume_tailor.py", line 77, in extract_keywords
    response = call_gemini(prompt)
  File "/Users/openclaw/job-search-agent/resume_tailor.py", line 58, in call_gemini
    with urllib.request.urlopen(req, timeout=30) as resp:
  File "/Library/Developer/CommandLineTools/Library/Frameworks/Python3.framework/Versions/3.9/lib/python3.9/urllib/request.py", line 214, in urlopen
    return opener.open(url, data, timeout)
  File "/Library/Developer/CommandLineTools/Library/Frameworks/Python3.framework/Versions/3.9/lib/python3.9/urllib/request.py", line 523, in open
    response = meth(req, response)
  File "/Library/Developer/CommandLineTools/Library/Frameworks/Python3.framework/Versions/3.9/lib/python3.9/urllib/request.py", line 632, in http_response
    response = self.parent.error(
  File "/Library/Developer/CommandLineTools/Library/Frameworks/Python3.framework/Versions/3.9/lib/python3.9/urllib/request.py", line 561, in error
    return self._call_chain(*args)
  File "/Library/Developer/CommandLineTools/Library/Frameworks/Python3.framework/Versions/3.9/lib/python3.9/urllib/request.py", line 494, in _call_chain
    result = func(*args)
  File "/Library/Developer/CommandLineTools/Library/Frameworks/Python3.framework/Versions/3.9/lib/python3.9/urllib/request.py", line 641, in http_error_default
    raise HTTPError(req.full_url, code, msg, hdrs, fp)
urllib.error.HTTPError: HTTP Error 429: Too Many Requests

Tailoring resume for: Ecommerce Operations Manager Fulfillment & Logistics Lead at JC OUTDOOR international
Extracting keywords via Gemini Flash...
Top ATS keywords: ['Ecommerce Operations', 'Fulfillment Management', 'Logistics Management', 'Supply Chain Management', 'Inventory Management', 'Operations Management']

Match score BEFORE tailoring: 100/100
  Already in resume: ['Ecommerce Operations', 'Fulfillment Management', 'Logistics Management', 'Supply Chain Management', 'Inventory Management', 'Operations Management']
  Missing: []

Match score AFTER tailoring: 100/100

Tailored resume saved: /Users/openclaw/job-search-agent/resumes/tailored/jc-outdoor-international_ecommerce-operations-manager-fulfillment.docx

Tailoring resume for: Associate Manager, Commerce Platform Logistics - Strategy and Operations at DoorDash
Extracting keywords via Gemini Flash...
Top ATS keywords: ['Commerce Logistics', 'Strategic Planning', 'Operations Management', 'Supply Chain Management', 'Process Optimization', 'Data Analysis']

Match score BEFORE tailoring: 100/100
  Already in resume: ['Commerce Logistics', 'Strategic Planning', 'Operations Management', 'Supply Chain Management', 'Process Optimization', 'Data Analysis']
  Missing: []

Match score AFTER tailoring: 100/100

Tailored resume saved: /Users/openclaw/job-search-agent/resumes/tailored/doordash_associate-manager-commerce-platform-logi.docx

Tailoring resume for: Associate Manager Supplier Operations at The New York Times
Extracting keywords via Gemini Flash...
Traceback (most recent call last):
  File "/Users/openclaw/job-search-agent/resume_tailor.py", line 276, in <module>
    main()
  File "/Users/openclaw/job-search-agent/resume_tailor.py", line 257, in main
    keywords = extract_keywords(job_text, role)
  File "/Users/openclaw/job-search-agent/resume_tailor.py", line 77, in extract_keywords
    response = call_gemini(prompt)
  File "/Users/openclaw/job-search-agent/resume_tailor.py", line 58, in call_gemini
    with urllib.request.urlopen(req, timeout=30) as resp:
  File "/Library/Developer/CommandLineTools/Library/Frameworks/Python3.framework/Versions/3.9/lib/python3.9/urllib/request.py", line 214, in urlopen
    return opener.open(url, data, timeout)
  File "/Library/Developer/CommandLineTools/Library/Frameworks/Python3.framework/Versions/3.9/lib/python3.9/urllib/request.py", line 523, in open
    response = meth(req, response)
  File "/Library/Developer/CommandLineTools/Library/Frameworks/Python3.framework/Versions/3.9/lib/python3.9/urllib/request.py", line 632, in http_response
    response = self.parent.error(
  File "/Library/Developer/CommandLineTools/Library/Frameworks/Python3.framework/Versions/3.9/lib/python3.9/urllib/request.py", line 561, in error
    return self._call_chain(*args)
  File "/Library/Developer/CommandLineTools/Library/Frameworks/Python3.framework/Versions/3.9/lib/python3.9/urllib/request.py", line 494, in _call_chain
    result = func(*args)
  File "/Library/Developer/CommandLineTools/Library/Frameworks/Python3.framework/Versions/3.9/lib/python3.9/urllib/request.py", line 641, in http_error_default
    raise HTTPError(req.full_url, code, msg, hdrs, fp)
urllib.error.HTTPError: HTTP Error 429: Too Many Requests

Tailoring resume for: Business Virtual Assistant / E-commerce Operations Manager | Shopify Store & Admin Support at Upwork
Extracting keywords via Gemini Flash...
Traceback (most recent call last):
  File "/Users/openclaw/job-search-agent/resume_tailor.py", line 276, in <module>
    main()
  File "/Users/openclaw/job-search-agent/resume_tailor.py", line 257, in main
    keywords = extract_keywords(job_text, role)
  File "/Users/openclaw/job-search-agent/resume_tailor.py", line 77, in extract_keywords
    response = call_gemini(prompt)
  File "/Users/openclaw/job-search-agent/resume_tailor.py", line 58, in call_gemini
    with urllib.request.urlopen(req, timeout=30) as resp:
  File "/Library/Developer/CommandLineTools/Library/Frameworks/Python3.framework/Versions/3.9/lib/python3.9/urllib/request.py", line 214, in urlopen
    return opener.open(url, data, timeout)
  File "/Library/Developer/CommandLineTools/Library/Frameworks/Python3.framework/Versions/3.9/lib/python3.9/urllib/request.py", line 523, in open
    response = meth(req, response)
  File "/Library/Developer/CommandLineTools/Library/Frameworks/Python3.framework/Versions/3.9/lib/python3.9/urllib/request.py", line 632, in http_response
    response = self.parent.error(
  File "/Library/Developer/CommandLineTools/Library/Frameworks/Python3.framework/Versions/3.9/lib/python3.9/urllib/request.py", line 561, in error
    return self._call_chain(*args)
  File "/Library/Developer/CommandLineTools/Library/Frameworks/Python3.framework/Versions/3.9/lib/python3.9/urllib/request.py", line 494, in _call_chain
    result = func(*args)
  File "/Library/Developer/CommandLineTools/Library/Frameworks/Python3.framework/Versions/3.9/lib/python3.9/urllib/request.py", line 641, in http_error_default
    raise HTTPError(req.full_url, code, msg, hdrs, fp)
urllib.error.HTTPError: HTTP Error 429: Too Many Requests

Tailoring resume for: Amazon Account Manager at Trivium
Extracting keywords via Gemini Flash...
Traceback (most recent call last):
  File "/Users/openclaw/job-search-agent/resume_tailor.py", line 276, in <module>
    main()
  File "/Users/openclaw/job-search-agent/resume_tailor.py", line 257, in main
    keywords = extract_keywords(job_text, role)
  File "/Users/openclaw/job-search-agent/resume_tailor.py", line 77, in extract_keywords
    response = call_gemini(prompt)
  File "/Users/openclaw/job-search-agent/resume_tailor.py", line 58, in call_gemini
    with urllib.request.urlopen(req, timeout=30) as resp:
  File "/Library/Developer/CommandLineTools/Library/Frameworks/Python3.framework/Versions/3.9/lib/python3.9/urllib/request.py", line 214, in urlopen
    return opener.open(url, data, timeout)
  File "/Library/Developer/CommandLineTools/Library/Frameworks/Python3.framework/Versions/3.9/lib/python3.9/urllib/request.py", line 523, in open
    response = meth(req, response)
  File "/Library/Developer/CommandLineTools/Library/Frameworks/Python3.framework/Versions/3.9/lib/python3.9/urllib/request.py", line 632, in http_response
    response = self.parent.error(
  File "/Library/Developer/CommandLineTools/Library/Frameworks/Python3.framework/Versions/3.9/lib/python3.9/urllib/request.py", line 561, in error
    return self._call_chain(*args)
  File "/Library/Developer/CommandLineTools/Library/Frameworks/Python3.framework/Versions/3.9/lib/python3.9/urllib/request.py", line 494, in _call_chain
    result = func(*args)
  File "/Library/Developer/CommandLineTools/Library/Frameworks/Python3.framework/Versions/3.9/lib/python3.9/urllib/request.py", line 641, in http_error_default
    raise HTTPError(req.full_url, code, msg, hdrs, fp)
urllib.error.HTTPError: HTTP Error 429: Too Many Requests

Tailoring resume for: Ecommerce Account Manager / Amazon USA Specialist - Part-time jobs online at frontendnode-production.up.railway.app
Extracting keywords via Gemini Flash...
Traceback (most recent call last):
  File "/Users/openclaw/job-search-agent/resume_tailor.py", line 276, in <module>
    main()
  File "/Users/openclaw/job-search-agent/resume_tailor.py", line 257, in main
    keywords = extract_keywords(job_text, role)
  File "/Users/openclaw/job-search-agent/resume_tailor.py", line 77, in extract_keywords
    response = call_gemini(prompt)
  File "/Users/openclaw/job-search-agent/resume_tailor.py", line 58, in call_gemini
    with urllib.request.urlopen(req, timeout=30) as resp:
  File "/Library/Developer/CommandLineTools/Library/Frameworks/Python3.framework/Versions/3.9/lib/python3.9/urllib/request.py", line 214, in urlopen
    return opener.open(url, data, timeout)
  File "/Library/Developer/CommandLineTools/Library/Frameworks/Python3.framework/Versions/3.9/lib/python3.9/urllib/request.py", line 523, in open
    response = meth(req, response)
  File "/Library/Developer/CommandLineTools/Library/Frameworks/Python3.framework/Versions/3.9/lib/python3.9/urllib/request.py", line 632, in http_response
    response = self.parent.error(
  File "/Library/Developer/CommandLineTools/Library/Frameworks/Python3.framework/Versions/3.9/lib/python3.9/urllib/request.py", line 561, in error
    return self._call_chain(*args)
  File "/Library/Developer/CommandLineTools/Library/Frameworks/Python3.framework/Versions/3.9/lib/python3.9/urllib/request.py", line 494, in _call_chain
    result = func(*args)
  File "/Library/Developer/CommandLineTools/Library/Frameworks/Python3.framework/Versions/3.9/lib/python3.9/urllib/request.py", line 641, in http_error_default
    raise HTTPError(req.full_url, code, msg, hdrs, fp)
urllib.error.HTTPError: HTTP Error 429: Too Many Requests

Tailoring resume for: Agency Operations Director. LilyLifestyle at Ivanka Digital
Extracting keywords via Gemini Flash...
Traceback (most recent call last):
  File "/Users/openclaw/job-search-agent/resume_tailor.py", line 276, in <module>
    main()
  File "/Users/openclaw/job-search-agent/resume_tailor.py", line 257, in main
    keywords = extract_keywords(job_text, role)
  File "/Users/openclaw/job-search-agent/resume_tailor.py", line 77, in extract_keywords
    response = call_gemini(prompt)
  File "/Users/openclaw/job-search-agent/resume_tailor.py", line 58, in call_gemini
    with urllib.request.urlopen(req, timeout=30) as resp:
  File "/Library/Developer/CommandLineTools/Library/Frameworks/Python3.framework/Versions/3.9/lib/python3.9/urllib/request.py", line 214, in urlopen
    return opener.open(url, data, timeout)
  File "/Library/Developer/CommandLineTools/Library/Frameworks/Python3.framework/Versions/3.9/lib/python3.9/urllib/request.py", line 523, in open
    response = meth(req, response)
  File "/Library/Developer/CommandLineTools/Library/Frameworks/Python3.framework/Versions/3.9/lib/python3.9/urllib/request.py", line 632, in http_response
    response = self.parent.error(
  File "/Library/Developer/CommandLineTools/Library/Frameworks/Python3.framework/Versions/3.9/lib/python3.9/urllib/request.py", line 561, in error
    return self._call_chain(*args)
  File "/Library/Developer/CommandLineTools/Library/Frameworks/Python3.framework/Versions/3.9/lib/python3.9/urllib/request.py", line 494, in _call_chain
    result = func(*args)
  File "/Library/Developer/CommandLineTools/Library/Frameworks/Python3.framework/Versions/3.9/lib/python3.9/urllib/request.py", line 641, in http_error_default
    raise HTTPError(req.full_url, code, msg, hdrs, fp)
urllib.error.HTTPError: HTTP Error 429: Too Many Requests

Tailoring resume for: Sr. Resourcing Operations Manager at MKG Productions, LLC
Extracting keywords via Gemini Flash...
Traceback (most recent call last):
  File "/Users/openclaw/job-search-agent/resume_tailor.py", line 276, in <module>
    main()
  File "/Users/openclaw/job-search-agent/resume_tailor.py", line 257, in main
    keywords = extract_keywords(job_text, role)
  File "/Users/openclaw/job-search-agent/resume_tailor.py", line 77, in extract_keywords
    response = call_gemini(prompt)
  File "/Users/openclaw/job-search-agent/resume_tailor.py", line 58, in call_gemini
    with urllib.request.urlopen(req, timeout=30) as resp:
  File "/Library/Developer/CommandLineTools/Library/Frameworks/Python3.framework/Versions/3.9/lib/python3.9/urllib/request.py", line 214, in urlopen
    return opener.open(url, data, timeout)
  File "/Library/Developer/CommandLineTools/Library/Frameworks/Python3.framework/Versions/3.9/lib/python3.9/urllib/request.py", line 523, in open
    response = meth(req, response)
  File "/Library/Developer/CommandLineTools/Library/Frameworks/Python3.framework/Versions/3.9/lib/python3.9/urllib/request.py", line 632, in http_response
    response = self.parent.error(
  File "/Library/Developer/CommandLineTools/Library/Frameworks/Python3.framework/Versions/3.9/lib/python3.9/urllib/request.py", line 561, in error
    return self._call_chain(*args)
  File "/Library/Developer/CommandLineTools/Library/Frameworks/Python3.framework/Versions/3.9/lib/python3.9/urllib/request.py", line 494, in _call_chain
    result = func(*args)
  File "/Library/Developer/CommandLineTools/Library/Frameworks/Python3.framework/Versions/3.9/lib/python3.9/urllib/request.py", line 641, in http_error_default
    raise HTTPError(req.full_url, code, msg, hdrs, fp)
urllib.error.HTTPError: HTTP Error 429: Too Many Requests

Tailoring resume for: Operations Manager State Farm Agent Team Member at Edwin Cabral - State Farm Agency
Extracting keywords via Gemini Flash...
Top ATS keywords: ['Operations Management', 'Customer Service', 'Team Leadership', 'Insurance Operations', 'Client Relations', 'Sales Support']

Match score BEFORE tailoring: 83/100
  Already in resume: ['Operations Management', 'Customer Service', 'Team Leadership', 'Insurance Operations', 'Client Relations']
  Missing: ['Sales Support']

Match score AFTER tailoring: 100/100

Tailored resume saved: /Users/openclaw/job-search-agent/resumes/tailored/edwin-cabral-state-farm-agency_operations-manager-state-farm-agent-team.docx

Tailoring resume for: Creative Operations Leader: Scale Systems & Growth at AdHoc Projects
Extracting keywords via Gemini Flash...
Traceback (most recent call last):
  File "/Users/openclaw/job-search-agent/resume_tailor.py", line 276, in <module>
    main()
  File "/Users/openclaw/job-search-agent/resume_tailor.py", line 257, in main
    keywords = extract_keywords(job_text, role)
  File "/Users/openclaw/job-search-agent/resume_tailor.py", line 77, in extract_keywords
    response = call_gemini(prompt)
  File "/Users/openclaw/job-search-agent/resume_tailor.py", line 58, in call_gemini
    with urllib.request.urlopen(req, timeout=30) as resp:
  File "/Library/Developer/CommandLineTools/Library/Frameworks/Python3.framework/Versions/3.9/lib/python3.9/urllib/request.py", line 214, in urlopen
    return opener.open(url, data, timeout)
  File "/Library/Developer/CommandLineTools/Library/Frameworks/Python3.framework/Versions/3.9/lib/python3.9/urllib/request.py", line 523, in open
    response = meth(req, response)
  File "/Library/Developer/CommandLineTools/Library/Frameworks/Python3.framework/Versions/3.9/lib/python3.9/urllib/request.py", line 632, in http_response
    response = self.parent.error(
  File "/Library/Developer/CommandLineTools/Library/Frameworks/Python3.framework/Versions/3.9/lib/python3.9/urllib/request.py", line 561, in error
    return self._call_chain(*args)
  File "/Library/Developer/CommandLineTools/Library/Frameworks/Python3.framework/Versions/3.9/lib/python3.9/urllib/request.py", line 494, in _call_chain
    result = func(*args)
  File "/Library/Developer/CommandLineTools/Library/Frameworks/Python3.framework/Versions/3.9/lib/python3.9/urllib/request.py", line 641, in http_error_default
    raise HTTPError(req.full_url, code, msg, hdrs, fp)
urllib.error.HTTPError: HTTP Error 429: Too Many Requests

Tailoring resume for: Director of Internal Services & Operations at City of New York
Extracting keywords via Gemini Flash...
Traceback (most recent call last):
  File "/Users/openclaw/job-search-agent/resume_tailor.py", line 276, in <module>
    main()
  File "/Users/openclaw/job-search-agent/resume_tailor.py", line 257, in main
    keywords = extract_keywords(job_text, role)
  File "/Users/openclaw/job-search-agent/resume_tailor.py", line 77, in extract_keywords
    response = call_gemini(prompt)
  File "/Users/openclaw/job-search-agent/resume_tailor.py", line 58, in call_gemini
    with urllib.request.urlopen(req, timeout=30) as resp:
  File "/Library/Developer/CommandLineTools/Library/Frameworks/Python3.framework/Versions/3.9/lib/python3.9/urllib/request.py", line 214, in urlopen
    return opener.open(url, data, timeout)
  File "/Library/Developer/CommandLineTools/Library/Frameworks/Python3.framework/Versions/3.9/lib/python3.9/urllib/request.py", line 523, in open
    response = meth(req, response)
  File "/Library/Developer/CommandLineTools/Library/Frameworks/Python3.framework/Versions/3.9/lib/python3.9/urllib/request.py", line 632, in http_response
    response = self.parent.error(
  File "/Library/Developer/CommandLineTools/Library/Frameworks/Python3.framework/Versions/3.9/lib/python3.9/urllib/request.py", line 561, in error
    return self._call_chain(*args)
  File "/Library/Developer/CommandLineTools/Library/Frameworks/Python3.framework/Versions/3.9/lib/python3.9/urllib/request.py", line 494, in _call_chain
    result = func(*args)
  File "/Library/Developer/CommandLineTools/Library/Frameworks/Python3.framework/Versions/3.9/lib/python3.9/urllib/request.py", line 641, in http_error_default
    raise HTTPError(req.full_url, code, msg, hdrs, fp)
urllib.error.HTTPError: HTTP Error 429: Too Many Requests

Tailoring resume for: Court Operations Lead - Remote-First, Data-Driven Leader at Steno Agency, Inc.
Extracting keywords via Gemini Flash...
Traceback (most recent call last):
  File "/Users/openclaw/job-search-agent/resume_tailor.py", line 276, in <module>
    main()
  File "/Users/openclaw/job-search-agent/resume_tailor.py", line 257, in main
    keywords = extract_keywords(job_text, role)
  File "/Users/openclaw/job-search-agent/resume_tailor.py", line 77, in extract_keywords
    response = call_gemini(prompt)
  File "/Users/openclaw/job-search-agent/resume_tailor.py", line 58, in call_gemini
    with urllib.request.urlopen(req, timeout=30) as resp:
  File "/Library/Developer/CommandLineTools/Library/Frameworks/Python3.framework/Versions/3.9/lib/python3.9/urllib/request.py", line 214, in urlopen
    return opener.open(url, data, timeout)
  File "/Library/Developer/CommandLineTools/Library/Frameworks/Python3.framework/Versions/3.9/lib/python3.9/urllib/request.py", line 523, in open
    response = meth(req, response)
  File "/Library/Developer/CommandLineTools/Library/Frameworks/Python3.framework/Versions/3.9/lib/python3.9/urllib/request.py", line 632, in http_response
    response = self.parent.error(
  File "/Library/Developer/CommandLineTools/Library/Frameworks/Python3.framework/Versions/3.9/lib/python3.9/urllib/request.py", line 561, in error
    return self._call_chain(*args)
  File "/Library/Developer/CommandLineTools/Library/Frameworks/Python3.framework/Versions/3.9/lib/python3.9/urllib/request.py", line 494, in _call_chain
    result = func(*args)
  File "/Library/Developer/CommandLineTools/Library/Frameworks/Python3.framework/Versions/3.9/lib/python3.9/urllib/request.py", line 641, in http_error_default
    raise HTTPError(req.full_url, code, msg, hdrs, fp)
urllib.error.HTTPError: HTTP Error 429: Too Many Requests

Tailoring resume for: Operations Manager: Lead Growth & Scale - 50k + Bonus at Universal Business Team
Extracting keywords via Gemini Flash...
Traceback (most recent call last):
  File "/Users/openclaw/job-search-agent/resume_tailor.py", line 276, in <module>
    main()
  File "/Users/openclaw/job-search-agent/resume_tailor.py", line 257, in main
    keywords = extract_keywords(job_text, role)
  File "/Users/openclaw/job-search-agent/resume_tailor.py", line 77, in extract_keywords
    response = call_gemini(prompt)
  File "/Users/openclaw/job-search-agent/resume_tailor.py", line 58, in call_gemini
    with urllib.request.urlopen(req, timeout=30) as resp:
  File "/Library/Developer/CommandLineTools/Library/Frameworks/Python3.framework/Versions/3.9/lib/python3.9/urllib/request.py", line 214, in urlopen
    return opener.open(url, data, timeout)
  File "/Library/Developer/CommandLineTools/Library/Frameworks/Python3.framework/Versions/3.9/lib/python3.9/urllib/request.py", line 523, in open
    response = meth(req, response)
  File "/Library/Developer/CommandLineTools/Library/Frameworks/Python3.framework/Versions/3.9/lib/python3.9/urllib/request.py", line 632, in http_response
    response = self.parent.error(
  File "/Library/Developer/CommandLineTools/Library/Frameworks/Python3.framework/Versions/3.9/lib/python3.9/urllib/request.py", line 561, in error
    return self._call_chain(*args)
  File "/Library/Developer/CommandLineTools/Library/Frameworks/Python3.framework/Versions/3.9/lib/python3.9/urllib/request.py", line 494, in _call_chain
    result = func(*args)
  File "/Library/Developer/CommandLineTools/Library/Frameworks/Python3.framework/Versions/3.9/lib/python3.9/urllib/request.py", line 641, in http_error_default
    raise HTTPError(req.full_url, code, msg, hdrs, fp)
urllib.error.HTTPError: HTTP Error 429: Too Many Requests

Tailoring resume for: Logistics Operations Project Manager at Fluidstack
Extracting keywords via Gemini Flash...
Traceback (most recent call last):
  File "/Users/openclaw/job-search-agent/resume_tailor.py", line 276, in <module>
    main()
  File "/Users/openclaw/job-search-agent/resume_tailor.py", line 257, in main
    keywords = extract_keywords(job_text, role)
  File "/Users/openclaw/job-search-agent/resume_tailor.py", line 77, in extract_keywords
    response = call_gemini(prompt)
  File "/Users/openclaw/job-search-agent/resume_tailor.py", line 58, in call_gemini
    with urllib.request.urlopen(req, timeout=30) as resp:
  File "/Library/Developer/CommandLineTools/Library/Frameworks/Python3.framework/Versions/3.9/lib/python3.9/urllib/request.py", line 214, in urlopen
    return opener.open(url, data, timeout)
  File "/Library/Developer/CommandLineTools/Library/Frameworks/Python3.framework/Versions/3.9/lib/python3.9/urllib/request.py", line 523, in open
    response = meth(req, response)
  File "/Library/Developer/CommandLineTools/Library/Frameworks/Python3.framework/Versions/3.9/lib/python3.9/urllib/request.py", line 632, in http_response
    response = self.parent.error(
  File "/Library/Developer/CommandLineTools/Library/Frameworks/Python3.framework/Versions/3.9/lib/python3.9/urllib/request.py", line 561, in error
    return self._call_chain(*args)
  File "/Library/Developer/CommandLineTools/Library/Frameworks/Python3.framework/Versions/3.9/lib/python3.9/urllib/request.py", line 494, in _call_chain
    result = func(*args)
  File "/Library/Developer/CommandLineTools/Library/Frameworks/Python3.framework/Versions/3.9/lib/python3.9/urllib/request.py", line 641, in http_error_default
    raise HTTPError(req.full_url, code, msg, hdrs, fp)
urllib.error.HTTPError: HTTP Error 429: Too Many Requests

Tailoring resume for: Head of Business Operations - Remote at Crypto Pro Network
Extracting keywords via Gemini Flash...
Traceback (most recent call last):
  File "/Users/openclaw/job-search-agent/resume_tailor.py", line 276, in <module>
    main()
  File "/Users/openclaw/job-search-agent/resume_tailor.py", line 257, in main
    keywords = extract_keywords(job_text, role)
  File "/Users/openclaw/job-search-agent/resume_tailor.py", line 77, in extract_keywords
    response = call_gemini(prompt)
  File "/Users/openclaw/job-search-agent/resume_tailor.py", line 58, in call_gemini
    with urllib.request.urlopen(req, timeout=30) as resp:
  File "/Library/Developer/CommandLineTools/Library/Frameworks/Python3.framework/Versions/3.9/lib/python3.9/urllib/request.py", line 214, in urlopen
    return opener.open(url, data, timeout)
  File "/Library/Developer/CommandLineTools/Library/Frameworks/Python3.framework/Versions/3.9/lib/python3.9/urllib/request.py", line 523, in open
    response = meth(req, response)
  File "/Library/Developer/CommandLineTools/Library/Frameworks/Python3.framework/Versions/3.9/lib/python3.9/urllib/request.py", line 632, in http_response
    response = self.parent.error(
  File "/Library/Developer/CommandLineTools/Library/Frameworks/Python3.framework/Versions/3.9/lib/python3.9/urllib/request.py", line 561, in error
    return self._call_chain(*args)
  File "/Library/Developer/CommandLineTools/Library/Frameworks/Python3.framework/Versions/3.9/lib/python3.9/urllib/request.py", line 494, in _call_chain
    result = func(*args)
  File "/Library/Developer/CommandLineTools/Library/Frameworks/Python3.framework/Versions/3.9/lib/python3.9/urllib/request.py", line 641, in http_error_default
    raise HTTPError(req.full_url, code, msg, hdrs, fp)
urllib.error.HTTPError: HTTP Error 429: Too Many Requests

Tailoring resume for: Manager, Enrollment Fulfillment Operations at New York Life
Extracting keywords via Gemini Flash...
Traceback (most recent call last):
  File "/Users/openclaw/job-search-agent/resume_tailor.py", line 276, in <module>
    main()
  File "/Users/openclaw/job-search-agent/resume_tailor.py", line 257, in main
    keywords = extract_keywords(job_text, role)
  File "/Users/openclaw/job-search-agent/resume_tailor.py", line 77, in extract_keywords
    response = call_gemini(prompt)
  File "/Users/openclaw/job-search-agent/resume_tailor.py", line 58, in call_gemini
    with urllib.request.urlopen(req, timeout=30) as resp:
  File "/Library/Developer/CommandLineTools/Library/Frameworks/Python3.framework/Versions/3.9/lib/python3.9/urllib/request.py", line 214, in urlopen
    return opener.open(url, data, timeout)
  File "/Library/Developer/CommandLineTools/Library/Frameworks/Python3.framework/Versions/3.9/lib/python3.9/urllib/request.py", line 523, in open
    response = meth(req, response)
  File "/Library/Developer/CommandLineTools/Library/Frameworks/Python3.framework/Versions/3.9/lib/python3.9/urllib/request.py", line 632, in http_response
    response = self.parent.error(
  File "/Library/Developer/CommandLineTools/Library/Frameworks/Python3.framework/Versions/3.9/lib/python3.9/urllib/request.py", line 561, in error
    return self._call_chain(*args)
  File "/Library/Developer/CommandLineTools/Library/Frameworks/Python3.framework/Versions/3.9/lib/python3.9/urllib/request.py", line 494, in _call_chain
    result = func(*args)
  File "/Library/Developer/CommandLineTools/Library/Frameworks/Python3.framework/Versions/3.9/lib/python3.9/urllib/request.py", line 641, in http_error_default
    raise HTTPError(req.full_url, code, msg, hdrs, fp)
urllib.error.HTTPError: HTTP Error 429: Too Many Requests

Tailoring resume for: Senior Manager, Technology Operations at Walmart
Extracting keywords via Gemini Flash...
Traceback (most recent call last):
  File "/Users/openclaw/job-search-agent/resume_tailor.py", line 276, in <module>
    main()
  File "/Users/openclaw/job-search-agent/resume_tailor.py", line 257, in main
    keywords = extract_keywords(job_text, role)
  File "/Users/openclaw/job-search-agent/resume_tailor.py", line 77, in extract_keywords
    response = call_gemini(prompt)
  File "/Users/openclaw/job-search-agent/resume_tailor.py", line 58, in call_gemini
    with urllib.request.urlopen(req, timeout=30) as resp:
  File "/Library/Developer/CommandLineTools/Library/Frameworks/Python3.framework/Versions/3.9/lib/python3.9/urllib/request.py", line 214, in urlopen
    return opener.open(url, data, timeout)
  File "/Library/Developer/CommandLineTools/Library/Frameworks/Python3.framework/Versions/3.9/lib/python3.9/urllib/request.py", line 523, in open
    response = meth(req, response)
  File "/Library/Developer/CommandLineTools/Library/Frameworks/Python3.framework/Versions/3.9/lib/python3.9/urllib/request.py", line 632, in http_response
    response = self.parent.error(
  File "/Library/Developer/CommandLineTools/Library/Frameworks/Python3.framework/Versions/3.9/lib/python3.9/urllib/request.py", line 561, in error
    return self._call_chain(*args)
  File "/Library/Developer/CommandLineTools/Library/Frameworks/Python3.framework/Versions/3.9/lib/python3.9/urllib/request.py", line 494, in _call_chain
    result = func(*args)
  File "/Library/Developer/CommandLineTools/Library/Frameworks/Python3.framework/Versions/3.9/lib/python3.9/urllib/request.py", line 641, in http_error_default
    raise HTTPError(req.full_url, code, msg, hdrs, fp)
urllib.error.HTTPError: HTTP Error 429: Too Many Requests

Tailoring resume for: Business Operations Manager/Sr Manager - German or French Speaking at Whatnot
Extracting keywords via Gemini Flash...
Traceback (most recent call last):
  File "/Users/openclaw/job-search-agent/resume_tailor.py", line 276, in <module>
    main()
  File "/Users/openclaw/job-search-agent/resume_tailor.py", line 257, in main
    keywords = extract_keywords(job_text, role)
  File "/Users/openclaw/job-search-agent/resume_tailor.py", line 77, in extract_keywords
    response = call_gemini(prompt)
  File "/Users/openclaw/job-search-agent/resume_tailor.py", line 58, in call_gemini
    with urllib.request.urlopen(req, timeout=30) as resp:
  File "/Library/Developer/CommandLineTools/Library/Frameworks/Python3.framework/Versions/3.9/lib/python3.9/urllib/request.py", line 214, in urlopen
    return opener.open(url, data, timeout)
  File "/Library/Developer/CommandLineTools/Library/Frameworks/Python3.framework/Versions/3.9/lib/python3.9/urllib/request.py", line 523, in open
    response = meth(req, response)
  File "/Library/Developer/CommandLineTools/Library/Frameworks/Python3.framework/Versions/3.9/lib/python3.9/urllib/request.py", line 632, in http_response
    response = self.parent.error(
  File "/Library/Developer/CommandLineTools/Library/Frameworks/Python3.framework/Versions/3.9/lib/python3.9/urllib/request.py", line 561, in error
    return self._call_chain(*args)
  File "/Library/Developer/CommandLineTools/Library/Frameworks/Python3.framework/Versions/3.9/lib/python3.9/urllib/request.py", line 494, in _call_chain
    result = func(*args)
  File "/Library/Developer/CommandLineTools/Library/Frameworks/Python3.framework/Versions/3.9/lib/python3.9/urllib/request.py", line 641, in http_error_default
    raise HTTPError(req.full_url, code, msg, hdrs, fp)
urllib.error.HTTPError: HTTP Error 429: Too Many Requests

Tailoring resume for: Strategic Chief of Staff & Ops Leader at Hill Community Development Corporation
Extracting keywords via Gemini Flash...
Traceback (most recent call last):
  File "/Users/openclaw/job-search-agent/resume_tailor.py", line 276, in <module>
    main()
  File "/Users/openclaw/job-search-agent/resume_tailor.py", line 257, in main
    keywords = extract_keywords(job_text, role)
  File "/Users/openclaw/job-search-agent/resume_tailor.py", line 77, in extract_keywords
    response = call_gemini(prompt)
  File "/Users/openclaw/job-search-agent/resume_tailor.py", line 58, in call_gemini
    with urllib.request.urlopen(req, timeout=30) as resp:
  File "/Library/Developer/CommandLineTools/Library/Frameworks/Python3.framework/Versions/3.9/lib/python3.9/urllib/request.py", line 214, in urlopen
    return opener.open(url, data, timeout)
  File "/Library/Developer/CommandLineTools/Library/Frameworks/Python3.framework/Versions/3.9/lib/python3.9/urllib/request.py", line 523, in open
    response = meth(req, response)
  File "/Library/Developer/CommandLineTools/Library/Frameworks/Python3.framework/Versions/3.9/lib/python3.9/urllib/request.py", line 632, in http_response
    response = self.parent.error(
  File "/Library/Developer/CommandLineTools/Library/Frameworks/Python3.framework/Versions/3.9/lib/python3.9/urllib/request.py", line 561, in error
    return self._call_chain(*args)
  File "/Library/Developer/CommandLineTools/Library/Frameworks/Python3.framework/Versions/3.9/lib/python3.9/urllib/request.py", line 494, in _call_chain
    result = func(*args)
  File "/Library/Developer/CommandLineTools/Library/Frameworks/Python3.framework/Versions/3.9/lib/python3.9/urllib/request.py", line 641, in http_error_default
    raise HTTPError(req.full_url, code, msg, hdrs, fp)
urllib.error.HTTPError: HTTP Error 429: Too Many Requests

Tailoring resume for: Ecommerce Manager at Zachys Wine & Liquor
Extracting keywords via Gemini Flash...
Traceback (most recent call last):
  File "/Users/openclaw/job-search-agent/resume_tailor.py", line 276, in <module>
    main()
  File "/Users/openclaw/job-search-agent/resume_tailor.py", line 257, in main
    keywords = extract_keywords(job_text, role)
  File "/Users/openclaw/job-search-agent/resume_tailor.py", line 77, in extract_keywords
    response = call_gemini(prompt)
  File "/Users/openclaw/job-search-agent/resume_tailor.py", line 58, in call_gemini
    with urllib.request.urlopen(req, timeout=30) as resp:
  File "/Library/Developer/CommandLineTools/Library/Frameworks/Python3.framework/Versions/3.9/lib/python3.9/urllib/request.py", line 214, in urlopen
    return opener.open(url, data, timeout)
  File "/Library/Developer/CommandLineTools/Library/Frameworks/Python3.framework/Versions/3.9/lib/python3.9/urllib/request.py", line 523, in open
    response = meth(req, response)
  File "/Library/Developer/CommandLineTools/Library/Frameworks/Python3.framework/Versions/3.9/lib/python3.9/urllib/request.py", line 632, in http_response
    response = self.parent.error(
  File "/Library/Developer/CommandLineTools/Library/Frameworks/Python3.framework/Versions/3.9/lib/python3.9/urllib/request.py", line 561, in error
    return self._call_chain(*args)
  File "/Library/Developer/CommandLineTools/Library/Frameworks/Python3.framework/Versions/3.9/lib/python3.9/urllib/request.py", line 494, in _call_chain
    result = func(*args)
  File "/Library/Developer/CommandLineTools/Library/Frameworks/Python3.framework/Versions/3.9/lib/python3.9/urllib/request.py", line 641, in http_error_default
    raise HTTPError(req.full_url, code, msg, hdrs, fp)
urllib.error.HTTPError: HTTP Error 429: Too Many Requests
=== Tailor complete: 6 tailored, 22 failed at Tue Jun 23 21:47:19 EDT 2026 ===
=== Tailor started: Tue Jun 23 21:50:59 EDT 2026 ===
SKIP (already tailored): Chief of Staff at Cascade at Jack & Jill
SKIP (already tailored): Chief of Staff to the GM of Housing at Flex
SKIP (already tailored): Chief of Staff at Gen Brands in West New York, New Jersey at Disabledperson, Inc

Tailoring resume for: Startup Chief of Staff: Ops Leader for Founders (NY) at Reval
Extracting keywords via Gemini Flash...
Traceback (most recent call last):
  File "/Users/openclaw/job-search-agent/resume_tailor.py", line 282, in <module>
    main()
  File "/Users/openclaw/job-search-agent/resume_tailor.py", line 263, in main
    keywords = extract_keywords(job_text, role)
  File "/Users/openclaw/job-search-agent/resume_tailor.py", line 77, in extract_keywords
    response = call_gemini(prompt)
  File "/Users/openclaw/job-search-agent/resume_tailor.py", line 58, in call_gemini
    with urllib.request.urlopen(req, timeout=30) as resp:
  File "/Library/Developer/CommandLineTools/Library/Frameworks/Python3.framework/Versions/3.9/lib/python3.9/urllib/request.py", line 214, in urlopen
    return opener.open(url, data, timeout)
  File "/Library/Developer/CommandLineTools/Library/Frameworks/Python3.framework/Versions/3.9/lib/python3.9/urllib/request.py", line 523, in open
    response = meth(req, response)
  File "/Library/Developer/CommandLineTools/Library/Frameworks/Python3.framework/Versions/3.9/lib/python3.9/urllib/request.py", line 632, in http_response
    response = self.parent.error(
  File "/Library/Developer/CommandLineTools/Library/Frameworks/Python3.framework/Versions/3.9/lib/python3.9/urllib/request.py", line 561, in error
    return self._call_chain(*args)
  File "/Library/Developer/CommandLineTools/Library/Frameworks/Python3.framework/Versions/3.9/lib/python3.9/urllib/request.py", line 494, in _call_chain
    result = func(*args)
  File "/Library/Developer/CommandLineTools/Library/Frameworks/Python3.framework/Versions/3.9/lib/python3.9/urllib/request.py", line 641, in http_error_default
    raise HTTPError(req.full_url, code, msg, hdrs, fp)
urllib.error.HTTPError: HTTP Error 429: Too Many Requests

Tailoring resume for: Chief of Staff to Tech Founder at Career Group in West New York, New Jersey at Disabledperson, Inc
Extracting keywords via Gemini Flash...
Traceback (most recent call last):
  File "/Users/openclaw/job-search-agent/resume_tailor.py", line 282, in <module>
    main()
  File "/Users/openclaw/job-search-agent/resume_tailor.py", line 263, in main
    keywords = extract_keywords(job_text, role)
  File "/Users/openclaw/job-search-agent/resume_tailor.py", line 77, in extract_keywords
    response = call_gemini(prompt)
  File "/Users/openclaw/job-search-agent/resume_tailor.py", line 58, in call_gemini
    with urllib.request.urlopen(req, timeout=30) as resp:
  File "/Library/Developer/CommandLineTools/Library/Frameworks/Python3.framework/Versions/3.9/lib/python3.9/urllib/request.py", line 214, in urlopen
    return opener.open(url, data, timeout)
  File "/Library/Developer/CommandLineTools/Library/Frameworks/Python3.framework/Versions/3.9/lib/python3.9/urllib/request.py", line 523, in open
    response = meth(req, response)
  File "/Library/Developer/CommandLineTools/Library/Frameworks/Python3.framework/Versions/3.9/lib/python3.9/urllib/request.py", line 632, in http_response
    response = self.parent.error(
  File "/Library/Developer/CommandLineTools/Library/Frameworks/Python3.framework/Versions/3.9/lib/python3.9/urllib/request.py", line 561, in error
    return self._call_chain(*args)
  File "/Library/Developer/CommandLineTools/Library/Frameworks/Python3.framework/Versions/3.9/lib/python3.9/urllib/request.py", line 494, in _call_chain
    result = func(*args)
  File "/Library/Developer/CommandLineTools/Library/Frameworks/Python3.framework/Versions/3.9/lib/python3.9/urllib/request.py", line 641, in http_error_default
    raise HTTPError(req.full_url, code, msg, hdrs, fp)
urllib.error.HTTPError: HTTP Error 429: Too Many Requests

Tailoring resume for: Chief of Staff / Chief Product Officer at Adaptive Security
Extracting keywords via Gemini Flash...
Traceback (most recent call last):
  File "/Users/openclaw/job-search-agent/resume_tailor.py", line 282, in <module>
    main()
  File "/Users/openclaw/job-search-agent/resume_tailor.py", line 263, in main
    keywords = extract_keywords(job_text, role)
  File "/Users/openclaw/job-search-agent/resume_tailor.py", line 77, in extract_keywords
    response = call_gemini(prompt)
  File "/Users/openclaw/job-search-agent/resume_tailor.py", line 58, in call_gemini
    with urllib.request.urlopen(req, timeout=30) as resp:
  File "/Library/Developer/CommandLineTools/Library/Frameworks/Python3.framework/Versions/3.9/lib/python3.9/urllib/request.py", line 214, in urlopen
    return opener.open(url, data, timeout)
  File "/Library/Developer/CommandLineTools/Library/Frameworks/Python3.framework/Versions/3.9/lib/python3.9/urllib/request.py", line 523, in open
    response = meth(req, response)
  File "/Library/Developer/CommandLineTools/Library/Frameworks/Python3.framework/Versions/3.9/lib/python3.9/urllib/request.py", line 632, in http_response
    response = self.parent.error(
  File "/Library/Developer/CommandLineTools/Library/Frameworks/Python3.framework/Versions/3.9/lib/python3.9/urllib/request.py", line 561, in error
    return self._call_chain(*args)
  File "/Library/Developer/CommandLineTools/Library/Frameworks/Python3.framework/Versions/3.9/lib/python3.9/urllib/request.py", line 494, in _call_chain
    result = func(*args)
  File "/Library/Developer/CommandLineTools/Library/Frameworks/Python3.framework/Versions/3.9/lib/python3.9/urllib/request.py", line 641, in http_error_default
    raise HTTPError(req.full_url, code, msg, hdrs, fp)
urllib.error.HTTPError: HTTP Error 429: Too Many Requests

Tailoring resume for: Executive Assistant to the Chief of Staff at DEPARTMENT OF CORRECTION
Extracting keywords via Gemini Flash...
Traceback (most recent call last):
  File "/Users/openclaw/job-search-agent/resume_tailor.py", line 282, in <module>
    main()
  File "/Users/openclaw/job-search-agent/resume_tailor.py", line 263, in main
    keywords = extract_keywords(job_text, role)
  File "/Users/openclaw/job-search-agent/resume_tailor.py", line 77, in extract_keywords
    response = call_gemini(prompt)
  File "/Users/openclaw/job-search-agent/resume_tailor.py", line 58, in call_gemini
    with urllib.request.urlopen(req, timeout=30) as resp:
  File "/Library/Developer/CommandLineTools/Library/Frameworks/Python3.framework/Versions/3.9/lib/python3.9/urllib/request.py", line 214, in urlopen
    return opener.open(url, data, timeout)
  File "/Library/Developer/CommandLineTools/Library/Frameworks/Python3.framework/Versions/3.9/lib/python3.9/urllib/request.py", line 523, in open
    response = meth(req, response)
  File "/Library/Developer/CommandLineTools/Library/Frameworks/Python3.framework/Versions/3.9/lib/python3.9/urllib/request.py", line 632, in http_response
    response = self.parent.error(
  File "/Library/Developer/CommandLineTools/Library/Frameworks/Python3.framework/Versions/3.9/lib/python3.9/urllib/request.py", line 561, in error
    return self._call_chain(*args)
  File "/Library/Developer/CommandLineTools/Library/Frameworks/Python3.framework/Versions/3.9/lib/python3.9/urllib/request.py", line 494, in _call_chain
    result = func(*args)
  File "/Library/Developer/CommandLineTools/Library/Frameworks/Python3.framework/Versions/3.9/lib/python3.9/urllib/request.py", line 641, in http_error_default
    raise HTTPError(req.full_url, code, msg, hdrs, fp)
urllib.error.HTTPError: HTTP Error 429: Too Many Requests

Tailoring resume for: Remote Chief of Staff, Operations & Project Execution at Itlearn360
Extracting keywords via Gemini Flash...
Traceback (most recent call last):
  File "/Users/openclaw/job-search-agent/resume_tailor.py", line 282, in <module>
    main()
  File "/Users/openclaw/job-search-agent/resume_tailor.py", line 263, in main
    keywords = extract_keywords(job_text, role)
  File "/Users/openclaw/job-search-agent/resume_tailor.py", line 77, in extract_keywords
    response = call_gemini(prompt)
  File "/Users/openclaw/job-search-agent/resume_tailor.py", line 58, in call_gemini
    with urllib.request.urlopen(req, timeout=30) as resp:
  File "/Library/Developer/CommandLineTools/Library/Frameworks/Python3.framework/Versions/3.9/lib/python3.9/urllib/request.py", line 214, in urlopen
    return opener.open(url, data, timeout)
  File "/Library/Developer/CommandLineTools/Library/Frameworks/Python3.framework/Versions/3.9/lib/python3.9/urllib/request.py", line 523, in open
    response = meth(req, response)
  File "/Library/Developer/CommandLineTools/Library/Frameworks/Python3.framework/Versions/3.9/lib/python3.9/urllib/request.py", line 632, in http_response
    response = self.parent.error(
  File "/Library/Developer/CommandLineTools/Library/Frameworks/Python3.framework/Versions/3.9/lib/python3.9/urllib/request.py", line 561, in error
    return self._call_chain(*args)
  File "/Library/Developer/CommandLineTools/Library/Frameworks/Python3.framework/Versions/3.9/lib/python3.9/urllib/request.py", line 494, in _call_chain
    result = func(*args)
  File "/Library/Developer/CommandLineTools/Library/Frameworks/Python3.framework/Versions/3.9/lib/python3.9/urllib/request.py", line 641, in http_error_default
    raise HTTPError(req.full_url, code, msg, hdrs, fp)
urllib.error.HTTPError: HTTP Error 429: Too Many Requests
SKIP (already tailored): Ecommerce Operations Manager Fulfillment & Logistics Lead at JC OUTDOOR international
SKIP (already tailored): Associate Manager, Commerce Platform Logistics - Strategy and Operations at DoorDash

Tailoring resume for: Associate Manager Supplier Operations at The New York Times
Extracting keywords via Gemini Flash...
Traceback (most recent call last):
  File "/Users/openclaw/job-search-agent/resume_tailor.py", line 282, in <module>
    main()
  File "/Users/openclaw/job-search-agent/resume_tailor.py", line 263, in main
    keywords = extract_keywords(job_text, role)
  File "/Users/openclaw/job-search-agent/resume_tailor.py", line 77, in extract_keywords
    response = call_gemini(prompt)
  File "/Users/openclaw/job-search-agent/resume_tailor.py", line 58, in call_gemini
    with urllib.request.urlopen(req, timeout=30) as resp:
  File "/Library/Developer/CommandLineTools/Library/Frameworks/Python3.framework/Versions/3.9/lib/python3.9/urllib/request.py", line 214, in urlopen
    return opener.open(url, data, timeout)
  File "/Library/Developer/CommandLineTools/Library/Frameworks/Python3.framework/Versions/3.9/lib/python3.9/urllib/request.py", line 523, in open
    response = meth(req, response)
  File "/Library/Developer/CommandLineTools/Library/Frameworks/Python3.framework/Versions/3.9/lib/python3.9/urllib/request.py", line 632, in http_response
    response = self.parent.error(
  File "/Library/Developer/CommandLineTools/Library/Frameworks/Python3.framework/Versions/3.9/lib/python3.9/urllib/request.py", line 561, in error
    return self._call_chain(*args)
  File "/Library/Developer/CommandLineTools/Library/Frameworks/Python3.framework/Versions/3.9/lib/python3.9/urllib/request.py", line 494, in _call_chain
    result = func(*args)
  File "/Library/Developer/CommandLineTools/Library/Frameworks/Python3.framework/Versions/3.9/lib/python3.9/urllib/request.py", line 641, in http_error_default
    raise HTTPError(req.full_url, code, msg, hdrs, fp)
urllib.error.HTTPError: HTTP Error 429: Too Many Requests

Tailoring resume for: Business Virtual Assistant / E-commerce Operations Manager | Shopify Store & Admin Support at Upwork
Extracting keywords via Gemini Flash...
Traceback (most recent call last):
  File "/Users/openclaw/job-search-agent/resume_tailor.py", line 282, in <module>
    main()
  File "/Users/openclaw/job-search-agent/resume_tailor.py", line 263, in main
    keywords = extract_keywords(job_text, role)
  File "/Users/openclaw/job-search-agent/resume_tailor.py", line 77, in extract_keywords
    response = call_gemini(prompt)
  File "/Users/openclaw/job-search-agent/resume_tailor.py", line 58, in call_gemini
    with urllib.request.urlopen(req, timeout=30) as resp:
  File "/Library/Developer/CommandLineTools/Library/Frameworks/Python3.framework/Versions/3.9/lib/python3.9/urllib/request.py", line 214, in urlopen
    return opener.open(url, data, timeout)
  File "/Library/Developer/CommandLineTools/Library/Frameworks/Python3.framework/Versions/3.9/lib/python3.9/urllib/request.py", line 523, in open
    response = meth(req, response)
  File "/Library/Developer/CommandLineTools/Library/Frameworks/Python3.framework/Versions/3.9/lib/python3.9/urllib/request.py", line 632, in http_response
    response = self.parent.error(
  File "/Library/Developer/CommandLineTools/Library/Frameworks/Python3.framework/Versions/3.9/lib/python3.9/urllib/request.py", line 561, in error
    return self._call_chain(*args)
  File "/Library/Developer/CommandLineTools/Library/Frameworks/Python3.framework/Versions/3.9/lib/python3.9/urllib/request.py", line 494, in _call_chain
    result = func(*args)
  File "/Library/Developer/CommandLineTools/Library/Frameworks/Python3.framework/Versions/3.9/lib/python3.9/urllib/request.py", line 641, in http_error_default
    raise HTTPError(req.full_url, code, msg, hdrs, fp)
urllib.error.HTTPError: HTTP Error 429: Too Many Requests

Tailoring resume for: Amazon Account Manager at Trivium
Extracting keywords via Gemini Flash...
Traceback (most recent call last):
  File "/Users/openclaw/job-search-agent/resume_tailor.py", line 282, in <module>
    main()
  File "/Users/openclaw/job-search-agent/resume_tailor.py", line 263, in main
    keywords = extract_keywords(job_text, role)
  File "/Users/openclaw/job-search-agent/resume_tailor.py", line 77, in extract_keywords
    response = call_gemini(prompt)
  File "/Users/openclaw/job-search-agent/resume_tailor.py", line 58, in call_gemini
    with urllib.request.urlopen(req, timeout=30) as resp:
  File "/Library/Developer/CommandLineTools/Library/Frameworks/Python3.framework/Versions/3.9/lib/python3.9/urllib/request.py", line 214, in urlopen
    return opener.open(url, data, timeout)
  File "/Library/Developer/CommandLineTools/Library/Frameworks/Python3.framework/Versions/3.9/lib/python3.9/urllib/request.py", line 523, in open
    response = meth(req, response)
  File "/Library/Developer/CommandLineTools/Library/Frameworks/Python3.framework/Versions/3.9/lib/python3.9/urllib/request.py", line 632, in http_response
    response = self.parent.error(
  File "/Library/Developer/CommandLineTools/Library/Frameworks/Python3.framework/Versions/3.9/lib/python3.9/urllib/request.py", line 561, in error
    return self._call_chain(*args)
  File "/Library/Developer/CommandLineTools/Library/Frameworks/Python3.framework/Versions/3.9/lib/python3.9/urllib/request.py", line 494, in _call_chain
    result = func(*args)
  File "/Library/Developer/CommandLineTools/Library/Frameworks/Python3.framework/Versions/3.9/lib/python3.9/urllib/request.py", line 641, in http_error_default
    raise HTTPError(req.full_url, code, msg, hdrs, fp)
urllib.error.HTTPError: HTTP Error 429: Too Many Requests

Tailoring resume for: Ecommerce Account Manager / Amazon USA Specialist - Part-time jobs online at frontendnode-production.up.railway.app
Extracting keywords via Gemini Flash...
Traceback (most recent call last):
  File "/Users/openclaw/job-search-agent/resume_tailor.py", line 282, in <module>
    main()
  File "/Users/openclaw/job-search-agent/resume_tailor.py", line 263, in main
    keywords = extract_keywords(job_text, role)
  File "/Users/openclaw/job-search-agent/resume_tailor.py", line 77, in extract_keywords
    response = call_gemini(prompt)
  File "/Users/openclaw/job-search-agent/resume_tailor.py", line 58, in call_gemini
    with urllib.request.urlopen(req, timeout=30) as resp:
  File "/Library/Developer/CommandLineTools/Library/Frameworks/Python3.framework/Versions/3.9/lib/python3.9/urllib/request.py", line 214, in urlopen
    return opener.open(url, data, timeout)
  File "/Library/Developer/CommandLineTools/Library/Frameworks/Python3.framework/Versions/3.9/lib/python3.9/urllib/request.py", line 523, in open
    response = meth(req, response)
  File "/Library/Developer/CommandLineTools/Library/Frameworks/Python3.framework/Versions/3.9/lib/python3.9/urllib/request.py", line 632, in http_response
    response = self.parent.error(
  File "/Library/Developer/CommandLineTools/Library/Frameworks/Python3.framework/Versions/3.9/lib/python3.9/urllib/request.py", line 561, in error
    return self._call_chain(*args)
  File "/Library/Developer/CommandLineTools/Library/Frameworks/Python3.framework/Versions/3.9/lib/python3.9/urllib/request.py", line 494, in _call_chain
    result = func(*args)
  File "/Library/Developer/CommandLineTools/Library/Frameworks/Python3.framework/Versions/3.9/lib/python3.9/urllib/request.py", line 641, in http_error_default
    raise HTTPError(req.full_url, code, msg, hdrs, fp)
urllib.error.HTTPError: HTTP Error 429: Too Many Requests

Tailoring resume for: Agency Operations Director. LilyLifestyle at Ivanka Digital
Extracting keywords via Gemini Flash...
Top ATS keywords: ['Agency Operations', 'Operations Management', 'Strategic Leadership', 'Process Improvement', 'Team Leadership', 'Operational Strategy']

Match score BEFORE tailoring: 100/100
  Already in resume: ['Agency Operations', 'Operations Management', 'Strategic Leadership', 'Process Improvement', 'Team Leadership', 'Operational Strategy']
  Missing: []

Match score AFTER tailoring: 100/100

Tailored resume saved: /Users/openclaw/job-search-agent/resumes/tailored/ivanka-digital_agency-operations-director-lilylifestyle.docx

Tailoring resume for: Sr. Resourcing Operations Manager at MKG Productions, LLC
Extracting keywords via Gemini Flash...
Traceback (most recent call last):
  File "/Users/openclaw/job-search-agent/resume_tailor.py", line 282, in <module>
    main()
  File "/Users/openclaw/job-search-agent/resume_tailor.py", line 263, in main
    keywords = extract_keywords(job_text, role)
  File "/Users/openclaw/job-search-agent/resume_tailor.py", line 77, in extract_keywords
    response = call_gemini(prompt)
  File "/Users/openclaw/job-search-agent/resume_tailor.py", line 58, in call_gemini
    with urllib.request.urlopen(req, timeout=30) as resp:
  File "/Library/Developer/CommandLineTools/Library/Frameworks/Python3.framework/Versions/3.9/lib/python3.9/urllib/request.py", line 214, in urlopen
    return opener.open(url, data, timeout)
  File "/Library/Developer/CommandLineTools/Library/Frameworks/Python3.framework/Versions/3.9/lib/python3.9/urllib/request.py", line 523, in open
    response = meth(req, response)
  File "/Library/Developer/CommandLineTools/Library/Frameworks/Python3.framework/Versions/3.9/lib/python3.9/urllib/request.py", line 632, in http_response
    response = self.parent.error(
  File "/Library/Developer/CommandLineTools/Library/Frameworks/Python3.framework/Versions/3.9/lib/python3.9/urllib/request.py", line 561, in error
    return self._call_chain(*args)
  File "/Library/Developer/CommandLineTools/Library/Frameworks/Python3.framework/Versions/3.9/lib/python3.9/urllib/request.py", line 494, in _call_chain
    result = func(*args)
  File "/Library/Developer/CommandLineTools/Library/Frameworks/Python3.framework/Versions/3.9/lib/python3.9/urllib/request.py", line 641, in http_error_default
    raise HTTPError(req.full_url, code, msg, hdrs, fp)
urllib.error.HTTPError: HTTP Error 429: Too Many Requests
SKIP (already tailored): Operations Manager State Farm Agent Team Member at Edwin Cabral - State Farm Agency

Tailoring resume for: Creative Operations Leader: Scale Systems & Growth at AdHoc Projects
Extracting keywords via Gemini Flash...
Traceback (most recent call last):
  File "/Users/openclaw/job-search-agent/resume_tailor.py", line 282, in <module>
    main()
  File "/Users/openclaw/job-search-agent/resume_tailor.py", line 263, in main
    keywords = extract_keywords(job_text, role)
  File "/Users/openclaw/job-search-agent/resume_tailor.py", line 77, in extract_keywords
    response = call_gemini(prompt)
  File "/Users/openclaw/job-search-agent/resume_tailor.py", line 58, in call_gemini
    with urllib.request.urlopen(req, timeout=30) as resp:
  File "/Library/Developer/CommandLineTools/Library/Frameworks/Python3.framework/Versions/3.9/lib/python3.9/urllib/request.py", line 214, in urlopen
    return opener.open(url, data, timeout)
  File "/Library/Developer/CommandLineTools/Library/Frameworks/Python3.framework/Versions/3.9/lib/python3.9/urllib/request.py", line 523, in open
    response = meth(req, response)
  File "/Library/Developer/CommandLineTools/Library/Frameworks/Python3.framework/Versions/3.9/lib/python3.9/urllib/request.py", line 632, in http_response
    response = self.parent.error(
  File "/Library/Developer/CommandLineTools/Library/Frameworks/Python3.framework/Versions/3.9/lib/python3.9/urllib/request.py", line 561, in error
    return self._call_chain(*args)
  File "/Library/Developer/CommandLineTools/Library/Frameworks/Python3.framework/Versions/3.9/lib/python3.9/urllib/request.py", line 494, in _call_chain
    result = func(*args)
  File "/Library/Developer/CommandLineTools/Library/Frameworks/Python3.framework/Versions/3.9/lib/python3.9/urllib/request.py", line 641, in http_error_default
    raise HTTPError(req.full_url, code, msg, hdrs, fp)
urllib.error.HTTPError: HTTP Error 429: Too Many Requests

Tailoring resume for: Director of Internal Services & Operations at City of New York
Extracting keywords via Gemini Flash...
Traceback (most recent call last):
  File "/Users/openclaw/job-search-agent/resume_tailor.py", line 282, in <module>
    main()
  File "/Users/openclaw/job-search-agent/resume_tailor.py", line 263, in main
    keywords = extract_keywords(job_text, role)
  File "/Users/openclaw/job-search-agent/resume_tailor.py", line 77, in extract_keywords
    response = call_gemini(prompt)
  File "/Users/openclaw/job-search-agent/resume_tailor.py", line 58, in call_gemini
    with urllib.request.urlopen(req, timeout=30) as resp:
  File "/Library/Developer/CommandLineTools/Library/Frameworks/Python3.framework/Versions/3.9/lib/python3.9/urllib/request.py", line 214, in urlopen
    return opener.open(url, data, timeout)
  File "/Library/Developer/CommandLineTools/Library/Frameworks/Python3.framework/Versions/3.9/lib/python3.9/urllib/request.py", line 523, in open
    response = meth(req, response)
  File "/Library/Developer/CommandLineTools/Library/Frameworks/Python3.framework/Versions/3.9/lib/python3.9/urllib/request.py", line 632, in http_response
    response = self.parent.error(
  File "/Library/Developer/CommandLineTools/Library/Frameworks/Python3.framework/Versions/3.9/lib/python3.9/urllib/request.py", line 561, in error
    return self._call_chain(*args)
  File "/Library/Developer/CommandLineTools/Library/Frameworks/Python3.framework/Versions/3.9/lib/python3.9/urllib/request.py", line 494, in _call_chain
    result = func(*args)
  File "/Library/Developer/CommandLineTools/Library/Frameworks/Python3.framework/Versions/3.9/lib/python3.9/urllib/request.py", line 641, in http_error_default
    raise HTTPError(req.full_url, code, msg, hdrs, fp)
urllib.error.HTTPError: HTTP Error 429: Too Many Requests

Tailoring resume for: Court Operations Lead - Remote-First, Data-Driven Leader at Steno Agency, Inc.
Extracting keywords via Gemini Flash...
Traceback (most recent call last):
  File "/Users/openclaw/job-search-agent/resume_tailor.py", line 282, in <module>
    main()
  File "/Users/openclaw/job-search-agent/resume_tailor.py", line 263, in main
    keywords = extract_keywords(job_text, role)
  File "/Users/openclaw/job-search-agent/resume_tailor.py", line 77, in extract_keywords
    response = call_gemini(prompt)
  File "/Users/openclaw/job-search-agent/resume_tailor.py", line 58, in call_gemini
    with urllib.request.urlopen(req, timeout=30) as resp:
  File "/Library/Developer/CommandLineTools/Library/Frameworks/Python3.framework/Versions/3.9/lib/python3.9/urllib/request.py", line 214, in urlopen
    return opener.open(url, data, timeout)
  File "/Library/Developer/CommandLineTools/Library/Frameworks/Python3.framework/Versions/3.9/lib/python3.9/urllib/request.py", line 523, in open
    response = meth(req, response)
  File "/Library/Developer/CommandLineTools/Library/Frameworks/Python3.framework/Versions/3.9/lib/python3.9/urllib/request.py", line 632, in http_response
    response = self.parent.error(
  File "/Library/Developer/CommandLineTools/Library/Frameworks/Python3.framework/Versions/3.9/lib/python3.9/urllib/request.py", line 561, in error
    return self._call_chain(*args)
  File "/Library/Developer/CommandLineTools/Library/Frameworks/Python3.framework/Versions/3.9/lib/python3.9/urllib/request.py", line 494, in _call_chain
    result = func(*args)
  File "/Library/Developer/CommandLineTools/Library/Frameworks/Python3.framework/Versions/3.9/lib/python3.9/urllib/request.py", line 641, in http_error_default
    raise HTTPError(req.full_url, code, msg, hdrs, fp)
urllib.error.HTTPError: HTTP Error 429: Too Many Requests

Tailoring resume for: Operations Manager: Lead Growth & Scale - 50k + Bonus at Universal Business Team
Extracting keywords via Gemini Flash...
Traceback (most recent call last):
  File "/Users/openclaw/job-search-agent/resume_tailor.py", line 282, in <module>
    main()
  File "/Users/openclaw/job-search-agent/resume_tailor.py", line 263, in main
    keywords = extract_keywords(job_text, role)
  File "/Users/openclaw/job-search-agent/resume_tailor.py", line 77, in extract_keywords
    response = call_gemini(prompt)
  File "/Users/openclaw/job-search-agent/resume_tailor.py", line 58, in call_gemini
    with urllib.request.urlopen(req, timeout=30) as resp:
  File "/Library/Developer/CommandLineTools/Library/Frameworks/Python3.framework/Versions/3.9/lib/python3.9/urllib/request.py", line 214, in urlopen
    return opener.open(url, data, timeout)
  File "/Library/Developer/CommandLineTools/Library/Frameworks/Python3.framework/Versions/3.9/lib/python3.9/urllib/request.py", line 523, in open
    response = meth(req, response)
  File "/Library/Developer/CommandLineTools/Library/Frameworks/Python3.framework/Versions/3.9/lib/python3.9/urllib/request.py", line 632, in http_response
    response = self.parent.error(
  File "/Library/Developer/CommandLineTools/Library/Frameworks/Python3.framework/Versions/3.9/lib/python3.9/urllib/request.py", line 561, in error
    return self._call_chain(*args)
  File "/Library/Developer/CommandLineTools/Library/Frameworks/Python3.framework/Versions/3.9/lib/python3.9/urllib/request.py", line 494, in _call_chain
    result = func(*args)
  File "/Library/Developer/CommandLineTools/Library/Frameworks/Python3.framework/Versions/3.9/lib/python3.9/urllib/request.py", line 641, in http_error_default
    raise HTTPError(req.full_url, code, msg, hdrs, fp)
urllib.error.HTTPError: HTTP Error 429: Too Many Requests

Tailoring resume for: Logistics Operations Project Manager at Fluidstack
Extracting keywords via Gemini Flash...
Traceback (most recent call last):
  File "/Users/openclaw/job-search-agent/resume_tailor.py", line 282, in <module>
    main()
  File "/Users/openclaw/job-search-agent/resume_tailor.py", line 263, in main
    keywords = extract_keywords(job_text, role)
  File "/Users/openclaw/job-search-agent/resume_tailor.py", line 77, in extract_keywords
    response = call_gemini(prompt)
  File "/Users/openclaw/job-search-agent/resume_tailor.py", line 58, in call_gemini
    with urllib.request.urlopen(req, timeout=30) as resp:
  File "/Library/Developer/CommandLineTools/Library/Frameworks/Python3.framework/Versions/3.9/lib/python3.9/urllib/request.py", line 214, in urlopen
    return opener.open(url, data, timeout)
  File "/Library/Developer/CommandLineTools/Library/Frameworks/Python3.framework/Versions/3.9/lib/python3.9/urllib/request.py", line 523, in open
    response = meth(req, response)
  File "/Library/Developer/CommandLineTools/Library/Frameworks/Python3.framework/Versions/3.9/lib/python3.9/urllib/request.py", line 632, in http_response
    response = self.parent.error(
  File "/Library/Developer/CommandLineTools/Library/Frameworks/Python3.framework/Versions/3.9/lib/python3.9/urllib/request.py", line 561, in error
    return self._call_chain(*args)
  File "/Library/Developer/CommandLineTools/Library/Frameworks/Python3.framework/Versions/3.9/lib/python3.9/urllib/request.py", line 494, in _call_chain
    result = func(*args)
  File "/Library/Developer/CommandLineTools/Library/Frameworks/Python3.framework/Versions/3.9/lib/python3.9/urllib/request.py", line 641, in http_error_default
    raise HTTPError(req.full_url, code, msg, hdrs, fp)
urllib.error.HTTPError: HTTP Error 429: Too Many Requests

Tailoring resume for: Head of Business Operations - Remote at Crypto Pro Network
Extracting keywords via Gemini Flash...
Traceback (most recent call last):
  File "/Users/openclaw/job-search-agent/resume_tailor.py", line 282, in <module>
    main()
  File "/Users/openclaw/job-search-agent/resume_tailor.py", line 263, in main
    keywords = extract_keywords(job_text, role)
  File "/Users/openclaw/job-search-agent/resume_tailor.py", line 77, in extract_keywords
    response = call_gemini(prompt)
  File "/Users/openclaw/job-search-agent/resume_tailor.py", line 58, in call_gemini
    with urllib.request.urlopen(req, timeout=30) as resp:
  File "/Library/Developer/CommandLineTools/Library/Frameworks/Python3.framework/Versions/3.9/lib/python3.9/urllib/request.py", line 214, in urlopen
    return opener.open(url, data, timeout)
  File "/Library/Developer/CommandLineTools/Library/Frameworks/Python3.framework/Versions/3.9/lib/python3.9/urllib/request.py", line 523, in open
    response = meth(req, response)
  File "/Library/Developer/CommandLineTools/Library/Frameworks/Python3.framework/Versions/3.9/lib/python3.9/urllib/request.py", line 632, in http_response
    response = self.parent.error(
  File "/Library/Developer/CommandLineTools/Library/Frameworks/Python3.framework/Versions/3.9/lib/python3.9/urllib/request.py", line 561, in error
    return self._call_chain(*args)
  File "/Library/Developer/CommandLineTools/Library/Frameworks/Python3.framework/Versions/3.9/lib/python3.9/urllib/request.py", line 494, in _call_chain
    result = func(*args)
  File "/Library/Developer/CommandLineTools/Library/Frameworks/Python3.framework/Versions/3.9/lib/python3.9/urllib/request.py", line 641, in http_error_default
    raise HTTPError(req.full_url, code, msg, hdrs, fp)
urllib.error.HTTPError: HTTP Error 429: Too Many Requests

Tailoring resume for: Manager, Enrollment Fulfillment Operations at New York Life
Extracting keywords via Gemini Flash...
Traceback (most recent call last):
  File "/Users/openclaw/job-search-agent/resume_tailor.py", line 282, in <module>
    main()
  File "/Users/openclaw/job-search-agent/resume_tailor.py", line 263, in main
    keywords = extract_keywords(job_text, role)
  File "/Users/openclaw/job-search-agent/resume_tailor.py", line 77, in extract_keywords
    response = call_gemini(prompt)
  File "/Users/openclaw/job-search-agent/resume_tailor.py", line 58, in call_gemini
    with urllib.request.urlopen(req, timeout=30) as resp:
  File "/Library/Developer/CommandLineTools/Library/Frameworks/Python3.framework/Versions/3.9/lib/python3.9/urllib/request.py", line 214, in urlopen
    return opener.open(url, data, timeout)
  File "/Library/Developer/CommandLineTools/Library/Frameworks/Python3.framework/Versions/3.9/lib/python3.9/urllib/request.py", line 523, in open
    response = meth(req, response)
  File "/Library/Developer/CommandLineTools/Library/Frameworks/Python3.framework/Versions/3.9/lib/python3.9/urllib/request.py", line 632, in http_response
    response = self.parent.error(
  File "/Library/Developer/CommandLineTools/Library/Frameworks/Python3.framework/Versions/3.9/lib/python3.9/urllib/request.py", line 561, in error
    return self._call_chain(*args)
  File "/Library/Developer/CommandLineTools/Library/Frameworks/Python3.framework/Versions/3.9/lib/python3.9/urllib/request.py", line 494, in _call_chain
    result = func(*args)
  File "/Library/Developer/CommandLineTools/Library/Frameworks/Python3.framework/Versions/3.9/lib/python3.9/urllib/request.py", line 641, in http_error_default
    raise HTTPError(req.full_url, code, msg, hdrs, fp)
urllib.error.HTTPError: HTTP Error 429: Too Many Requests

Tailoring resume for: Senior Manager, Technology Operations at Walmart
Extracting keywords via Gemini Flash...
Traceback (most recent call last):
  File "/Users/openclaw/job-search-agent/resume_tailor.py", line 282, in <module>
    main()
  File "/Users/openclaw/job-search-agent/resume_tailor.py", line 263, in main
    keywords = extract_keywords(job_text, role)
  File "/Users/openclaw/job-search-agent/resume_tailor.py", line 77, in extract_keywords
    response = call_gemini(prompt)
  File "/Users/openclaw/job-search-agent/resume_tailor.py", line 58, in call_gemini
    with urllib.request.urlopen(req, timeout=30) as resp:
  File "/Library/Developer/CommandLineTools/Library/Frameworks/Python3.framework/Versions/3.9/lib/python3.9/urllib/request.py", line 214, in urlopen
    return opener.open(url, data, timeout)
  File "/Library/Developer/CommandLineTools/Library/Frameworks/Python3.framework/Versions/3.9/lib/python3.9/urllib/request.py", line 523, in open
    response = meth(req, response)
  File "/Library/Developer/CommandLineTools/Library/Frameworks/Python3.framework/Versions/3.9/lib/python3.9/urllib/request.py", line 632, in http_response
    response = self.parent.error(
  File "/Library/Developer/CommandLineTools/Library/Frameworks/Python3.framework/Versions/3.9/lib/python3.9/urllib/request.py", line 561, in error
    return self._call_chain(*args)
  File "/Library/Developer/CommandLineTools/Library/Frameworks/Python3.framework/Versions/3.9/lib/python3.9/urllib/request.py", line 494, in _call_chain
    result = func(*args)
  File "/Library/Developer/CommandLineTools/Library/Frameworks/Python3.framework/Versions/3.9/lib/python3.9/urllib/request.py", line 641, in http_error_default
    raise HTTPError(req.full_url, code, msg, hdrs, fp)
urllib.error.HTTPError: HTTP Error 429: Too Many Requests

Tailoring resume for: Business Operations Manager/Sr Manager - German or French Speaking at Whatnot
Extracting keywords via Gemini Flash...
Traceback (most recent call last):
  File "/Users/openclaw/job-search-agent/resume_tailor.py", line 282, in <module>
    main()
  File "/Users/openclaw/job-search-agent/resume_tailor.py", line 263, in main
    keywords = extract_keywords(job_text, role)
  File "/Users/openclaw/job-search-agent/resume_tailor.py", line 77, in extract_keywords
    response = call_gemini(prompt)
  File "/Users/openclaw/job-search-agent/resume_tailor.py", line 58, in call_gemini
    with urllib.request.urlopen(req, timeout=30) as resp:
  File "/Library/Developer/CommandLineTools/Library/Frameworks/Python3.framework/Versions/3.9/lib/python3.9/urllib/request.py", line 214, in urlopen
    return opener.open(url, data, timeout)
  File "/Library/Developer/CommandLineTools/Library/Frameworks/Python3.framework/Versions/3.9/lib/python3.9/urllib/request.py", line 523, in open
    response = meth(req, response)
  File "/Library/Developer/CommandLineTools/Library/Frameworks/Python3.framework/Versions/3.9/lib/python3.9/urllib/request.py", line 632, in http_response
    response = self.parent.error(
  File "/Library/Developer/CommandLineTools/Library/Frameworks/Python3.framework/Versions/3.9/lib/python3.9/urllib/request.py", line 561, in error
    return self._call_chain(*args)
  File "/Library/Developer/CommandLineTools/Library/Frameworks/Python3.framework/Versions/3.9/lib/python3.9/urllib/request.py", line 494, in _call_chain
    result = func(*args)
  File "/Library/Developer/CommandLineTools/Library/Frameworks/Python3.framework/Versions/3.9/lib/python3.9/urllib/request.py", line 641, in http_error_default
    raise HTTPError(req.full_url, code, msg, hdrs, fp)
urllib.error.HTTPError: HTTP Error 429: Too Many Requests

Tailoring resume for: Strategic Chief of Staff & Ops Leader at Hill Community Development Corporation
Extracting keywords via Gemini Flash...
Traceback (most recent call last):
  File "/Users/openclaw/job-search-agent/resume_tailor.py", line 282, in <module>
    main()
  File "/Users/openclaw/job-search-agent/resume_tailor.py", line 263, in main
    keywords = extract_keywords(job_text, role)
  File "/Users/openclaw/job-search-agent/resume_tailor.py", line 77, in extract_keywords
    response = call_gemini(prompt)
  File "/Users/openclaw/job-search-agent/resume_tailor.py", line 58, in call_gemini
    with urllib.request.urlopen(req, timeout=30) as resp:
  File "/Library/Developer/CommandLineTools/Library/Frameworks/Python3.framework/Versions/3.9/lib/python3.9/urllib/request.py", line 214, in urlopen
    return opener.open(url, data, timeout)
  File "/Library/Developer/CommandLineTools/Library/Frameworks/Python3.framework/Versions/3.9/lib/python3.9/urllib/request.py", line 523, in open
    response = meth(req, response)
  File "/Library/Developer/CommandLineTools/Library/Frameworks/Python3.framework/Versions/3.9/lib/python3.9/urllib/request.py", line 632, in http_response
    response = self.parent.error(
  File "/Library/Developer/CommandLineTools/Library/Frameworks/Python3.framework/Versions/3.9/lib/python3.9/urllib/request.py", line 561, in error
    return self._call_chain(*args)
  File "/Library/Developer/CommandLineTools/Library/Frameworks/Python3.framework/Versions/3.9/lib/python3.9/urllib/request.py", line 494, in _call_chain
    result = func(*args)
  File "/Library/Developer/CommandLineTools/Library/Frameworks/Python3.framework/Versions/3.9/lib/python3.9/urllib/request.py", line 641, in http_error_default
    raise HTTPError(req.full_url, code, msg, hdrs, fp)
urllib.error.HTTPError: HTTP Error 429: Too Many Requests

Tailoring resume for: Ecommerce Manager at Zachys Wine & Liquor
Extracting keywords via Gemini Flash...
Traceback (most recent call last):
  File "/Users/openclaw/job-search-agent/resume_tailor.py", line 282, in <module>
    main()
  File "/Users/openclaw/job-search-agent/resume_tailor.py", line 263, in main
    keywords = extract_keywords(job_text, role)
  File "/Users/openclaw/job-search-agent/resume_tailor.py", line 77, in extract_keywords
    response = call_gemini(prompt)
  File "/Users/openclaw/job-search-agent/resume_tailor.py", line 58, in call_gemini
    with urllib.request.urlopen(req, timeout=30) as resp:
  File "/Library/Developer/CommandLineTools/Library/Frameworks/Python3.framework/Versions/3.9/lib/python3.9/urllib/request.py", line 214, in urlopen
    return opener.open(url, data, timeout)
  File "/Library/Developer/CommandLineTools/Library/Frameworks/Python3.framework/Versions/3.9/lib/python3.9/urllib/request.py", line 523, in open
    response = meth(req, response)
  File "/Library/Developer/CommandLineTools/Library/Frameworks/Python3.framework/Versions/3.9/lib/python3.9/urllib/request.py", line 632, in http_response
    response = self.parent.error(
  File "/Library/Developer/CommandLineTools/Library/Frameworks/Python3.framework/Versions/3.9/lib/python3.9/urllib/request.py", line 561, in error
    return self._call_chain(*args)
  File "/Library/Developer/CommandLineTools/Library/Frameworks/Python3.framework/Versions/3.9/lib/python3.9/urllib/request.py", line 494, in _call_chain
    result = func(*args)
  File "/Library/Developer/CommandLineTools/Library/Frameworks/Python3.framework/Versions/3.9/lib/python3.9/urllib/request.py", line 641, in http_error_default
    raise HTTPError(req.full_url, code, msg, hdrs, fp)
urllib.error.HTTPError: HTTP Error 429: Too Many Requests
=== Tailor complete: 7 tailored, 21 failed at Tue Jun 23 21:54:29 EDT 2026 ===
=== Run started: Wed Jun 24 03:00:00 EDT 2026 ===
=== Run started: Wed Jun 24 12:31:10 EDT 2026 ===
PATH=/opt/homebrew/bin:/opt/homebrew/sbin:/usr/local/bin:/usr/bin:/bin:/usr/sbin:/sbin
GITLAB_TOKEN=MISSING
--- Running scraper ---
[main 9b46e08] Weekly refresh 2026-06-24
 Committer: OpenClaw <openclaw@Sovereigns-Mac-mini.local>
Your name and email address were configured automatically based
on your username and hostname. Please check that they are accurate.
You can suppress this message by setting them explicitly. Run the
following command and follow the instructions in your editor to edit
your configuration file:

    git config --global --edit

After doing this, you may fix the identity used for this commit with:

    git commit --amend --reset-author

 7 files changed, 139 insertions(+), 11 deletions(-)
[2026-06-24 12:31] ==================================================
[2026-06-24 12:31] Client Acquisition OS — Weekly Refresh
[2026-06-24 12:31] ── JOBS ─────────────────────────────────
[2026-06-24 12:31]   Amazon Account Manager — Remote
[2026-06-24 12:31]     0 results
[2026-06-24 12:31]   Amazon Account Manager — New York
[2026-06-24 12:31]     10 results
[2026-06-24 12:31]   Amazon Brand Manager — Remote
[2026-06-24 12:31]     0 results
[2026-06-24 12:31]   Amazon Brand Manager — New York
[2026-06-24 12:31]     10 results
[2026-06-24 12:31]   Ecommerce Operations Manager — Remote
[2026-06-24 12:31]     0 results
[2026-06-24 12:31]   Ecommerce Operations Manager — New York
[2026-06-24 12:31]     10 results
[2026-06-24 12:31]   Ecommerce Brand Manager — Remote
[2026-06-24 12:31]     0 results
[2026-06-24 12:31]   Ecommerce Brand Manager — New York
[2026-06-24 12:31]     10 results
[2026-06-24 12:31]   DTC Operations Manager — Remote
[2026-06-24 12:32]     0 results
[2026-06-24 12:32]   DTC Operations Manager — New York
[2026-06-24 12:32]     8 results
[2026-06-24 12:32]   Agency Operations Manager — Remote
[2026-06-24 12:32]     0 results
[2026-06-24 12:32]   Agency Operations Manager — New York
[2026-06-24 12:32]     0 results
[2026-06-24 12:32]   Client Services Manager agency — Remote
[2026-06-24 12:32]     0 results
[2026-06-24 12:32]   Client Services Manager agency — New York
[2026-06-24 12:32]     10 results
[2026-06-24 12:32]   Chief of Staff ecommerce — Remote
[2026-06-24 12:32]     0 results
[2026-06-24 12:32]   Chief of Staff ecommerce — New York
[2026-06-24 12:32]     0 results
[2026-06-24 12:32]   Chief of Staff startup — Remote
[2026-06-24 12:32]     0 results
[2026-06-24 12:32]   Chief of Staff startup — New York
[2026-06-24 12:32]     3 results
[2026-06-24 12:32]   Head of Operations ecommerce — Remote
[2026-06-24 12:32]     0 results
[2026-06-24 12:32]   Head of Operations ecommerce — New York
[2026-06-24 12:32]     10 results
[2026-06-24 12:32]   Director of Operations DTC — Remote
[2026-06-24 12:32]     0 results
[2026-06-24 12:32]   Director of Operations DTC — New York
[2026-06-24 12:32]     10 results
[2026-06-24 12:32]     + Growth-Focused Paid Media Manager for DTC E-commerce @ KREWE du optic (New York, NY)
[2026-06-24 12:32]   Marketplace Manager — Remote
[2026-06-24 12:32]     0 results
[2026-06-24 12:32]   Marketplace Manager — New York
[2026-06-24 12:33]     10 results
[2026-06-24 12:33]     + Marketplace Monetization Manager (Remote from US) @ vmysmartpros (Anywhere)
[2026-06-24 12:33]   Wrote 61 jobs to data/jobs.json (2 new)
[2026-06-24 12:33] ── CONTACTS ─────────────────────────────
[2026-06-24 12:33]   site:linkedin.com/in "amazon agency" "founder" operatio...
[2026-06-24 12:33]   site:linkedin.com/in "amazon agency" "co-founder"...
[2026-06-24 12:33]   site:linkedin.com/in "amazon agency" founder CEO...
[2026-06-24 12:33]     + Lee Assoulin — CEO of Stonecutter @ 
[2026-06-24 12:33]   site:linkedin.com/in "ecommerce agency" founder operati...
[2026-06-24 12:33]   site:linkedin.com/in "FBA agency" founder...
[2026-06-24 12:33]   site:linkedin.com/in "amazon seller" founder COO...
[2026-06-24 12:33]   site:linkedin.com/in "amazon brand" founder operations...
[2026-06-24 12:33]   site:linkedin.com/in "amazon marketing agency" founder...
[2026-06-24 12:33]   site:linkedin.com/in "ecommerce operations" founder CEO...
[2026-06-24 12:33]   site:linkedin.com/in "amazon consulting" founder OR co-...
[2026-06-24 12:33]   Added 1 contacts (total 87)
[2026-06-24 12:33] ── DEPLOYING via GitLab ──────────────────
[2026-06-24 12:33]   Pushed to GitLab
[2026-06-24 12:33]   Deployed to Vercel
[2026-06-24 12:33] Done.

Scraper exit code: 0
--- Committing and pushing ---
[main bc8a3d2] Nightly auto-sync 2026-06-24
 Committer: OpenClaw <openclaw@Sovereigns-Mac-mini.local>
Your name and email address were configured automatically based
on your username and hostname. Please check that they are accurate.
You can suppress this message by setting them explicitly. Run the
following command and follow the instructions in your editor to edit
your configuration file:

    git config --global --edit

After doing this, you may fix the identity used for this commit with:

    git commit --amend --reset-author

 2 files changed, 93 insertions(+)
To https://gitlab.com/client-os/client-os.git
   9b46e08..bc8a3d2  main -> main
To https://github.com/angieraja23/client-os.git
   ead6d5f..bc8a3d2  main -> main
Vercel CLI 54.10.2 (Node.js 25.8.0)
Retrieving project…
Deploying angieraja23-9144s-projects/client-acquisition-os
Uploading [--------------------] (0.0B/197.1KB)
Uploading [======--------------] (64.0KB/197.1KB)
Uploading [===========---------] (112.0KB/197.1KB)
Uploading [================----] (160.0KB/197.1KB)
Uploading [====================] (197.1KB/197.1KB)
  Inspect     https://vercel.com/angieraja23-9144s-projects/client-acquisition-os/AZV3Khf5JZYMHV7VF2CzAX9hq1p4
▲ Production  https://client-acquisition-830qqnlvk-angieraja23-9144s-projects.vercel.app
https://client-acquisition-830qqnlvk-angieraja23-9144s-projects.vercel.appBuilding…
Building…
Running build in Washington, D.C., USA (East) – iad1
Build machine configuration: 2 cores, 8 GB
Retrieving list of deployment files...
Previous build caches not available.
Downloading 17 deployment files...
[2K[1A[2K[G▲ Production  https://client-acquisition-830qqnlvk-angieraja23-9144s-projects.vercel.app
Completing…
▲ Aliased     https://clientos.angieraja.com

✓ Ready in 5s
=== Deployed: Wed Jun 24 12:33:55 EDT 2026 ===
--- Running tailor ---
=== Tailor started: Wed Jun 24 12:33:55 EDT 2026 ===
SKIP (already tailored): Chief of Staff at Cascade at Jack & Jill
SKIP (already tailored): Chief of Staff to the GM of Housing at Flex
SKIP (already tailored): Chief of Staff at Gen Brands in West New York, New Jersey at Disabledperson, Inc

Tailoring resume for: Startup Chief of Staff: Ops Leader for Founders (NY) at Reval
Extracting keywords via Gemini Flash...
  Rate limited (503), waiting 30s before retry 2/5
  Rate limited (503), waiting 60s before retry 3/5
Top ATS keywords: ['Chief of Staff', 'Operations Leadership', 'Startup Experience', 'Strategic Planning', 'Cross-functional Collaboration', 'Executive Support']

Match score BEFORE tailoring: 66/100
  Already in resume: ['Operations Leadership', 'Startup Experience', 'Strategic Planning', 'Cross-functional Collaboration']
  Missing: ['Chief of Staff', 'Executive Support']

Match score AFTER tailoring: 100/100

Tailored resume saved: /Users/openclaw/job-search-agent/resumes/tailored/reval_startup-chief-of-staff-ops-leader-for-fo.docx

Tailoring resume for: Chief of Staff to Tech Founder at Career Group in West New York, New Jersey at Disabledperson, Inc
Extracting keywords via Gemini Flash...
  Rate limited (503), waiting 30s before retry 2/5
Top ATS keywords: ['Chief of Staff', 'Strategic Initiatives', 'Operations Management', 'Executive Support', 'Cross-functional Collaboration', 'Project Management']

Match score BEFORE tailoring: 66/100
  Already in resume: ['Strategic Initiatives', 'Operations Management', 'Cross-functional Collaboration', 'Project Management']
  Missing: ['Chief of Staff', 'Executive Support']

Match score AFTER tailoring: 100/100

Tailored resume saved: /Users/openclaw/job-search-agent/resumes/tailored/disabledperson-inc_chief-of-staff-to-tech-founder-at-career.docx

Tailoring resume for: Chief of Staff / Chief Product Officer at Adaptive Security
Extracting keywords via Gemini Flash...
Top ATS keywords: ['Product Strategy', 'Product Management', 'Cross-Functional Leadership', 'Strategic Planning', 'Security Products', 'P&L Responsibility']

Match score BEFORE tailoring: 83/100
  Already in resume: ['Product Strategy', 'Product Management', 'Cross-Functional Leadership', 'Strategic Planning', 'Security Products']
  Missing: ['P&L Responsibility']

Match score AFTER tailoring: 100/100

Tailored resume saved: /Users/openclaw/job-search-agent/resumes/tailored/adaptive-security_chief-of-staff-chief-product-officer.docx

Tailoring resume for: Executive Assistant to the Chief of Staff at DEPARTMENT OF CORRECTION
Extracting keywords via Gemini Flash...
  Rate limited (503), waiting 30s before retry 2/5
  Rate limited (503), waiting 60s before retry 3/5
  Rate limited (503), waiting 90s before retry 4/5
Traceback (most recent call last):
  File "/Users/openclaw/job-search-agent/resume_tailor.py", line 291, in <module>
    main()
  File "/Users/openclaw/job-search-agent/resume_tailor.py", line 272, in main
    keywords = extract_keywords(job_text, role)
  File "/Users/openclaw/job-search-agent/resume_tailor.py", line 90, in extract_keywords
    raise ValueError(f"Could not parse keywords from: {response[:200]}")
ValueError: Could not parse keywords from: ```json
[
  "Executive Support",
  "Calendar Management",
  "Travel Coordination",
  "Meeting Coordination",
  "Confidentiality",
  "Executive Communication"

Tailoring resume for: Remote Chief of Staff, Operations & Project Execution at Itlearn360
Extracting keywords via Gemini Flash...
  Rate limited (503), waiting 30s before retry 2/5
Top ATS keywords: ['Chief of Staff', 'Operations Management', 'Project Execution', 'Strategic Planning', 'Cross-functional Leadership', 'Process Improvement']

Match score BEFORE tailoring: 83/100
  Already in resume: ['Operations Management', 'Project Execution', 'Strategic Planning', 'Cross-functional Leadership', 'Process Improvement']
  Missing: ['Chief of Staff']

Match score AFTER tailoring: 100/100

Tailored resume saved: /Users/openclaw/job-search-agent/resumes/tailored/itlearn360_remote-chief-of-staff-operations-project.docx
SKIP (already tailored): Ecommerce Operations Manager Fulfillment & Logistics Lead at JC OUTDOOR international
SKIP (already tailored): Associate Manager, Commerce Platform Logistics - Strategy and Operations at DoorDash

Tailoring resume for: Associate Manager Supplier Operations at The New York Times
Extracting keywords via Gemini Flash...
  Rate limited (503), waiting 30s before retry 2/5
Top ATS keywords: ['Supplier Management', 'Operations Management', 'Supply Chain', 'Procurement', 'Vendor Relations', 'Contract Management']

Match score BEFORE tailoring: 83/100
  Already in resume: ['Supplier Management', 'Operations Management', 'Supply Chain', 'Vendor Relations', 'Contract Management']
  Missing: ['Procurement']

Match score AFTER tailoring: 100/100

Tailored resume saved: /Users/openclaw/job-search-agent/resumes/tailored/the-new-york-times_associate-manager-supplier-operations.docx

Tailoring resume for: Business Virtual Assistant / E-commerce Operations Manager | Shopify Store & Admin Support at Upwork
Extracting keywords via Gemini Flash...
Top ATS keywords: ['E-commerce Operations', 'Shopify Management', 'Administrative Support', 'Order Fulfillment', 'Product Listing', 'Inventory Management']

Match score BEFORE tailoring: 83/100
  Already in resume: ['E-commerce Operations', 'Shopify Management', 'Order Fulfillment', 'Product Listing', 'Inventory Management']
  Missing: ['Administrative Support']

Match score AFTER tailoring: 100/100

Tailored resume saved: /Users/openclaw/job-search-agent/resumes/tailored/upwork_business-virtual-assistant-e-commerce-op.docx

Tailoring resume for: Amazon Account Manager at Trivium
Extracting keywords via Gemini Flash...
  Rate limited (503), waiting 30s before retry 2/5
  Rate limited (503), waiting 60s before retry 3/5
Top ATS keywords: ['Amazon Seller Central', 'eCommerce Strategy', 'Sales Growth', 'Account Management', 'Product Listing Optimization', 'Inventory Management']

Match score BEFORE tailoring: 100/100
  Already in resume: ['Amazon Seller Central', 'eCommerce Strategy', 'Sales Growth', 'Account Management', 'Product Listing Optimization', 'Inventory Management']
  Missing: []

Match score AFTER tailoring: 100/100

Tailored resume saved: /Users/openclaw/job-search-agent/resumes/tailored/trivium_amazon-account-manager.docx

Tailoring resume for: Ecommerce Account Manager / Amazon USA Specialist - Part-time jobs online at frontendnode-production.up.railway.app
Extracting keywords via Gemini Flash...
  Rate limited (503), waiting 30s before retry 2/5
Top ATS keywords: ['Amazon Seller Central', 'Ecommerce Account Management', 'Amazon FBA', 'Product Listing Optimization', 'Amazon Advertising', 'Sales Growth']

Match score BEFORE tailoring: 100/100
  Already in resume: ['Amazon Seller Central', 'Ecommerce Account Management', 'Amazon FBA', 'Product Listing Optimization', 'Amazon Advertising', 'Sales Growth']
  Missing: []

Match score AFTER tailoring: 100/100

Tailored resume saved: /Users/openclaw/job-search-agent/resumes/tailored/frontendnode-production-up-railway-app_ecommerce-account-manager-amazon-usa-spe.docx
SKIP (already tailored): Agency Operations Director. LilyLifestyle at Ivanka Digital

Tailoring resume for: Sr. Resourcing Operations Manager at MKG Productions, LLC
Extracting keywords via Gemini Flash...
  Rate limited (503), waiting 30s before retry 2/5
  Rate limited (503), waiting 60s before retry 3/5
  Rate limited (503), waiting 90s before retry 4/5
  Rate limited (429), waiting 120s before retry 5/5
Traceback (most recent call last):
  File "/Users/openclaw/job-search-agent/resume_tailor.py", line 291, in <module>
    main()
  File "/Users/openclaw/job-search-agent/resume_tailor.py", line 272, in main
    keywords = extract_keywords(job_text, role)
  File "/Users/openclaw/job-search-agent/resume_tailor.py", line 86, in extract_keywords
    response = call_gemini(prompt)
  File "/Users/openclaw/job-search-agent/resume_tailor.py", line 59, in call_gemini
    with urllib.request.urlopen(req, timeout=30) as resp:
  File "/Library/Developer/CommandLineTools/Library/Frameworks/Python3.framework/Versions/3.9/lib/python3.9/urllib/request.py", line 214, in urlopen
    return opener.open(url, data, timeout)
  File "/Library/Developer/CommandLineTools/Library/Frameworks/Python3.framework/Versions/3.9/lib/python3.9/urllib/request.py", line 523, in open
    response = meth(req, response)
  File "/Library/Developer/CommandLineTools/Library/Frameworks/Python3.framework/Versions/3.9/lib/python3.9/urllib/request.py", line 632, in http_response
    response = self.parent.error(
  File "/Library/Developer/CommandLineTools/Library/Frameworks/Python3.framework/Versions/3.9/lib/python3.9/urllib/request.py", line 561, in error
    return self._call_chain(*args)
  File "/Library/Developer/CommandLineTools/Library/Frameworks/Python3.framework/Versions/3.9/lib/python3.9/urllib/request.py", line 494, in _call_chain
    result = func(*args)
  File "/Library/Developer/CommandLineTools/Library/Frameworks/Python3.framework/Versions/3.9/lib/python3.9/urllib/request.py", line 641, in http_error_default
    raise HTTPError(req.full_url, code, msg, hdrs, fp)
urllib.error.HTTPError: HTTP Error 429: Too Many Requests
SKIP (already tailored): Operations Manager State Farm Agent Team Member at Edwin Cabral - State Farm Agency

Tailoring resume for: Creative Operations Leader: Scale Systems & Growth at AdHoc Projects
Extracting keywords via Gemini Flash...
Top ATS keywords: ['Creative Operations', 'Systems Scaling', 'Growth Strategy', 'Operations Leadership', 'Process Optimization', 'Workflow Management']

Match score BEFORE tailoring: 100/100
  Already in resume: ['Creative Operations', 'Systems Scaling', 'Growth Strategy', 'Operations Leadership', 'Process Optimization', 'Workflow Management']
  Missing: []

Match score AFTER tailoring: 100/100

Tailored resume saved: /Users/openclaw/job-search-agent/resumes/tailored/adhoc-projects_creative-operations-leader-scale-systems.docx

Tailoring resume for: Director of Internal Services & Operations at City of New York
Extracting keywords via Gemini Flash...
  Rate limited (429), waiting 30s before retry 2/5
  Rate limited (429), waiting 60s before retry 3/5
  Rate limited (503), waiting 90s before retry 4/5
  Rate limited (429), waiting 120s before retry 5/5
Traceback (most recent call last):
  File "/Users/openclaw/job-search-agent/resume_tailor.py", line 291, in <module>
    main()
  File "/Users/openclaw/job-search-agent/resume_tailor.py", line 272, in main
    keywords = extract_keywords(job_text, role)
  File "/Users/openclaw/job-search-agent/resume_tailor.py", line 86, in extract_keywords
    response = call_gemini(prompt)
  File "/Users/openclaw/job-search-agent/resume_tailor.py", line 59, in call_gemini
    with urllib.request.urlopen(req, timeout=30) as resp:
  File "/Library/Developer/CommandLineTools/Library/Frameworks/Python3.framework/Versions/3.9/lib/python3.9/urllib/request.py", line 214, in urlopen
    return opener.open(url, data, timeout)
  File "/Library/Developer/CommandLineTools/Library/Frameworks/Python3.framework/Versions/3.9/lib/python3.9/urllib/request.py", line 523, in open
    response = meth(req, response)
  File "/Library/Developer/CommandLineTools/Library/Frameworks/Python3.framework/Versions/3.9/lib/python3.9/urllib/request.py", line 632, in http_response
    response = self.parent.error(
  File "/Library/Developer/CommandLineTools/Library/Frameworks/Python3.framework/Versions/3.9/lib/python3.9/urllib/request.py", line 561, in error
    return self._call_chain(*args)
  File "/Library/Developer/CommandLineTools/Library/Frameworks/Python3.framework/Versions/3.9/lib/python3.9/urllib/request.py", line 494, in _call_chain
    result = func(*args)
  File "/Library/Developer/CommandLineTools/Library/Frameworks/Python3.framework/Versions/3.9/lib/python3.9/urllib/request.py", line 641, in http_error_default
    raise HTTPError(req.full_url, code, msg, hdrs, fp)
urllib.error.HTTPError: HTTP Error 429: Too Many Requests

Tailoring resume for: Court Operations Lead - Remote-First, Data-Driven Leader at Steno Agency, Inc.
Extracting keywords via Gemini Flash...
  Rate limited (429), waiting 30s before retry 2/5
  Rate limited (429), waiting 60s before retry 3/5
  Rate limited (429), waiting 90s before retry 4/5
  Rate limited (429), waiting 120s before retry 5/5
Traceback (most recent call last):
  File "/Users/openclaw/job-search-agent/resume_tailor.py", line 291, in <module>
    main()
  File "/Users/openclaw/job-search-agent/resume_tailor.py", line 272, in main
    keywords = extract_keywords(job_text, role)
  File "/Users/openclaw/job-search-agent/resume_tailor.py", line 86, in extract_keywords
    response = call_gemini(prompt)
  File "/Users/openclaw/job-search-agent/resume_tailor.py", line 59, in call_gemini
    with urllib.request.urlopen(req, timeout=30) as resp:
  File "/Library/Developer/CommandLineTools/Library/Frameworks/Python3.framework/Versions/3.9/lib/python3.9/urllib/request.py", line 214, in urlopen
    return opener.open(url, data, timeout)
  File "/Library/Developer/CommandLineTools/Library/Frameworks/Python3.framework/Versions/3.9/lib/python3.9/urllib/request.py", line 523, in open
    response = meth(req, response)
  File "/Library/Developer/CommandLineTools/Library/Frameworks/Python3.framework/Versions/3.9/lib/python3.9/urllib/request.py", line 632, in http_response
    response = self.parent.error(
  File "/Library/Developer/CommandLineTools/Library/Frameworks/Python3.framework/Versions/3.9/lib/python3.9/urllib/request.py", line 561, in error
    return self._call_chain(*args)
  File "/Library/Developer/CommandLineTools/Library/Frameworks/Python3.framework/Versions/3.9/lib/python3.9/urllib/request.py", line 494, in _call_chain
    result = func(*args)
  File "/Library/Developer/CommandLineTools/Library/Frameworks/Python3.framework/Versions/3.9/lib/python3.9/urllib/request.py", line 641, in http_error_default
    raise HTTPError(req.full_url, code, msg, hdrs, fp)
urllib.error.HTTPError: HTTP Error 429: Too Many Requests

Tailoring resume for: Operations Manager: Lead Growth & Scale - 50k + Bonus at Universal Business Team
Extracting keywords via Gemini Flash...
  Rate limited (429), waiting 30s before retry 2/5
  Rate limited (429), waiting 60s before retry 3/5
  Rate limited (429), waiting 90s before retry 4/5
  Rate limited (429), waiting 120s before retry 5/5
Traceback (most recent call last):
  File "/Users/openclaw/job-search-agent/resume_tailor.py", line 291, in <module>
    main()
  File "/Users/openclaw/job-search-agent/resume_tailor.py", line 272, in main
    keywords = extract_keywords(job_text, role)
  File "/Users/openclaw/job-search-agent/resume_tailor.py", line 86, in extract_keywords
    response = call_gemini(prompt)
  File "/Users/openclaw/job-search-agent/resume_tailor.py", line 59, in call_gemini
    with urllib.request.urlopen(req, timeout=30) as resp:
  File "/Library/Developer/CommandLineTools/Library/Frameworks/Python3.framework/Versions/3.9/lib/python3.9/urllib/request.py", line 214, in urlopen
    return opener.open(url, data, timeout)
  File "/Library/Developer/CommandLineTools/Library/Frameworks/Python3.framework/Versions/3.9/lib/python3.9/urllib/request.py", line 523, in open
    response = meth(req, response)
  File "/Library/Developer/CommandLineTools/Library/Frameworks/Python3.framework/Versions/3.9/lib/python3.9/urllib/request.py", line 632, in http_response
    response = self.parent.error(
  File "/Library/Developer/CommandLineTools/Library/Frameworks/Python3.framework/Versions/3.9/lib/python3.9/urllib/request.py", line 561, in error
    return self._call_chain(*args)
  File "/Library/Developer/CommandLineTools/Library/Frameworks/Python3.framework/Versions/3.9/lib/python3.9/urllib/request.py", line 494, in _call_chain
    result = func(*args)
  File "/Library/Developer/CommandLineTools/Library/Frameworks/Python3.framework/Versions/3.9/lib/python3.9/urllib/request.py", line 641, in http_error_default
    raise HTTPError(req.full_url, code, msg, hdrs, fp)
urllib.error.HTTPError: HTTP Error 429: Too Many Requests

Tailoring resume for: Logistics Operations Project Manager at Fluidstack
Extracting keywords via Gemini Flash...
  Rate limited (429), waiting 30s before retry 2/5
  Rate limited (429), waiting 60s before retry 3/5
  Rate limited (429), waiting 90s before retry 4/5
  Rate limited (429), waiting 120s before retry 5/5
Traceback (most recent call last):
  File "/Users/openclaw/job-search-agent/resume_tailor.py", line 291, in <module>
    main()
  File "/Users/openclaw/job-search-agent/resume_tailor.py", line 272, in main
    keywords = extract_keywords(job_text, role)
  File "/Users/openclaw/job-search-agent/resume_tailor.py", line 86, in extract_keywords
    response = call_gemini(prompt)
  File "/Users/openclaw/job-search-agent/resume_tailor.py", line 59, in call_gemini
    with urllib.request.urlopen(req, timeout=30) as resp:
  File "/Library/Developer/CommandLineTools/Library/Frameworks/Python3.framework/Versions/3.9/lib/python3.9/urllib/request.py", line 214, in urlopen
    return opener.open(url, data, timeout)
  File "/Library/Developer/CommandLineTools/Library/Frameworks/Python3.framework/Versions/3.9/lib/python3.9/urllib/request.py", line 523, in open
    response = meth(req, response)
  File "/Library/Developer/CommandLineTools/Library/Frameworks/Python3.framework/Versions/3.9/lib/python3.9/urllib/request.py", line 632, in http_response
    response = self.parent.error(
  File "/Library/Developer/CommandLineTools/Library/Frameworks/Python3.framework/Versions/3.9/lib/python3.9/urllib/request.py", line 561, in error
    return self._call_chain(*args)
  File "/Library/Developer/CommandLineTools/Library/Frameworks/Python3.framework/Versions/3.9/lib/python3.9/urllib/request.py", line 494, in _call_chain
    result = func(*args)
  File "/Library/Developer/CommandLineTools/Library/Frameworks/Python3.framework/Versions/3.9/lib/python3.9/urllib/request.py", line 641, in http_error_default
    raise HTTPError(req.full_url, code, msg, hdrs, fp)
urllib.error.HTTPError: HTTP Error 429: Too Many Requests

Tailoring resume for: Head of Business Operations - Remote at Crypto Pro Network
Extracting keywords via Gemini Flash...
  Rate limited (429), waiting 30s before retry 2/5
  Rate limited (429), waiting 60s before retry 3/5
  Rate limited (429), waiting 90s before retry 4/5
  Rate limited (429), waiting 120s before retry 5/5
Traceback (most recent call last):
  File "/Users/openclaw/job-search-agent/resume_tailor.py", line 291, in <module>
    main()
  File "/Users/openclaw/job-search-agent/resume_tailor.py", line 272, in main
    keywords = extract_keywords(job_text, role)
  File "/Users/openclaw/job-search-agent/resume_tailor.py", line 86, in extract_keywords
    response = call_gemini(prompt)
  File "/Users/openclaw/job-search-agent/resume_tailor.py", line 59, in call_gemini
    with urllib.request.urlopen(req, timeout=30) as resp:
  File "/Library/Developer/CommandLineTools/Library/Frameworks/Python3.framework/Versions/3.9/lib/python3.9/urllib/request.py", line 214, in urlopen
    return opener.open(url, data, timeout)
  File "/Library/Developer/CommandLineTools/Library/Frameworks/Python3.framework/Versions/3.9/lib/python3.9/urllib/request.py", line 523, in open
    response = meth(req, response)
  File "/Library/Developer/CommandLineTools/Library/Frameworks/Python3.framework/Versions/3.9/lib/python3.9/urllib/request.py", line 632, in http_response
    response = self.parent.error(
  File "/Library/Developer/CommandLineTools/Library/Frameworks/Python3.framework/Versions/3.9/lib/python3.9/urllib/request.py", line 561, in error
    return self._call_chain(*args)
  File "/Library/Developer/CommandLineTools/Library/Frameworks/Python3.framework/Versions/3.9/lib/python3.9/urllib/request.py", line 494, in _call_chain
    result = func(*args)
  File "/Library/Developer/CommandLineTools/Library/Frameworks/Python3.framework/Versions/3.9/lib/python3.9/urllib/request.py", line 641, in http_error_default
    raise HTTPError(req.full_url, code, msg, hdrs, fp)
urllib.error.HTTPError: HTTP Error 429: Too Many Requests

Tailoring resume for: Manager, Enrollment Fulfillment Operations at New York Life
Extracting keywords via Gemini Flash...
  Rate limited (429), waiting 30s before retry 2/5
  Rate limited (429), waiting 60s before retry 3/5
  Rate limited (429), waiting 90s before retry 4/5
  Rate limited (429), waiting 120s before retry 5/5
Traceback (most recent call last):
  File "/Users/openclaw/job-search-agent/resume_tailor.py", line 291, in <module>
    main()
  File "/Users/openclaw/job-search-agent/resume_tailor.py", line 272, in main
    keywords = extract_keywords(job_text, role)
  File "/Users/openclaw/job-search-agent/resume_tailor.py", line 86, in extract_keywords
    response = call_gemini(prompt)
  File "/Users/openclaw/job-search-agent/resume_tailor.py", line 59, in call_gemini
    with urllib.request.urlopen(req, timeout=30) as resp:
  File "/Library/Developer/CommandLineTools/Library/Frameworks/Python3.framework/Versions/3.9/lib/python3.9/urllib/request.py", line 214, in urlopen
    return opener.open(url, data, timeout)
  File "/Library/Developer/CommandLineTools/Library/Frameworks/Python3.framework/Versions/3.9/lib/python3.9/urllib/request.py", line 523, in open
    response = meth(req, response)
  File "/Library/Developer/CommandLineTools/Library/Frameworks/Python3.framework/Versions/3.9/lib/python3.9/urllib/request.py", line 632, in http_response
    response = self.parent.error(
  File "/Library/Developer/CommandLineTools/Library/Frameworks/Python3.framework/Versions/3.9/lib/python3.9/urllib/request.py", line 561, in error
    return self._call_chain(*args)
  File "/Library/Developer/CommandLineTools/Library/Frameworks/Python3.framework/Versions/3.9/lib/python3.9/urllib/request.py", line 494, in _call_chain
    result = func(*args)
  File "/Library/Developer/CommandLineTools/Library/Frameworks/Python3.framework/Versions/3.9/lib/python3.9/urllib/request.py", line 641, in http_error_default
    raise HTTPError(req.full_url, code, msg, hdrs, fp)
urllib.error.HTTPError: HTTP Error 429: Too Many Requests

Tailoring resume for: Senior Manager, Technology Operations at Walmart
Extracting keywords via Gemini Flash...
  Rate limited (429), waiting 30s before retry 2/5
  Rate limited (429), waiting 60s before retry 3/5
  Rate limited (429), waiting 90s before retry 4/5
  Rate limited (429), waiting 120s before retry 5/5
Traceback (most recent call last):
  File "/Users/openclaw/job-search-agent/resume_tailor.py", line 291, in <module>
    main()
  File "/Users/openclaw/job-search-agent/resume_tailor.py", line 272, in main
    keywords = extract_keywords(job_text, role)
  File "/Users/openclaw/job-search-agent/resume_tailor.py", line 86, in extract_keywords
    response = call_gemini(prompt)
  File "/Users/openclaw/job-search-agent/resume_tailor.py", line 59, in call_gemini
    with urllib.request.urlopen(req, timeout=30) as resp:
  File "/Library/Developer/CommandLineTools/Library/Frameworks/Python3.framework/Versions/3.9/lib/python3.9/urllib/request.py", line 214, in urlopen
    return opener.open(url, data, timeout)
  File "/Library/Developer/CommandLineTools/Library/Frameworks/Python3.framework/Versions/3.9/lib/python3.9/urllib/request.py", line 523, in open
    response = meth(req, response)
  File "/Library/Developer/CommandLineTools/Library/Frameworks/Python3.framework/Versions/3.9/lib/python3.9/urllib/request.py", line 632, in http_response
    response = self.parent.error(
  File "/Library/Developer/CommandLineTools/Library/Frameworks/Python3.framework/Versions/3.9/lib/python3.9/urllib/request.py", line 561, in error
    return self._call_chain(*args)
  File "/Library/Developer/CommandLineTools/Library/Frameworks/Python3.framework/Versions/3.9/lib/python3.9/urllib/request.py", line 494, in _call_chain
    result = func(*args)
  File "/Library/Developer/CommandLineTools/Library/Frameworks/Python3.framework/Versions/3.9/lib/python3.9/urllib/request.py", line 641, in http_error_default
    raise HTTPError(req.full_url, code, msg, hdrs, fp)
urllib.error.HTTPError: HTTP Error 429: Too Many Requests

Tailoring resume for: Business Operations Manager/Sr Manager - German or French Speaking at Whatnot
Extracting keywords via Gemini Flash...
  Rate limited (429), waiting 30s before retry 2/5
  Rate limited (429), waiting 60s before retry 3/5
  Rate limited (429), waiting 90s before retry 4/5
  Rate limited (429), waiting 120s before retry 5/5
Traceback (most recent call last):
  File "/Users/openclaw/job-search-agent/resume_tailor.py", line 291, in <module>
    main()
  File "/Users/openclaw/job-search-agent/resume_tailor.py", line 272, in main
    keywords = extract_keywords(job_text, role)
  File "/Users/openclaw/job-search-agent/resume_tailor.py", line 86, in extract_keywords
    response = call_gemini(prompt)
  File "/Users/openclaw/job-search-agent/resume_tailor.py", line 59, in call_gemini
    with urllib.request.urlopen(req, timeout=30) as resp:
  File "/Library/Developer/CommandLineTools/Library/Frameworks/Python3.framework/Versions/3.9/lib/python3.9/urllib/request.py", line 214, in urlopen
    return opener.open(url, data, timeout)
  File "/Library/Developer/CommandLineTools/Library/Frameworks/Python3.framework/Versions/3.9/lib/python3.9/urllib/request.py", line 523, in open
    response = meth(req, response)
  File "/Library/Developer/CommandLineTools/Library/Frameworks/Python3.framework/Versions/3.9/lib/python3.9/urllib/request.py", line 632, in http_response
    response = self.parent.error(
  File "/Library/Developer/CommandLineTools/Library/Frameworks/Python3.framework/Versions/3.9/lib/python3.9/urllib/request.py", line 561, in error
    return self._call_chain(*args)
  File "/Library/Developer/CommandLineTools/Library/Frameworks/Python3.framework/Versions/3.9/lib/python3.9/urllib/request.py", line 494, in _call_chain
    result = func(*args)
  File "/Library/Developer/CommandLineTools/Library/Frameworks/Python3.framework/Versions/3.9/lib/python3.9/urllib/request.py", line 641, in http_error_default
    raise HTTPError(req.full_url, code, msg, hdrs, fp)
urllib.error.HTTPError: HTTP Error 429: Too Many Requests

Tailoring resume for: Strategic Chief of Staff & Ops Leader at Hill Community Development Corporation
Extracting keywords via Gemini Flash...
  Rate limited (429), waiting 30s before retry 2/5
  Rate limited (429), waiting 60s before retry 3/5
  Rate limited (429), waiting 90s before retry 4/5
  Rate limited (429), waiting 120s before retry 5/5
Traceback (most recent call last):
  File "/Users/openclaw/job-search-agent/resume_tailor.py", line 291, in <module>
    main()
  File "/Users/openclaw/job-search-agent/resume_tailor.py", line 272, in main
    keywords = extract_keywords(job_text, role)
  File "/Users/openclaw/job-search-agent/resume_tailor.py", line 86, in extract_keywords
    response = call_gemini(prompt)
  File "/Users/openclaw/job-search-agent/resume_tailor.py", line 59, in call_gemini
    with urllib.request.urlopen(req, timeout=30) as resp:
  File "/Library/Developer/CommandLineTools/Library/Frameworks/Python3.framework/Versions/3.9/lib/python3.9/urllib/request.py", line 214, in urlopen
    return opener.open(url, data, timeout)
  File "/Library/Developer/CommandLineTools/Library/Frameworks/Python3.framework/Versions/3.9/lib/python3.9/urllib/request.py", line 523, in open
    response = meth(req, response)
  File "/Library/Developer/CommandLineTools/Library/Frameworks/Python3.framework/Versions/3.9/lib/python3.9/urllib/request.py", line 632, in http_response
    response = self.parent.error(
  File "/Library/Developer/CommandLineTools/Library/Frameworks/Python3.framework/Versions/3.9/lib/python3.9/urllib/request.py", line 561, in error
    return self._call_chain(*args)
  File "/Library/Developer/CommandLineTools/Library/Frameworks/Python3.framework/Versions/3.9/lib/python3.9/urllib/request.py", line 494, in _call_chain
    result = func(*args)
  File "/Library/Developer/CommandLineTools/Library/Frameworks/Python3.framework/Versions/3.9/lib/python3.9/urllib/request.py", line 641, in http_error_default
    raise HTTPError(req.full_url, code, msg, hdrs, fp)
urllib.error.HTTPError: HTTP Error 429: Too Many Requests

Tailoring resume for: Ecommerce Manager at Zachys Wine & Liquor
Extracting keywords via Gemini Flash...
  Rate limited (429), waiting 30s before retry 2/5
  Rate limited (429), waiting 60s before retry 3/5
  Rate limited (429), waiting 90s before retry 4/5
  Rate limited (429), waiting 120s before retry 5/5
Traceback (most recent call last):
  File "/Users/openclaw/job-search-agent/resume_tailor.py", line 291, in <module>
    main()
  File "/Users/openclaw/job-search-agent/resume_tailor.py", line 272, in main
    keywords = extract_keywords(job_text, role)
  File "/Users/openclaw/job-search-agent/resume_tailor.py", line 86, in extract_keywords
    response = call_gemini(prompt)
  File "/Users/openclaw/job-search-agent/resume_tailor.py", line 59, in call_gemini
    with urllib.request.urlopen(req, timeout=30) as resp:
  File "/Library/Developer/CommandLineTools/Library/Frameworks/Python3.framework/Versions/3.9/lib/python3.9/urllib/request.py", line 214, in urlopen
    return opener.open(url, data, timeout)
  File "/Library/Developer/CommandLineTools/Library/Frameworks/Python3.framework/Versions/3.9/lib/python3.9/urllib/request.py", line 523, in open
    response = meth(req, response)
  File "/Library/Developer/CommandLineTools/Library/Frameworks/Python3.framework/Versions/3.9/lib/python3.9/urllib/request.py", line 632, in http_response
    response = self.parent.error(
  File "/Library/Developer/CommandLineTools/Library/Frameworks/Python3.framework/Versions/3.9/lib/python3.9/urllib/request.py", line 561, in error
    return self._call_chain(*args)
  File "/Library/Developer/CommandLineTools/Library/Frameworks/Python3.framework/Versions/3.9/lib/python3.9/urllib/request.py", line 494, in _call_chain
    result = func(*args)
  File "/Library/Developer/CommandLineTools/Library/Frameworks/Python3.framework/Versions/3.9/lib/python3.9/urllib/request.py", line 641, in http_error_default
    raise HTTPError(req.full_url, code, msg, hdrs, fp)
urllib.error.HTTPError: HTTP Error 429: Too Many Requests

Tailoring resume for: Experienced Amazon Key Account Manager - Driving Sales Growth and Business Excellence in Ecommerce at frontendnode-production.up.railway.app
Extracting keywords via Gemini Flash...
  Rate limited (429), waiting 30s before retry 2/5
  Rate limited (429), waiting 60s before retry 3/5
  Rate limited (429), waiting 90s before retry 4/5
  Rate limited (429), waiting 120s before retry 5/5
Top ATS keywords: ['Amazon', 'Key Account Manager', 'Sales Growth', 'Ecommerce', 'Account Management', 'Business Excellence']

Match score BEFORE tailoring: 83/100
  Already in resume: ['Amazon', 'Key Account Manager', 'Sales Growth', 'Account Management', 'Business Excellence']
  Missing: ['Ecommerce']

Match score AFTER tailoring: 100/100

Tailored resume saved: /Users/openclaw/job-search-agent/resumes/tailored/frontendnode-production-up-railway-app_experienced-amazon-key-account-manager-d.docx

Tailoring resume for: [Remote/WFM] Amazon Account Supervisor at frontendnode-production.up.railway.app
Extracting keywords via Gemini Flash...
  Rate limited (429), waiting 30s before retry 2/5
  Rate limited (429), waiting 60s before retry 3/5
  Rate limited (429), waiting 90s before retry 4/5
  Rate limited (429), waiting 120s before retry 5/5
Traceback (most recent call last):
  File "/Users/openclaw/job-search-agent/resume_tailor.py", line 291, in <module>
    main()
  File "/Users/openclaw/job-search-agent/resume_tailor.py", line 272, in main
    keywords = extract_keywords(job_text, role)
  File "/Users/openclaw/job-search-agent/resume_tailor.py", line 86, in extract_keywords
    response = call_gemini(prompt)
  File "/Users/openclaw/job-search-agent/resume_tailor.py", line 59, in call_gemini
    with urllib.request.urlopen(req, timeout=30) as resp:
  File "/Library/Developer/CommandLineTools/Library/Frameworks/Python3.framework/Versions/3.9/lib/python3.9/urllib/request.py", line 214, in urlopen
    return opener.open(url, data, timeout)
  File "/Library/Developer/CommandLineTools/Library/Frameworks/Python3.framework/Versions/3.9/lib/python3.9/urllib/request.py", line 523, in open
    response = meth(req, response)
  File "/Library/Developer/CommandLineTools/Library/Frameworks/Python3.framework/Versions/3.9/lib/python3.9/urllib/request.py", line 632, in http_response
    response = self.parent.error(
  File "/Library/Developer/CommandLineTools/Library/Frameworks/Python3.framework/Versions/3.9/lib/python3.9/urllib/request.py", line 561, in error
    return self._call_chain(*args)
  File "/Library/Developer/CommandLineTools/Library/Frameworks/Python3.framework/Versions/3.9/lib/python3.9/urllib/request.py", line 494, in _call_chain
    result = func(*args)
  File "/Library/Developer/CommandLineTools/Library/Frameworks/Python3.framework/Versions/3.9/lib/python3.9/urllib/request.py", line 641, in http_error_default
    raise HTTPError(req.full_url, code, msg, hdrs, fp)
urllib.error.HTTPError: HTTP Error 429: Too Many Requests

Tailoring resume for: Senior Amazon Brand Manager — Remote, Revenue Share at GNO Partners
Extracting keywords via Gemini Flash...
  Rate limited (503), waiting 30s before retry 2/5
  Rate limited (429), waiting 60s before retry 3/5
  Rate limited (429), waiting 90s before retry 4/5
  Rate limited (429), waiting 120s before retry 5/5
Traceback (most recent call last):
  File "/Users/openclaw/job-search-agent/resume_tailor.py", line 291, in <module>
    main()
  File "/Users/openclaw/job-search-agent/resume_tailor.py", line 272, in main
    keywords = extract_keywords(job_text, role)
  File "/Users/openclaw/job-search-agent/resume_tailor.py", line 86, in extract_keywords
    response = call_gemini(prompt)
  File "/Users/openclaw/job-search-agent/resume_tailor.py", line 59, in call_gemini
    with urllib.request.urlopen(req, timeout=30) as resp:
  File "/Library/Developer/CommandLineTools/Library/Frameworks/Python3.framework/Versions/3.9/lib/python3.9/urllib/request.py", line 214, in urlopen
    return opener.open(url, data, timeout)
  File "/Library/Developer/CommandLineTools/Library/Frameworks/Python3.framework/Versions/3.9/lib/python3.9/urllib/request.py", line 523, in open
    response = meth(req, response)
  File "/Library/Developer/CommandLineTools/Library/Frameworks/Python3.framework/Versions/3.9/lib/python3.9/urllib/request.py", line 632, in http_response
    response = self.parent.error(
  File "/Library/Developer/CommandLineTools/Library/Frameworks/Python3.framework/Versions/3.9/lib/python3.9/urllib/request.py", line 561, in error
    return self._call_chain(*args)
  File "/Library/Developer/CommandLineTools/Library/Frameworks/Python3.framework/Versions/3.9/lib/python3.9/urllib/request.py", line 494, in _call_chain
    result = func(*args)
  File "/Library/Developer/CommandLineTools/Library/Frameworks/Python3.framework/Versions/3.9/lib/python3.9/urllib/request.py", line 641, in http_error_default
    raise HTTPError(req.full_url, code, msg, hdrs, fp)
urllib.error.HTTPError: HTTP Error 429: Too Many Requests

Tailoring resume for: Brand Manager- Amazon Marketplace (Future Opportunity) at frontendnode-production.up.railway.app
Extracting keywords via Gemini Flash...
  Rate limited (429), waiting 30s before retry 2/5
  Rate limited (429), waiting 60s before retry 3/5
  Rate limited (429), waiting 90s before retry 4/5
  Rate limited (429), waiting 120s before retry 5/5
Traceback (most recent call last):
  File "/Users/openclaw/job-search-agent/resume_tailor.py", line 291, in <module>
    main()
  File "/Users/openclaw/job-search-agent/resume_tailor.py", line 272, in main
    keywords = extract_keywords(job_text, role)
  File "/Users/openclaw/job-search-agent/resume_tailor.py", line 86, in extract_keywords
    response = call_gemini(prompt)
  File "/Users/openclaw/job-search-agent/resume_tailor.py", line 59, in call_gemini
    with urllib.request.urlopen(req, timeout=30) as resp:
  File "/Library/Developer/CommandLineTools/Library/Frameworks/Python3.framework/Versions/3.9/lib/python3.9/urllib/request.py", line 214, in urlopen
    return opener.open(url, data, timeout)
  File "/Library/Developer/CommandLineTools/Library/Frameworks/Python3.framework/Versions/3.9/lib/python3.9/urllib/request.py", line 523, in open
    response = meth(req, response)
  File "/Library/Developer/CommandLineTools/Library/Frameworks/Python3.framework/Versions/3.9/lib/python3.9/urllib/request.py", line 632, in http_response
    response = self.parent.error(
  File "/Library/Developer/CommandLineTools/Library/Frameworks/Python3.framework/Versions/3.9/lib/python3.9/urllib/request.py", line 561, in error
    return self._call_chain(*args)
  File "/Library/Developer/CommandLineTools/Library/Frameworks/Python3.framework/Versions/3.9/lib/python3.9/urllib/request.py", line 494, in _call_chain
    result = func(*args)
  File "/Library/Developer/CommandLineTools/Library/Frameworks/Python3.framework/Versions/3.9/lib/python3.9/urllib/request.py", line 641, in http_error_default
    raise HTTPError(req.full_url, code, msg, hdrs, fp)
urllib.error.HTTPError: HTTP Error 429: Too Many Requests

Tailoring resume for: Amazon Brand Manager at Cartograph
Extracting keywords via Gemini Flash...
  Rate limited (429), waiting 30s before retry 2/5
  Rate limited (429), waiting 60s before retry 3/5
  Rate limited (429), waiting 90s before retry 4/5
  Rate limited (429), waiting 120s before retry 5/5
Traceback (most recent call last):
  File "/Users/openclaw/job-search-agent/resume_tailor.py", line 291, in <module>
    main()
  File "/Users/openclaw/job-search-agent/resume_tailor.py", line 272, in main
    keywords = extract_keywords(job_text, role)
  File "/Users/openclaw/job-search-agent/resume_tailor.py", line 86, in extract_keywords
    response = call_gemini(prompt)
  File "/Users/openclaw/job-search-agent/resume_tailor.py", line 59, in call_gemini
    with urllib.request.urlopen(req, timeout=30) as resp:
  File "/Library/Developer/CommandLineTools/Library/Frameworks/Python3.framework/Versions/3.9/lib/python3.9/urllib/request.py", line 214, in urlopen
    return opener.open(url, data, timeout)
  File "/Library/Developer/CommandLineTools/Library/Frameworks/Python3.framework/Versions/3.9/lib/python3.9/urllib/request.py", line 523, in open
    response = meth(req, response)
  File "/Library/Developer/CommandLineTools/Library/Frameworks/Python3.framework/Versions/3.9/lib/python3.9/urllib/request.py", line 632, in http_response
    response = self.parent.error(
  File "/Library/Developer/CommandLineTools/Library/Frameworks/Python3.framework/Versions/3.9/lib/python3.9/urllib/request.py", line 561, in error
    return self._call_chain(*args)
  File "/Library/Developer/CommandLineTools/Library/Frameworks/Python3.framework/Versions/3.9/lib/python3.9/urllib/request.py", line 494, in _call_chain
    result = func(*args)
  File "/Library/Developer/CommandLineTools/Library/Frameworks/Python3.framework/Versions/3.9/lib/python3.9/urllib/request.py", line 641, in http_error_default
    raise HTTPError(req.full_url, code, msg, hdrs, fp)
urllib.error.HTTPError: HTTP Error 429: Too Many Requests

Tailoring resume for: Remote Senior Amazon Brand Manager - High-Impact Growth at Scale Jet
Extracting keywords via Gemini Flash...
  Rate limited (429), waiting 30s before retry 2/5
  Rate limited (429), waiting 60s before retry 3/5
  Rate limited (429), waiting 90s before retry 4/5
  Rate limited (429), waiting 120s before retry 5/5
Traceback (most recent call last):
  File "/Users/openclaw/job-search-agent/resume_tailor.py", line 291, in <module>
    main()
  File "/Users/openclaw/job-search-agent/resume_tailor.py", line 272, in main
    keywords = extract_keywords(job_text, role)
  File "/Users/openclaw/job-search-agent/resume_tailor.py", line 86, in extract_keywords
    response = call_gemini(prompt)
  File "/Users/openclaw/job-search-agent/resume_tailor.py", line 59, in call_gemini
    with urllib.request.urlopen(req, timeout=30) as resp:
  File "/Library/Developer/CommandLineTools/Library/Frameworks/Python3.framework/Versions/3.9/lib/python3.9/urllib/request.py", line 214, in urlopen
    return opener.open(url, data, timeout)
  File "/Library/Developer/CommandLineTools/Library/Frameworks/Python3.framework/Versions/3.9/lib/python3.9/urllib/request.py", line 523, in open
    response = meth(req, response)
  File "/Library/Developer/CommandLineTools/Library/Frameworks/Python3.framework/Versions/3.9/lib/python3.9/urllib/request.py", line 632, in http_response
    response = self.parent.error(
  File "/Library/Developer/CommandLineTools/Library/Frameworks/Python3.framework/Versions/3.9/lib/python3.9/urllib/request.py", line 561, in error
    return self._call_chain(*args)
  File "/Library/Developer/CommandLineTools/Library/Frameworks/Python3.framework/Versions/3.9/lib/python3.9/urllib/request.py", line 494, in _call_chain
    result = func(*args)
  File "/Library/Developer/CommandLineTools/Library/Frameworks/Python3.framework/Versions/3.9/lib/python3.9/urllib/request.py", line 641, in http_error_default
    raise HTTPError(req.full_url, code, msg, hdrs, fp)
urllib.error.HTTPError: HTTP Error 429: Too Many Requests

Tailoring resume for: Director of Ecommerce at SBH Fashion
Extracting keywords via Gemini Flash...
  Rate limited (429), waiting 30s before retry 2/5
  Rate limited (429), waiting 60s before retry 3/5
  Rate limited (429), waiting 90s before retry 4/5
  Rate limited (429), waiting 120s before retry 5/5
Traceback (most recent call last):
  File "/Users/openclaw/job-search-agent/resume_tailor.py", line 291, in <module>
    main()
  File "/Users/openclaw/job-search-agent/resume_tailor.py", line 272, in main
    keywords = extract_keywords(job_text, role)
  File "/Users/openclaw/job-search-agent/resume_tailor.py", line 86, in extract_keywords
    response = call_gemini(prompt)
  File "/Users/openclaw/job-search-agent/resume_tailor.py", line 59, in call_gemini
    with urllib.request.urlopen(req, timeout=30) as resp:
  File "/Library/Developer/CommandLineTools/Library/Frameworks/Python3.framework/Versions/3.9/lib/python3.9/urllib/request.py", line 214, in urlopen
    return opener.open(url, data, timeout)
  File "/Library/Developer/CommandLineTools/Library/Frameworks/Python3.framework/Versions/3.9/lib/python3.9/urllib/request.py", line 523, in open
    response = meth(req, response)
  File "/Library/Developer/CommandLineTools/Library/Frameworks/Python3.framework/Versions/3.9/lib/python3.9/urllib/request.py", line 632, in http_response
    response = self.parent.error(
  File "/Library/Developer/CommandLineTools/Library/Frameworks/Python3.framework/Versions/3.9/lib/python3.9/urllib/request.py", line 561, in error
    return self._call_chain(*args)
  File "/Library/Developer/CommandLineTools/Library/Frameworks/Python3.framework/Versions/3.9/lib/python3.9/urllib/request.py", line 494, in _call_chain
    result = func(*args)
  File "/Library/Developer/CommandLineTools/Library/Frameworks/Python3.framework/Versions/3.9/lib/python3.9/urllib/request.py", line 641, in http_error_default
    raise HTTPError(req.full_url, code, msg, hdrs, fp)
urllib.error.HTTPError: HTTP Error 429: Too Many Requests

Tailoring resume for: Temp eCommerce Listings & Product Optimization at Dormont Manufacturing Company
Extracting keywords via Gemini Flash...
  Rate limited (429), waiting 30s before retry 2/5
  Rate limited (429), waiting 60s before retry 3/5
  Rate limited (429), waiting 90s before retry 4/5
  Rate limited (429), waiting 120s before retry 5/5
Traceback (most recent call last):
  File "/Users/openclaw/job-search-agent/resume_tailor.py", line 291, in <module>
    main()
  File "/Users/openclaw/job-search-agent/resume_tailor.py", line 272, in main
    keywords = extract_keywords(job_text, role)
  File "/Users/openclaw/job-search-agent/resume_tailor.py", line 86, in extract_keywords
    response = call_gemini(prompt)
  File "/Users/openclaw/job-search-agent/resume_tailor.py", line 59, in call_gemini
    with urllib.request.urlopen(req, timeout=30) as resp:
  File "/Library/Developer/CommandLineTools/Library/Frameworks/Python3.framework/Versions/3.9/lib/python3.9/urllib/request.py", line 214, in urlopen
    return opener.open(url, data, timeout)
  File "/Library/Developer/CommandLineTools/Library/Frameworks/Python3.framework/Versions/3.9/lib/python3.9/urllib/request.py", line 523, in open
    response = meth(req, response)
  File "/Library/Developer/CommandLineTools/Library/Frameworks/Python3.framework/Versions/3.9/lib/python3.9/urllib/request.py", line 632, in http_response
    response = self.parent.error(
  File "/Library/Developer/CommandLineTools/Library/Frameworks/Python3.framework/Versions/3.9/lib/python3.9/urllib/request.py", line 561, in error
    return self._call_chain(*args)
  File "/Library/Developer/CommandLineTools/Library/Frameworks/Python3.framework/Versions/3.9/lib/python3.9/urllib/request.py", line 494, in _call_chain
    result = func(*args)
  File "/Library/Developer/CommandLineTools/Library/Frameworks/Python3.framework/Versions/3.9/lib/python3.9/urllib/request.py", line 641, in http_error_default
    raise HTTPError(req.full_url, code, msg, hdrs, fp)
urllib.error.HTTPError: HTTP Error 429: Too Many Requests

Tailoring resume for: Luxury Brand Ecommerce Project Manager | Global Logistics at VISEO - Spain
Extracting keywords via Gemini Flash...
  Rate limited (429), waiting 30s before retry 2/5
  Rate limited (429), waiting 60s before retry 3/5
  Rate limited (429), waiting 90s before retry 4/5
  Rate limited (429), waiting 120s before retry 5/5
Traceback (most recent call last):
  File "/Users/openclaw/job-search-agent/resume_tailor.py", line 291, in <module>
    main()
  File "/Users/openclaw/job-search-agent/resume_tailor.py", line 272, in main
    keywords = extract_keywords(job_text, role)
  File "/Users/openclaw/job-search-agent/resume_tailor.py", line 86, in extract_keywords
    response = call_gemini(prompt)
  File "/Users/openclaw/job-search-agent/resume_tailor.py", line 59, in call_gemini
    with urllib.request.urlopen(req, timeout=30) as resp:
  File "/Library/Developer/CommandLineTools/Library/Frameworks/Python3.framework/Versions/3.9/lib/python3.9/urllib/request.py", line 214, in urlopen
    return opener.open(url, data, timeout)
  File "/Library/Developer/CommandLineTools/Library/Frameworks/Python3.framework/Versions/3.9/lib/python3.9/urllib/request.py", line 523, in open
    response = meth(req, response)
  File "/Library/Developer/CommandLineTools/Library/Frameworks/Python3.framework/Versions/3.9/lib/python3.9/urllib/request.py", line 632, in http_response
    response = self.parent.error(
  File "/Library/Developer/CommandLineTools/Library/Frameworks/Python3.framework/Versions/3.9/lib/python3.9/urllib/request.py", line 561, in error
    return self._call_chain(*args)
  File "/Library/Developer/CommandLineTools/Library/Frameworks/Python3.framework/Versions/3.9/lib/python3.9/urllib/request.py", line 494, in _call_chain
    result = func(*args)
  File "/Library/Developer/CommandLineTools/Library/Frameworks/Python3.framework/Versions/3.9/lib/python3.9/urllib/request.py", line 641, in http_error_default
    raise HTTPError(req.full_url, code, msg, hdrs, fp)
urllib.error.HTTPError: HTTP Error 429: Too Many Requests

Tailoring resume for: Ecommerce Brand Manager, Specialty Skincare at Church and Dwight Co Inc
Extracting keywords via Gemini Flash...
  Rate limited (429), waiting 30s before retry 2/5
  Rate limited (429), waiting 60s before retry 3/5
  Rate limited (429), waiting 90s before retry 4/5
  Rate limited (429), waiting 120s before retry 5/5
Traceback (most recent call last):
  File "/Users/openclaw/job-search-agent/resume_tailor.py", line 291, in <module>
    main()
  File "/Users/openclaw/job-search-agent/resume_tailor.py", line 272, in main
    keywords = extract_keywords(job_text, role)
  File "/Users/openclaw/job-search-agent/resume_tailor.py", line 86, in extract_keywords
    response = call_gemini(prompt)
  File "/Users/openclaw/job-search-agent/resume_tailor.py", line 59, in call_gemini
    with urllib.request.urlopen(req, timeout=30) as resp:
  File "/Library/Developer/CommandLineTools/Library/Frameworks/Python3.framework/Versions/3.9/lib/python3.9/urllib/request.py", line 214, in urlopen
    return opener.open(url, data, timeout)
  File "/Library/Developer/CommandLineTools/Library/Frameworks/Python3.framework/Versions/3.9/lib/python3.9/urllib/request.py", line 523, in open
    response = meth(req, response)
  File "/Library/Developer/CommandLineTools/Library/Frameworks/Python3.framework/Versions/3.9/lib/python3.9/urllib/request.py", line 632, in http_response
    response = self.parent.error(
  File "/Library/Developer/CommandLineTools/Library/Frameworks/Python3.framework/Versions/3.9/lib/python3.9/urllib/request.py", line 561, in error
    return self._call_chain(*args)
  File "/Library/Developer/CommandLineTools/Library/Frameworks/Python3.framework/Versions/3.9/lib/python3.9/urllib/request.py", line 494, in _call_chain
    result = func(*args)
  File "/Library/Developer/CommandLineTools/Library/Frameworks/Python3.framework/Versions/3.9/lib/python3.9/urllib/request.py", line 641, in http_error_default
    raise HTTPError(req.full_url, code, msg, hdrs, fp)
urllib.error.HTTPError: HTTP Error 429: Too Many Requests

Tailoring resume for: Ecommerce Marketplace Manager at Universal Perfumes & Cosmetics
Extracting keywords via Gemini Flash...
  Rate limited (429), waiting 30s before retry 2/5
  Rate limited (429), waiting 60s before retry 3/5
  Rate limited (429), waiting 90s before retry 4/5
  Rate limited (429), waiting 120s before retry 5/5
Traceback (most recent call last):
  File "/Users/openclaw/job-search-agent/resume_tailor.py", line 291, in <module>
    main()
  File "/Users/openclaw/job-search-agent/resume_tailor.py", line 272, in main
    keywords = extract_keywords(job_text, role)
  File "/Users/openclaw/job-search-agent/resume_tailor.py", line 86, in extract_keywords
    response = call_gemini(prompt)
  File "/Users/openclaw/job-search-agent/resume_tailor.py", line 59, in call_gemini
    with urllib.request.urlopen(req, timeout=30) as resp:
  File "/Library/Developer/CommandLineTools/Library/Frameworks/Python3.framework/Versions/3.9/lib/python3.9/urllib/request.py", line 214, in urlopen
    return opener.open(url, data, timeout)
  File "/Library/Developer/CommandLineTools/Library/Frameworks/Python3.framework/Versions/3.9/lib/python3.9/urllib/request.py", line 523, in open
    response = meth(req, response)
  File "/Library/Developer/CommandLineTools/Library/Frameworks/Python3.framework/Versions/3.9/lib/python3.9/urllib/request.py", line 632, in http_response
    response = self.parent.error(
  File "/Library/Developer/CommandLineTools/Library/Frameworks/Python3.framework/Versions/3.9/lib/python3.9/urllib/request.py", line 561, in error
    return self._call_chain(*args)
  File "/Library/Developer/CommandLineTools/Library/Frameworks/Python3.framework/Versions/3.9/lib/python3.9/urllib/request.py", line 494, in _call_chain
    result = func(*args)
  File "/Library/Developer/CommandLineTools/Library/Frameworks/Python3.framework/Versions/3.9/lib/python3.9/urllib/request.py", line 641, in http_error_default
    raise HTTPError(req.full_url, code, msg, hdrs, fp)
urllib.error.HTTPError: HTTP Error 429: Too Many Requests

Tailoring resume for: Account Manager eCommerce at EssilorLuxottica Group
Extracting keywords via Gemini Flash...
  Rate limited (429), waiting 30s before retry 2/5
  Rate limited (429), waiting 60s before retry 3/5
  Rate limited (429), waiting 90s before retry 4/5
  Rate limited (429), waiting 120s before retry 5/5
Traceback (most recent call last):
  File "/Users/openclaw/job-search-agent/resume_tailor.py", line 291, in <module>
    main()
  File "/Users/openclaw/job-search-agent/resume_tailor.py", line 272, in main
    keywords = extract_keywords(job_text, role)
  File "/Users/openclaw/job-search-agent/resume_tailor.py", line 86, in extract_keywords
    response = call_gemini(prompt)
  File "/Users/openclaw/job-search-agent/resume_tailor.py", line 59, in call_gemini
    with urllib.request.urlopen(req, timeout=30) as resp:
  File "/Library/Developer/CommandLineTools/Library/Frameworks/Python3.framework/Versions/3.9/lib/python3.9/urllib/request.py", line 214, in urlopen
    return opener.open(url, data, timeout)
  File "/Library/Developer/CommandLineTools/Library/Frameworks/Python3.framework/Versions/3.9/lib/python3.9/urllib/request.py", line 523, in open
    response = meth(req, response)
  File "/Library/Developer/CommandLineTools/Library/Frameworks/Python3.framework/Versions/3.9/lib/python3.9/urllib/request.py", line 632, in http_response
    response = self.parent.error(
  File "/Library/Developer/CommandLineTools/Library/Frameworks/Python3.framework/Versions/3.9/lib/python3.9/urllib/request.py", line 561, in error
    return self._call_chain(*args)
  File "/Library/Developer/CommandLineTools/Library/Frameworks/Python3.framework/Versions/3.9/lib/python3.9/urllib/request.py", line 494, in _call_chain
    result = func(*args)
  File "/Library/Developer/CommandLineTools/Library/Frameworks/Python3.framework/Versions/3.9/lib/python3.9/urllib/request.py", line 641, in http_error_default
    raise HTTPError(req.full_url, code, msg, hdrs, fp)
urllib.error.HTTPError: HTTP Error 429: Too Many Requests

Tailoring resume for: Ecommerce Growth Manager — Shopify & Marketplaces at Sbhonline
Extracting keywords via Gemini Flash...
  Rate limited (429), waiting 30s before retry 2/5
  Rate limited (429), waiting 60s before retry 3/5
  Rate limited (429), waiting 90s before retry 4/5
  Rate limited (429), waiting 120s before retry 5/5
Traceback (most recent call last):
  File "/Users/openclaw/job-search-agent/resume_tailor.py", line 291, in <module>
    main()
  File "/Users/openclaw/job-search-agent/resume_tailor.py", line 272, in main
    keywords = extract_keywords(job_text, role)
  File "/Users/openclaw/job-search-agent/resume_tailor.py", line 86, in extract_keywords
    response = call_gemini(prompt)
  File "/Users/openclaw/job-search-agent/resume_tailor.py", line 59, in call_gemini
    with urllib.request.urlopen(req, timeout=30) as resp:
  File "/Library/Developer/CommandLineTools/Library/Frameworks/Python3.framework/Versions/3.9/lib/python3.9/urllib/request.py", line 214, in urlopen
    return opener.open(url, data, timeout)
  File "/Library/Developer/CommandLineTools/Library/Frameworks/Python3.framework/Versions/3.9/lib/python3.9/urllib/request.py", line 523, in open
    response = meth(req, response)
  File "/Library/Developer/CommandLineTools/Library/Frameworks/Python3.framework/Versions/3.9/lib/python3.9/urllib/request.py", line 632, in http_response
    response = self.parent.error(
  File "/Library/Developer/CommandLineTools/Library/Frameworks/Python3.framework/Versions/3.9/lib/python3.9/urllib/request.py", line 561, in error
    return self._call_chain(*args)
  File "/Library/Developer/CommandLineTools/Library/Frameworks/Python3.framework/Versions/3.9/lib/python3.9/urllib/request.py", line 494, in _call_chain
    result = func(*args)
  File "/Library/Developer/CommandLineTools/Library/Frameworks/Python3.framework/Versions/3.9/lib/python3.9/urllib/request.py", line 641, in http_error_default
    raise HTTPError(req.full_url, code, msg, hdrs, fp)
urllib.error.HTTPError: HTTP Error 429: Too Many Requests

Tailoring resume for: eCommerce Marketplace Manager (Amazon & Walmart) at Raycon Inc.
Extracting keywords via Gemini Flash...
  Rate limited (429), waiting 30s before retry 2/5
  Rate limited (429), waiting 60s before retry 3/5
  Rate limited (429), waiting 90s before retry 4/5
  Rate limited (429), waiting 120s before retry 5/5
Traceback (most recent call last):
  File "/Users/openclaw/job-search-agent/resume_tailor.py", line 291, in <module>
    main()
  File "/Users/openclaw/job-search-agent/resume_tailor.py", line 272, in main
    keywords = extract_keywords(job_text, role)
  File "/Users/openclaw/job-search-agent/resume_tailor.py", line 86, in extract_keywords
    response = call_gemini(prompt)
  File "/Users/openclaw/job-search-agent/resume_tailor.py", line 59, in call_gemini
    with urllib.request.urlopen(req, timeout=30) as resp:
  File "/Library/Developer/CommandLineTools/Library/Frameworks/Python3.framework/Versions/3.9/lib/python3.9/urllib/request.py", line 214, in urlopen
    return opener.open(url, data, timeout)
  File "/Library/Developer/CommandLineTools/Library/Frameworks/Python3.framework/Versions/3.9/lib/python3.9/urllib/request.py", line 523, in open
    response = meth(req, response)
  File "/Library/Developer/CommandLineTools/Library/Frameworks/Python3.framework/Versions/3.9/lib/python3.9/urllib/request.py", line 632, in http_response
    response = self.parent.error(
  File "/Library/Developer/CommandLineTools/Library/Frameworks/Python3.framework/Versions/3.9/lib/python3.9/urllib/request.py", line 561, in error
    return self._call_chain(*args)
  File "/Library/Developer/CommandLineTools/Library/Frameworks/Python3.framework/Versions/3.9/lib/python3.9/urllib/request.py", line 494, in _call_chain
    result = func(*args)
  File "/Library/Developer/CommandLineTools/Library/Frameworks/Python3.framework/Versions/3.9/lib/python3.9/urllib/request.py", line 641, in http_error_default
    raise HTTPError(req.full_url, code, msg, hdrs, fp)
urllib.error.HTTPError: HTTP Error 429: Too Many Requests

Tailoring resume for: Luxury Omnichannel Operations Lead for DTC at KHAITE
Extracting keywords via Gemini Flash...
  Rate limited (429), waiting 30s before retry 2/5
  Rate limited (429), waiting 60s before retry 3/5
  Rate limited (429), waiting 90s before retry 4/5
  Rate limited (429), waiting 120s before retry 5/5
Traceback (most recent call last):
  File "/Users/openclaw/job-search-agent/resume_tailor.py", line 291, in <module>
    main()
  File "/Users/openclaw/job-search-agent/resume_tailor.py", line 272, in main
    keywords = extract_keywords(job_text, role)
  File "/Users/openclaw/job-search-agent/resume_tailor.py", line 86, in extract_keywords
    response = call_gemini(prompt)
  File "/Users/openclaw/job-search-agent/resume_tailor.py", line 59, in call_gemini
    with urllib.request.urlopen(req, timeout=30) as resp:
  File "/Library/Developer/CommandLineTools/Library/Frameworks/Python3.framework/Versions/3.9/lib/python3.9/urllib/request.py", line 214, in urlopen
    return opener.open(url, data, timeout)
  File "/Library/Developer/CommandLineTools/Library/Frameworks/Python3.framework/Versions/3.9/lib/python3.9/urllib/request.py", line 523, in open
    response = meth(req, response)
  File "/Library/Developer/CommandLineTools/Library/Frameworks/Python3.framework/Versions/3.9/lib/python3.9/urllib/request.py", line 632, in http_response
    response = self.parent.error(
  File "/Library/Developer/CommandLineTools/Library/Frameworks/Python3.framework/Versions/3.9/lib/python3.9/urllib/request.py", line 561, in error
    return self._call_chain(*args)
  File "/Library/Developer/CommandLineTools/Library/Frameworks/Python3.framework/Versions/3.9/lib/python3.9/urllib/request.py", line 494, in _call_chain
    result = func(*args)
  File "/Library/Developer/CommandLineTools/Library/Frameworks/Python3.framework/Versions/3.9/lib/python3.9/urllib/request.py", line 641, in http_error_default
    raise HTTPError(req.full_url, code, msg, hdrs, fp)
urllib.error.HTTPError: HTTP Error 429: Too Many Requests

Tailoring resume for: Director - DTC Partner Operations, MS at Versant Media, LLC
Extracting keywords via Gemini Flash...
  Rate limited (429), waiting 30s before retry 2/5
  Rate limited (429), waiting 60s before retry 3/5
  Rate limited (429), waiting 90s before retry 4/5
  Rate limited (429), waiting 120s before retry 5/5
Traceback (most recent call last):
  File "/Users/openclaw/job-search-agent/resume_tailor.py", line 291, in <module>
    main()
  File "/Users/openclaw/job-search-agent/resume_tailor.py", line 272, in main
    keywords = extract_keywords(job_text, role)
  File "/Users/openclaw/job-search-agent/resume_tailor.py", line 86, in extract_keywords
    response = call_gemini(prompt)
  File "/Users/openclaw/job-search-agent/resume_tailor.py", line 59, in call_gemini
    with urllib.request.urlopen(req, timeout=30) as resp:
  File "/Library/Developer/CommandLineTools/Library/Frameworks/Python3.framework/Versions/3.9/lib/python3.9/urllib/request.py", line 214, in urlopen
    return opener.open(url, data, timeout)
  File "/Library/Developer/CommandLineTools/Library/Frameworks/Python3.framework/Versions/3.9/lib/python3.9/urllib/request.py", line 523, in open
    response = meth(req, response)
  File "/Library/Developer/CommandLineTools/Library/Frameworks/Python3.framework/Versions/3.9/lib/python3.9/urllib/request.py", line 632, in http_response
    response = self.parent.error(
  File "/Library/Developer/CommandLineTools/Library/Frameworks/Python3.framework/Versions/3.9/lib/python3.9/urllib/request.py", line 561, in error
    return self._call_chain(*args)
  File "/Library/Developer/CommandLineTools/Library/Frameworks/Python3.framework/Versions/3.9/lib/python3.9/urllib/request.py", line 494, in _call_chain
    result = func(*args)
  File "/Library/Developer/CommandLineTools/Library/Frameworks/Python3.framework/Versions/3.9/lib/python3.9/urllib/request.py", line 641, in http_error_default
    raise HTTPError(req.full_url, code, msg, hdrs, fp)
urllib.error.HTTPError: HTTP Error 429: Too Many Requests

Tailoring resume for: Director of Customer Operations - Fast Growing DTC Brand Supplements 35 at MNY Ventures
Extracting keywords via Gemini Flash...
  Rate limited (429), waiting 30s before retry 2/5
  Rate limited (429), waiting 60s before retry 3/5
  Rate limited (429), waiting 90s before retry 4/5
  Rate limited (429), waiting 120s before retry 5/5
Traceback (most recent call last):
  File "/Users/openclaw/job-search-agent/resume_tailor.py", line 291, in <module>
    main()
  File "/Users/openclaw/job-search-agent/resume_tailor.py", line 272, in main
    keywords = extract_keywords(job_text, role)
  File "/Users/openclaw/job-search-agent/resume_tailor.py", line 86, in extract_keywords
    response = call_gemini(prompt)
  File "/Users/openclaw/job-search-agent/resume_tailor.py", line 59, in call_gemini
    with urllib.request.urlopen(req, timeout=30) as resp:
  File "/Library/Developer/CommandLineTools/Library/Frameworks/Python3.framework/Versions/3.9/lib/python3.9/urllib/request.py", line 214, in urlopen
    return opener.open(url, data, timeout)
  File "/Library/Developer/CommandLineTools/Library/Frameworks/Python3.framework/Versions/3.9/lib/python3.9/urllib/request.py", line 523, in open
    response = meth(req, response)
  File "/Library/Developer/CommandLineTools/Library/Frameworks/Python3.framework/Versions/3.9/lib/python3.9/urllib/request.py", line 632, in http_response
    response = self.parent.error(
  File "/Library/Developer/CommandLineTools/Library/Frameworks/Python3.framework/Versions/3.9/lib/python3.9/urllib/request.py", line 561, in error
    return self._call_chain(*args)
  File "/Library/Developer/CommandLineTools/Library/Frameworks/Python3.framework/Versions/3.9/lib/python3.9/urllib/request.py", line 494, in _call_chain
    result = func(*args)
  File "/Library/Developer/CommandLineTools/Library/Frameworks/Python3.framework/Versions/3.9/lib/python3.9/urllib/request.py", line 641, in http_error_default
    raise HTTPError(req.full_url, code, msg, hdrs, fp)
urllib.error.HTTPError: HTTP Error 429: Too Many Requests

Tailoring resume for: DTC Subscription Pricing & Growth Lead at Warner Bros. Discovery
Extracting keywords via Gemini Flash...
  Rate limited (429), waiting 30s before retry 2/5
  Rate limited (429), waiting 60s before retry 3/5
  Rate limited (429), waiting 90s before retry 4/5
  Rate limited (429), waiting 120s before retry 5/5
Traceback (most recent call last):
  File "/Users/openclaw/job-search-agent/resume_tailor.py", line 291, in <module>
    main()
  File "/Users/openclaw/job-search-agent/resume_tailor.py", line 272, in main
    keywords = extract_keywords(job_text, role)
  File "/Users/openclaw/job-search-agent/resume_tailor.py", line 86, in extract_keywords
    response = call_gemini(prompt)
  File "/Users/openclaw/job-search-agent/resume_tailor.py", line 59, in call_gemini
    with urllib.request.urlopen(req, timeout=30) as resp:
  File "/Library/Developer/CommandLineTools/Library/Frameworks/Python3.framework/Versions/3.9/lib/python3.9/urllib/request.py", line 214, in urlopen
    return opener.open(url, data, timeout)
  File "/Library/Developer/CommandLineTools/Library/Frameworks/Python3.framework/Versions/3.9/lib/python3.9/urllib/request.py", line 523, in open
    response = meth(req, response)
  File "/Library/Developer/CommandLineTools/Library/Frameworks/Python3.framework/Versions/3.9/lib/python3.9/urllib/request.py", line 632, in http_response
    response = self.parent.error(
  File "/Library/Developer/CommandLineTools/Library/Frameworks/Python3.framework/Versions/3.9/lib/python3.9/urllib/request.py", line 561, in error
    return self._call_chain(*args)
  File "/Library/Developer/CommandLineTools/Library/Frameworks/Python3.framework/Versions/3.9/lib/python3.9/urllib/request.py", line 494, in _call_chain
    result = func(*args)
  File "/Library/Developer/CommandLineTools/Library/Frameworks/Python3.framework/Versions/3.9/lib/python3.9/urllib/request.py", line 641, in http_error_default
    raise HTTPError(req.full_url, code, msg, hdrs, fp)
urllib.error.HTTPError: HTTP Error 429: Too Many Requests

Tailoring resume for: Integrated Marketing Manager - High Growth DTC Brand 35 at MNY Ventures
Extracting keywords via Gemini Flash...
  Rate limited (429), waiting 30s before retry 2/5
  Rate limited (429), waiting 60s before retry 3/5
  Rate limited (429), waiting 90s before retry 4/5
  Rate limited (429), waiting 120s before retry 5/5
Traceback (most recent call last):
  File "/Users/openclaw/job-search-agent/resume_tailor.py", line 291, in <module>
    main()
  File "/Users/openclaw/job-search-agent/resume_tailor.py", line 272, in main
    keywords = extract_keywords(job_text, role)
  File "/Users/openclaw/job-search-agent/resume_tailor.py", line 86, in extract_keywords
    response = call_gemini(prompt)
  File "/Users/openclaw/job-search-agent/resume_tailor.py", line 59, in call_gemini
    with urllib.request.urlopen(req, timeout=30) as resp:
  File "/Library/Developer/CommandLineTools/Library/Frameworks/Python3.framework/Versions/3.9/lib/python3.9/urllib/request.py", line 214, in urlopen
    return opener.open(url, data, timeout)
  File "/Library/Developer/CommandLineTools/Library/Frameworks/Python3.framework/Versions/3.9/lib/python3.9/urllib/request.py", line 523, in open
    response = meth(req, response)
  File "/Library/Developer/CommandLineTools/Library/Frameworks/Python3.framework/Versions/3.9/lib/python3.9/urllib/request.py", line 632, in http_response
    response = self.parent.error(
  File "/Library/Developer/CommandLineTools/Library/Frameworks/Python3.framework/Versions/3.9/lib/python3.9/urllib/request.py", line 561, in error
    return self._call_chain(*args)
  File "/Library/Developer/CommandLineTools/Library/Frameworks/Python3.framework/Versions/3.9/lib/python3.9/urllib/request.py", line 494, in _call_chain
    result = func(*args)
  File "/Library/Developer/CommandLineTools/Library/Frameworks/Python3.framework/Versions/3.9/lib/python3.9/urllib/request.py", line 641, in http_error_default
    raise HTTPError(req.full_url, code, msg, hdrs, fp)
urllib.error.HTTPError: HTTP Error 429: Too Many Requests
=== Run started: Wed Jun 24 16:32:14 EDT 2026 ===
PATH=/opt/homebrew/bin:/opt/homebrew/sbin:/usr/local/bin:/usr/bin:/bin:/usr/sbin:/sbin
GITLAB_TOKEN=MISSING
--- Running scraper ---
[2026-06-24 16:32] ==================================================
[2026-06-24 16:32] Client Acquisition OS — Weekly Refresh
[2026-06-24 16:32] ── JOBS ─────────────────────────────────
[2026-06-24 16:32]   Amazon Account Manager — Remote
[2026-06-24 16:32]     0 results
[2026-06-24 16:32]   Amazon Account Manager — New York
[2026-06-24 16:32]     10 results
[2026-06-24 16:32]   Amazon Brand Manager — Remote
[2026-06-24 16:32]     0 results
[2026-06-24 16:32]   Amazon Brand Manager — New York
[2026-06-24 16:32]     10 results
[2026-06-24 16:32]   Senior Amazon Brand Manager — Remote
[2026-06-24 16:32]     0 results
[2026-06-24 16:32]   Senior Amazon Brand Manager — New York
[2026-06-24 16:32]     10 results
[2026-06-24 16:32]   Amazon Marketplace Manager — Remote
[2026-06-24 16:32]     0 results
[2026-06-24 16:32]   Amazon Marketplace Manager — New York
[2026-06-24 16:32]     10 results
[2026-06-24 16:32]   Ecommerce Brand Manager — Remote
[2026-06-24 16:32]     0 results
[2026-06-24 16:32]   Ecommerce Brand Manager — New York
[2026-06-24 16:32]     10 results
[2026-06-24 16:32]   Ecommerce Account Manager — Remote
[2026-06-24 16:32]     0 results
[2026-06-24 16:32]   Ecommerce Account Manager — New York
[2026-06-24 16:32]     10 results
[2026-06-24 16:32]   Marketplace Manager Walmart Amazon — Remote
[2026-06-24 16:32]     0 results
[2026-06-24 16:32]   Marketplace Manager Walmart Amazon — New York
[2026-06-24 16:32]     10 results
[2026-06-24 16:32]   Ecommerce Operations Manager — Remote
[2026-06-24 16:33]     0 results
[2026-06-24 16:33]   Ecommerce Operations Manager — New York
[2026-06-24 16:33]     10 results
[2026-06-24 16:33]   DTC Brand Manager — Remote
[2026-06-24 16:33]     0 results
[2026-06-24 16:33]   DTC Brand Manager — New York
[2026-06-24 16:33]     10 results
[2026-06-24 16:33]   Amazon Agency Account Manager — Remote
[2026-06-24 16:33]     0 results
[2026-06-24 16:33]   Amazon Agency Account Manager — New York
[2026-06-24 16:33]     10 results
[2026-06-24 16:33]   Chief of Staff ecommerce — Remote
[2026-06-24 16:33]     0 results
[2026-06-24 16:33]   Chief of Staff ecommerce — New York
[2026-06-24 16:33]     1 results
[2026-06-24 16:33]   Chief of Staff startup — Remote
[2026-06-24 16:33]     0 results
[2026-06-24 16:33]   Chief of Staff startup — New York
Traceback (most recent call last):
  File "/Users/openclaw/Projects/client-os/daily_refresh.py", line 357, in <module>
    main()
  File "/Users/openclaw/Projects/client-os/daily_refresh.py", line 350, in main
    changed = run_jobs()
  File "/Users/openclaw/Projects/client-os/daily_refresh.py", line 173, in run_jobs
    jobs = serpapi(params).get('jobs_results', [])
  File "/Users/openclaw/Projects/client-os/daily_refresh.py", line 120, in serpapi
    with urllib.request.urlopen(url, timeout=20) as r:
  File "/Library/Developer/CommandLineTools/Library/Frameworks/Python3.framework/Versions/3.9/lib/python3.9/urllib/request.py", line 214, in urlopen
    return opener.open(url, data, timeout)
  File "/Library/Developer/CommandLineTools/Library/Frameworks/Python3.framework/Versions/3.9/lib/python3.9/urllib/request.py", line 517, in open
    response = self._open(req, data)
  File "/Library/Developer/CommandLineTools/Library/Frameworks/Python3.framework/Versions/3.9/lib/python3.9/urllib/request.py", line 534, in _open
    result = self._call_chain(self.handle_open, protocol, protocol +
  File "/Library/Developer/CommandLineTools/Library/Frameworks/Python3.framework/Versions/3.9/lib/python3.9/urllib/request.py", line 494, in _call_chain
    result = func(*args)
  File "/Library/Developer/CommandLineTools/Library/Frameworks/Python3.framework/Versions/3.9/lib/python3.9/urllib/request.py", line 1389, in https_open
    return self.do_open(http.client.HTTPSConnection, req,
  File "/Library/Developer/CommandLineTools/Library/Frameworks/Python3.framework/Versions/3.9/lib/python3.9/urllib/request.py", line 1350, in do_open
    r = h.getresponse()
  File "/Library/Developer/CommandLineTools/Library/Frameworks/Python3.framework/Versions/3.9/lib/python3.9/http/client.py", line 1349, in getresponse
    response.begin()
  File "/Library/Developer/CommandLineTools/Library/Frameworks/Python3.framework/Versions/3.9/lib/python3.9/http/client.py", line 316, in begin
    version, status, reason = self._read_status()
  File "/Library/Developer/CommandLineTools/Library/Frameworks/Python3.framework/Versions/3.9/lib/python3.9/http/client.py", line 277, in _read_status
    line = str(self.fp.readline(_MAXLINE + 1), "iso-8859-1")
  File "/Library/Developer/CommandLineTools/Library/Frameworks/Python3.framework/Versions/3.9/lib/python3.9/socket.py", line 704, in readinto
    return self._sock.recv_into(b)
  File "/Library/Developer/CommandLineTools/Library/Frameworks/Python3.framework/Versions/3.9/lib/python3.9/ssl.py", line 1241, in recv_into
    return self.read(nbytes, buffer)
  File "/Library/Developer/CommandLineTools/Library/Frameworks/Python3.framework/Versions/3.9/lib/python3.9/ssl.py", line 1099, in read
    return self._sslobj.read(len, buffer)
KeyboardInterrupt
=== Run started: Wed Jun 24 16:34:42 EDT 2026 ===
PATH=/opt/homebrew/bin:/opt/homebrew/sbin:/usr/local/bin:/usr/bin:/bin:/usr/sbin:/sbin
GITLAB_TOKEN=SET
GITHUB_TOKEN=SET
ANTHROPIC_API_KEY=SET
--- Running scraper ---
[main 24f9c30] Weekly refresh 2026-06-24
 Committer: OpenClaw <openclaw@Sovereigns-Mac-mini.local>
Your name and email address were configured automatically based
on your username and hostname. Please check that they are accurate.
You can suppress this message by setting them explicitly. Run the
following command and follow the instructions in your editor to edit
your configuration file:

    git config --global --edit

After doing this, you may fix the identity used for this commit with:

    git commit --amend --reset-author

 6 files changed, 264 insertions(+), 5 deletions(-)
[2026-06-24 16:34] ==================================================
[2026-06-24 16:34] Client Acquisition OS — Weekly Refresh
[2026-06-24 16:34] ── JOBS ─────────────────────────────────
[2026-06-24 16:34]   Amazon Account Manager — Remote
[2026-06-24 16:34]     0 results
[2026-06-24 16:34]   Amazon Account Manager — New York
[2026-06-24 16:34]     10 results
[2026-06-24 16:34]   Amazon Brand Manager — Remote
[2026-06-24 16:34]     0 results
[2026-06-24 16:34]   Amazon Brand Manager — New York
[2026-06-24 16:34]     10 results
[2026-06-24 16:34]   Senior Amazon Brand Manager — Remote
[2026-06-24 16:34]     0 results
[2026-06-24 16:34]   Senior Amazon Brand Manager — New York
[2026-06-24 16:34]     10 results
[2026-06-24 16:34]   Amazon Marketplace Manager — Remote
[2026-06-24 16:34]     0 results
[2026-06-24 16:34]   Amazon Marketplace Manager — New York
[2026-06-24 16:34]     10 results
[2026-06-24 16:34]   Ecommerce Brand Manager — Remote
[2026-06-24 16:34]     0 results
[2026-06-24 16:34]   Ecommerce Brand Manager — New York
[2026-06-24 16:34]     10 results
[2026-06-24 16:34]   Ecommerce Account Manager — Remote
[2026-06-24 16:34]     0 results
[2026-06-24 16:34]   Ecommerce Account Manager — New York
[2026-06-24 16:34]     10 results
[2026-06-24 16:34]   Marketplace Manager Walmart Amazon — Remote
[2026-06-24 16:34]     0 results
[2026-06-24 16:34]   Marketplace Manager Walmart Amazon — New York
[2026-06-24 16:34]     10 results
[2026-06-24 16:34]   Ecommerce Operations Manager — Remote
[2026-06-24 16:34]     0 results
[2026-06-24 16:34]   Ecommerce Operations Manager — New York
[2026-06-24 16:34]     10 results
[2026-06-24 16:34]   DTC Brand Manager — Remote
[2026-06-24 16:34]     0 results
[2026-06-24 16:34]   DTC Brand Manager — New York
[2026-06-24 16:34]     10 results
[2026-06-24 16:34]   Amazon Agency Account Manager — Remote
[2026-06-24 16:34]     0 results
[2026-06-24 16:34]   Amazon Agency Account Manager — New York
[2026-06-24 16:34]     10 results
[2026-06-24 16:34]   Chief of Staff ecommerce — Remote
[2026-06-24 16:34]     0 results
[2026-06-24 16:34]   Chief of Staff ecommerce — New York
[2026-06-24 16:34]     1 results
[2026-06-24 16:34]   Chief of Staff startup — Remote
[2026-06-24 16:34]     0 results
[2026-06-24 16:35]   Chief of Staff startup — New York
[2026-06-24 16:35]     3 results
[2026-06-24 16:35]   Chief of Staff DTC — Remote
[2026-06-24 16:35]     0 results
[2026-06-24 16:35]   Chief of Staff DTC — New York
[2026-06-24 16:35]     1 results
[2026-06-24 16:35]   Head of Operations DTC — Remote
[2026-06-24 16:35]     0 results
[2026-06-24 16:35]   Head of Operations DTC — New York
[2026-06-24 16:35]     10 results
[2026-06-24 16:35]   Head of Operations ecommerce — Remote
[2026-06-24 16:35]     0 results
[2026-06-24 16:35]   Head of Operations ecommerce — New York
[2026-06-24 16:35]     10 results
[2026-06-24 16:35]   Director of Operations ecommerce — Remote
[2026-06-24 16:35]     0 results
[2026-06-24 16:35]   Director of Operations ecommerce — New York
[2026-06-24 16:35]     10 results
[2026-06-24 16:35]   EOS Integrator — Remote
[2026-06-24 16:35]     0 results
[2026-06-24 16:35]   EOS Integrator — New York
[2026-06-24 16:35]     9 results
[2026-06-24 16:35]   Fractional COO — Remote
[2026-06-24 16:35]     0 results
[2026-06-24 16:35]   Fractional COO — New York
[2026-06-24 16:35]     10 results
[2026-06-24 16:35]   VP Operations DTC — Remote
[2026-06-24 16:35]     0 results
[2026-06-24 16:35]   VP Operations DTC — New York
[2026-06-24 16:35]     10 results
[2026-06-24 16:35]   Business Operations Lead startup — Remote
[2026-06-24 16:36]     0 results
[2026-06-24 16:36]   Business Operations Lead startup — New York
[2026-06-24 16:36]     10 results
[2026-06-24 16:36]   Wrote 61 jobs to data/jobs.json (0 new)
[2026-06-24 16:36] ── CONTACTS ─────────────────────────────
[2026-06-24 16:36]   site:linkedin.com/in "amazon agency" "founder" operatio...
[2026-06-24 16:36]   site:linkedin.com/in "amazon agency" "co-founder"...
[2026-06-24 16:36]   site:linkedin.com/in "amazon agency" founder CEO...
[2026-06-24 16:36]   site:linkedin.com/in "ecommerce agency" founder operati...
[2026-06-24 16:36]   site:linkedin.com/in "FBA agency" founder...
[2026-06-24 16:36]   site:linkedin.com/in "amazon seller" founder COO...
[2026-06-24 16:36]   site:linkedin.com/in "amazon brand" founder operations...
[2026-06-24 16:36]   site:linkedin.com/in "amazon marketing agency" founder...
[2026-06-24 16:36]     + Prashant Rana — Founder & CEO of Sipransh Ecommgrowth @ 
[2026-06-24 16:36]   site:linkedin.com/in "ecommerce operations" founder CEO...
[2026-06-24 16:36]   site:linkedin.com/in "amazon consulting" founder OR co-...
[2026-06-24 16:36]   Added 1 contacts (total 88)
[2026-06-24 16:36] ── DEPLOYING via GitLab ──────────────────
[2026-06-24 16:36]   Pushed to GitLab
[2026-06-24 16:36]   Deployed to Vercel
[2026-06-24 16:36] Done.

Scraper exit code: 0
--- Committing and pushing ---
[main 620c17b] Nightly auto-sync 2026-06-24
 Committer: OpenClaw <openclaw@Sovereigns-Mac-mini.local>
Your name and email address were configured automatically based
on your username and hostname. Please check that they are accurate.
You can suppress this message by setting them explicitly. Run the
following command and follow the instructions in your editor to edit
your configuration file:

    git config --global --edit

After doing this, you may fix the identity used for this commit with:

    git commit --amend --reset-author

 2 files changed, 123 insertions(+)
To https://gitlab.com/client-os/client-os.git
   24f9c30..620c17b  main -> main
To https://github.com/angieraja23/client-os.git
   1352f75..620c17b  main -> main
Vercel CLI 54.10.2 (Node.js 25.8.0)
Retrieving project…
Deploying angieraja23-9144s-projects/client-acquisition-os
Uploading [--------------------] (0.0B/284.4KB)
Uploading [=====---------------] (80.0KB/284.4KB)
Uploading [==========----------] (144.0KB/284.4KB)
Uploading [================----] (228.1KB/284.4KB)
Uploading [====================] (284.4KB/284.4KB)
  Inspect     https://vercel.com/angieraja23-9144s-projects/client-acquisition-os/8rCZE5Po97w4YVGvEKU9G7KqwuAC
▲ Production  https://client-acquisition-kt1p3n8ej-angieraja23-9144s-projects.vercel.app
https://client-acquisition-kt1p3n8ej-angieraja23-9144s-projects.vercel.appBuilding…
Building…
Running build in Washington, D.C., USA (East) – iad1
Build machine configuration: 2 cores, 8 GB
Retrieving list of deployment files...
Previous build caches not available.
Downloading 17 deployment files...
[2K[1A[2K[G▲ Production  https://client-acquisition-kt1p3n8ej-angieraja23-9144s-projects.vercel.app
Completing…
▲ Aliased     https://clientos.angieraja.com

✓ Ready in 9s
=== Deployed: Wed Jun 24 16:36:52 EDT 2026 ===
--- Running tailor ---
=== Tailor started: Wed Jun 24 16:36:52 EDT 2026 ===
Track: ops
SKIP (already tailored): Chief of Staff at Cascade at Jack & Jill
Track: ops
SKIP (already tailored): Chief of Staff to the GM of Housing at Flex
Track: ops
SKIP (already tailored): Chief of Staff at Gen Brands in West New York, New Jersey at Disabledperson, Inc
Track: ops
SKIP (already tailored): Startup Chief of Staff: Ops Leader for Founders (NY) at Reval
Track: ops
SKIP (already tailored): Chief of Staff to Tech Founder at Career Group in West New York, New Jersey at Disabledperson, Inc
Track: ops
SKIP (already tailored): Chief of Staff / Chief Product Officer at Adaptive Security
Track: ops
SKIP (already tailored): Executive Assistant to the Chief of Staff at DEPARTMENT OF CORRECTION
Track: ops
SKIP (already tailored): Remote Chief of Staff, Operations & Project Execution at Itlearn360
Track: amazon
SKIP (already tailored): Ecommerce Operations Manager Fulfillment & Logistics Lead at JC OUTDOOR international
Track: amazon
SKIP (already tailored): Associate Manager, Commerce Platform Logistics - Strategy and Operations at DoorDash
Track: amazon
SKIP (already tailored): Associate Manager Supplier Operations at The New York Times
Track: amazon
SKIP (already tailored): Business Virtual Assistant / E-commerce Operations Manager | Shopify Store & Admin Support at Upwork
Track: amazon
SKIP (already tailored): Amazon Account Manager at Trivium
Track: amazon
SKIP (already tailored): Ecommerce Account Manager / Amazon USA Specialist - Part-time jobs online at frontendnode-production.up.railway.app
Track: amazon
SKIP (already tailored): Agency Operations Director. LilyLifestyle at Ivanka Digital
Track: amazon
Using resume: master_amazon.json

Tailoring resume for: Sr. Resourcing Operations Manager at MKG Productions, LLC
Extracting keywords via Claude Haiku...
Top ATS keywords: ['Resourcing Operations', 'Talent Acquisition', 'Workforce Planning', 'Staffing Management', 'Operations Management', 'KPI Tracking']

Match score BEFORE tailoring: 83/100
  Already in resume: ['Resourcing Operations', 'Workforce Planning', 'Staffing Management', 'Operations Management', 'KPI Tracking']
  Missing: ['Talent Acquisition']

Match score AFTER tailoring: 100/100

Tailored resume saved: /Users/openclaw/job-search-agent/resumes/tailored/mkg-productions-llc_sr-resourcing-operations-manager.docx
Track: amazon
SKIP (already tailored): Operations Manager State Farm Agent Team Member at Edwin Cabral - State Farm Agency
Track: amazon
SKIP (already tailored): Creative Operations Leader: Scale Systems & Growth at AdHoc Projects
Track: amazon
Using resume: master_amazon.json

Tailoring resume for: Director of Internal Services & Operations at City of New York
Extracting keywords via Claude Haiku...
Top ATS keywords: ['Operations Management', 'Budget Management', 'Strategic Planning', 'Process Improvement', 'Staff Leadership', 'Government Operations']

Match score BEFORE tailoring: 100/100
  Already in resume: ['Operations Management', 'Budget Management', 'Strategic Planning', 'Process Improvement', 'Staff Leadership', 'Government Operations']
  Missing: []

Match score AFTER tailoring: 100/100

Tailored resume saved: /Users/openclaw/job-search-agent/resumes/tailored/city-of-new-york_director-of-internal-services-operations.docx
Track: amazon
Using resume: master_amazon.json

Tailoring resume for: Court Operations Lead - Remote-First, Data-Driven Leader at Steno Agency, Inc.
Extracting keywords via Claude Haiku...
Top ATS keywords: ['Court Operations', 'Data Analysis', 'Remote Leadership', 'Process Improvement', 'KPI Management', 'Team Management']

Match score BEFORE tailoring: 100/100
  Already in resume: ['Court Operations', 'Data Analysis', 'Remote Leadership', 'Process Improvement', 'KPI Management', 'Team Management']
  Missing: []

Match score AFTER tailoring: 100/100

Tailored resume saved: /Users/openclaw/job-search-agent/resumes/tailored/steno-agency-inc_court-operations-lead-remote-first-data-.docx
Track: ops
Using resume: master_ops.json

Tailoring resume for: Operations Manager: Lead Growth & Scale - 50k + Bonus at Universal Business Team
Extracting keywords via Claude Haiku...
Top ATS keywords: ['Operations Management', 'Process Improvement', 'Team Leadership', 'P&L Management', 'Business Growth', 'Performance Metrics']

Match score BEFORE tailoring: 100/100
  Already in resume: ['Operations Management', 'Process Improvement', 'Team Leadership', 'P&L Management', 'Business Growth', 'Performance Metrics']
  Missing: []

Match score AFTER tailoring: 100/100

Tailored resume saved: /Users/openclaw/job-search-agent/resumes/tailored/universal-business-team_operations-manager-lead-growth-scale-50k.docx
Track: ops
Using resume: master_ops.json

Tailoring resume for: Logistics Operations Project Manager at Fluidstack
Extracting keywords via Claude Haiku...
Top ATS keywords: ['Project Management', 'Logistics Operations', 'Supply Chain Management', 'Process Optimization', 'Stakeholder Management', 'KPI Tracking']

Match score BEFORE tailoring: 100/100
  Already in resume: ['Project Management', 'Logistics Operations', 'Supply Chain Management', 'Process Optimization', 'Stakeholder Management', 'KPI Tracking']
  Missing: []

Match score AFTER tailoring: 100/100

Tailored resume saved: /Users/openclaw/job-search-agent/resumes/tailored/fluidstack_logistics-operations-project-manager.docx
Track: ops
Using resume: master_ops.json

Tailoring resume for: Head of Business Operations - Remote at Crypto Pro Network
Extracting keywords via Claude Haiku...
Top ATS keywords: ['Business Operations', 'P&L Management', 'Process Optimization', 'Cross-Functional Leadership', 'Strategic Planning', 'KPI Management']

Match score BEFORE tailoring: 100/100
  Already in resume: ['Business Operations', 'P&L Management', 'Process Optimization', 'Cross-Functional Leadership', 'Strategic Planning', 'KPI Management']
  Missing: []

Match score AFTER tailoring: 100/100

Tailored resume saved: /Users/openclaw/job-search-agent/resumes/tailored/crypto-pro-network_head-of-business-operations-remote.docx
Track: ops
Using resume: master_ops.json

Tailoring resume for: Manager, Enrollment Fulfillment Operations at New York Life
Extracting keywords via Claude Haiku...
Top ATS keywords: ['Enrollment Management', 'Operations Management', 'Fulfillment Operations', 'Process Improvement', 'Team Leadership', 'KPI Tracking']

Match score BEFORE tailoring: 100/100
  Already in resume: ['Enrollment Management', 'Operations Management', 'Fulfillment Operations', 'Process Improvement', 'Team Leadership', 'KPI Tracking']
  Missing: []

Match score AFTER tailoring: 100/100

Tailored resume saved: /Users/openclaw/job-search-agent/resumes/tailored/new-york-life_manager-enrollment-fulfillment-operation.docx
Track: ops
Using resume: master_ops.json

Tailoring resume for: Senior Manager, Technology Operations at Walmart
Extracting keywords via Claude Haiku...
Top ATS keywords: ['Technology Operations Management', 'Infrastructure Management', 'Team Leadership', 'IT Service Management', 'Process Optimization', 'Project Management']

Match score BEFORE tailoring: 100/100
  Already in resume: ['Technology Operations Management', 'Infrastructure Management', 'Team Leadership', 'IT Service Management', 'Process Optimization', 'Project Management']
  Missing: []

Match score AFTER tailoring: 100/100

Tailored resume saved: /Users/openclaw/job-search-agent/resumes/tailored/walmart_senior-manager-technology-operations.docx
Track: ops
Using resume: master_ops.json

Tailoring resume for: Business Operations Manager/Sr Manager - German or French Speaking at Whatnot
Extracting keywords via Claude Haiku...
Top ATS keywords: ['Business Operations Management', 'P&L Management', 'Process Improvement', 'Cross-Functional Leadership', 'German or French Language', 'Strategic Planning']

Match score BEFORE tailoring: 83/100
  Already in resume: ['Business Operations Management', 'P&L Management', 'Process Improvement', 'Cross-Functional Leadership', 'Strategic Planning']
  Missing: ['German or French Language']

Match score AFTER tailoring: 100/100

Tailored resume saved: /Users/openclaw/job-search-agent/resumes/tailored/whatnot_business-operations-manager-sr-manager-g.docx
Track: ops
Using resume: master_ops.json

Tailoring resume for: Strategic Chief of Staff & Ops Leader at Hill Community Development Corporation
Extracting keywords via Claude Haiku...
Top ATS keywords: ['Strategic Planning', 'Operations Management', 'Chief of Staff', 'Cross-Functional Leadership', 'Budget Management', 'Process Improvement']

Match score BEFORE tailoring: 100/100
  Already in resume: ['Strategic Planning', 'Operations Management', 'Chief of Staff', 'Cross-Functional Leadership', 'Budget Management', 'Process Improvement']
  Missing: []

Match score AFTER tailoring: 100/100

Tailored resume saved: /Users/openclaw/job-search-agent/resumes/tailored/hill-community-development-corporation_strategic-chief-of-staff-ops-leader.docx
Track: amazon
Using resume: master_amazon.json

Tailoring resume for: Ecommerce Manager at Zachys Wine & Liquor
Extracting keywords via Claude Haiku...
Top ATS keywords: ['Ecommerce Platform Management', 'P&L Management', 'Digital Marketing Strategy', 'Inventory Management', 'KPI Tracking', 'Vendor Management']

Match score BEFORE tailoring: 100/100
  Already in resume: ['Ecommerce Platform Management', 'P&L Management', 'Digital Marketing Strategy', 'Inventory Management', 'KPI Tracking', 'Vendor Management']
  Missing: []

Match score AFTER tailoring: 100/100

Tailored resume saved: /Users/openclaw/job-search-agent/resumes/tailored/zachys-wine-liquor_ecommerce-manager.docx
Track: amazon
SKIP (already tailored): Experienced Amazon Key Account Manager - Driving Sales Growth and Business Excellence in Ecommerce at frontendnode-production.up.railway.app
Track: amazon
Using resume: master_amazon.json

Tailoring resume for: [Remote/WFM] Amazon Account Supervisor at frontendnode-production.up.railway.app
Extracting keywords via Claude Haiku...
Top ATS keywords: ['Amazon Seller Central', 'Account Management', 'Performance Metrics', 'Remote Work', 'Team Leadership', 'Sales Operations']

Match score BEFORE tailoring: 100/100
  Already in resume: ['Amazon Seller Central', 'Account Management', 'Performance Metrics', 'Remote Work', 'Team Leadership', 'Sales Operations']
  Missing: []

Match score AFTER tailoring: 100/100

Tailored resume saved: /Users/openclaw/job-search-agent/resumes/tailored/frontendnode-production-up-railway-app_remote-wfm-amazon-account-supervisor.docx
Track: amazon
Using resume: master_amazon.json

Tailoring resume for: Senior Amazon Brand Manager — Remote, Revenue Share at GNO Partners
Extracting keywords via Claude Haiku...
Top ATS keywords: ['Amazon Seller Central', 'Brand Management', 'P&L Management', 'Amazon Advertising', 'Cross-Functional Leadership', 'Revenue Growth']

Match score BEFORE tailoring: 100/100
  Already in resume: ['Amazon Seller Central', 'Brand Management', 'P&L Management', 'Amazon Advertising', 'Cross-Functional Leadership', 'Revenue Growth']
  Missing: []

Match score AFTER tailoring: 100/100

Tailored resume saved: /Users/openclaw/job-search-agent/resumes/tailored/gno-partners_senior-amazon-brand-manager-remote-reven.docx
Track: amazon
Using resume: master_amazon.json

Tailoring resume for: Brand Manager- Amazon Marketplace (Future Opportunity) at frontendnode-production.up.railway.app
Extracting keywords via Claude Haiku...
Top ATS keywords: ['Amazon Marketplace', 'Brand Management', 'P&L Management', 'Channel Strategy', 'Vendor Relations', 'Performance Analytics']

Match score BEFORE tailoring: 100/100
  Already in resume: ['Amazon Marketplace', 'Brand Management', 'P&L Management', 'Channel Strategy', 'Vendor Relations', 'Performance Analytics']
  Missing: []

Match score AFTER tailoring: 100/100

Tailored resume saved: /Users/openclaw/job-search-agent/resumes/tailored/frontendnode-production-up-railway-app_brand-manager-amazon-marketplace-future-.docx
Track: amazon
Using resume: master_amazon.json

Tailoring resume for: Amazon Brand Manager at Cartograph
Extracting keywords via Claude Haiku...
Top ATS keywords: ['Brand Strategy', 'Amazon Seller Central', 'P&L Management', 'Product Launch', 'Cross-Functional Leadership', 'Market Analysis']

Match score BEFORE tailoring: 100/100
  Already in resume: ['Brand Strategy', 'Amazon Seller Central', 'P&L Management', 'Product Launch', 'Cross-Functional Leadership', 'Market Analysis']
  Missing: []

Match score AFTER tailoring: 100/100

Tailored resume saved: /Users/openclaw/job-search-agent/resumes/tailored/cartograph_amazon-brand-manager.docx
Track: amazon
Using resume: master_amazon.json

Tailoring resume for: Remote Senior Amazon Brand Manager - High-Impact Growth at Scale Jet
Extracting keywords via Claude Haiku...
Top ATS keywords: ['Amazon Brand Management', 'P&L Management', 'Amazon Seller Central', 'Growth Strategy', 'Performance Analytics', 'Cross-functional Leadership']

Match score BEFORE tailoring: 100/100
  Already in resume: ['Amazon Brand Management', 'P&L Management', 'Amazon Seller Central', 'Growth Strategy', 'Performance Analytics', 'Cross-functional Leadership']
  Missing: []

Match score AFTER tailoring: 100/100

Tailored resume saved: /Users/openclaw/job-search-agent/resumes/tailored/scale-jet_remote-senior-amazon-brand-manager-high-.docx
Track: amazon
Using resume: master_amazon.json

Tailoring resume for: Director of Ecommerce at SBH Fashion
Extracting keywords via Claude Haiku...
Top ATS keywords: ['Ecommerce Strategy', 'P&L Management', 'Digital Marketing', 'Cross-Functional Leadership', 'KPI Analytics', 'Omnichannel Management']

Match score BEFORE tailoring: 83/100
  Already in resume: ['Ecommerce Strategy', 'P&L Management', 'Digital Marketing', 'Cross-Functional Leadership', 'Omnichannel Management']
  Missing: ['KPI Analytics']

Match score AFTER tailoring: 100/100

Tailored resume saved: /Users/openclaw/job-search-agent/resumes/tailored/sbh-fashion_director-of-ecommerce.docx
Track: amazon
Using resume: master_amazon.json

Tailoring resume for: Temp eCommerce Listings & Product Optimization at Dormont Manufacturing Company
Extracting keywords via Claude Haiku...
Top ATS keywords: ['eCommerce Listings', 'Product Optimization', 'Product Data Management', 'SEO Optimization', 'Amazon', 'Inventory Management']

Match score BEFORE tailoring: 100/100
  Already in resume: ['eCommerce Listings', 'Product Optimization', 'Product Data Management', 'SEO Optimization', 'Amazon', 'Inventory Management']
  Missing: []

Match score AFTER tailoring: 100/100

Tailored resume saved: /Users/openclaw/job-search-agent/resumes/tailored/dormont-manufacturing-company_temp-ecommerce-listings-product-optimiza.docx
Track: amazon
Using resume: master_amazon.json

Tailoring resume for: Luxury Brand Ecommerce Project Manager | Global Logistics at VISEO - Spain
Extracting keywords via Claude Haiku...
Top ATS keywords: ['Ecommerce Project Management', 'Global Logistics', 'Luxury Brand Experience', 'Cross-Functional Leadership', 'Supply Chain Management', 'KPI Tracking']

Match score BEFORE tailoring: 83/100
  Already in resume: ['Ecommerce Project Management', 'Luxury Brand Experience', 'Cross-Functional Leadership', 'Supply Chain Management', 'KPI Tracking']
  Missing: ['Global Logistics']

Match score AFTER tailoring: 100/100

Tailored resume saved: /Users/openclaw/job-search-agent/resumes/tailored/viseo-spain_luxury-brand-ecommerce-project-manager-g.docx
Track: amazon
Using resume: master_amazon.json

Tailoring resume for: Ecommerce Brand Manager, Specialty Skincare at Church and Dwight Co Inc
Extracting keywords via Claude Haiku...
Top ATS keywords: ['Ecommerce Strategy', 'Brand Management', 'P&L Management', 'Digital Marketing', 'Skincare Industry', 'Channel Management']

Match score BEFORE tailoring: 83/100
  Already in resume: ['Ecommerce Strategy', 'Brand Management', 'P&L Management', 'Digital Marketing', 'Channel Management']
  Missing: ['Skincare Industry']

Match score AFTER tailoring: 100/100

Tailored resume saved: /Users/openclaw/job-search-agent/resumes/tailored/church-and-dwight-co-inc_ecommerce-brand-manager-specialty-skinca.docx
Track: amazon
Using resume: master_amazon.json

Tailoring resume for: Ecommerce Marketplace Manager at Universal Perfumes & Cosmetics
Extracting keywords via Claude Haiku...
Top ATS keywords: ['Ecommerce Marketplace Management', 'Amazon Seller Central', 'Inventory Management', 'P&L Management', 'Channel Strategy', 'Vendor Relations']

Match score BEFORE tailoring: 100/100
  Already in resume: ['Ecommerce Marketplace Management', 'Amazon Seller Central', 'Inventory Management', 'P&L Management', 'Channel Strategy', 'Vendor Relations']
  Missing: []

Match score AFTER tailoring: 100/100

Tailored resume saved: /Users/openclaw/job-search-agent/resumes/tailored/universal-perfumes-cosmetics_ecommerce-marketplace-manager.docx
Track: amazon
Using resume: master_amazon.json

Tailoring resume for: Account Manager eCommerce at EssilorLuxottica Group
Extracting keywords via Claude Haiku...
Top ATS keywords: ['eCommerce Account Management', 'Sales Growth Strategy', 'Client Relationship Management', 'P&L Management', 'Performance Metrics', 'Cross-Functional Collaboration']

Match score BEFORE tailoring: 100/100
  Already in resume: ['eCommerce Account Management', 'Sales Growth Strategy', 'Client Relationship Management', 'P&L Management', 'Performance Metrics', 'Cross-Functional Collaboration']
  Missing: []

Match score AFTER tailoring: 100/100

Tailored resume saved: /Users/openclaw/job-search-agent/resumes/tailored/essilorluxottica-group_account-manager-ecommerce.docx
Track: amazon
Using resume: master_amazon.json

Tailoring resume for: Ecommerce Growth Manager — Shopify & Marketplaces at Sbhonline
Extracting keywords via Claude Haiku...
Top ATS keywords: ['Shopify', 'Marketplace Management', 'Ecommerce Growth Strategy', 'P&L Management', 'KPI Optimization', 'Channel Marketing']

Match score BEFORE tailoring: 100/100
  Already in resume: ['Shopify', 'Marketplace Management', 'Ecommerce Growth Strategy', 'P&L Management', 'KPI Optimization', 'Channel Marketing']
  Missing: []

Match score AFTER tailoring: 100/100

Tailored resume saved: /Users/openclaw/job-search-agent/resumes/tailored/sbhonline_ecommerce-growth-manager-shopify-marketp.docx
Track: amazon
Using resume: master_amazon.json

Tailoring resume for: eCommerce Marketplace Manager (Amazon & Walmart) at Raycon Inc.
Extracting keywords via Claude Haiku...
Top ATS keywords: ['Amazon Seller Central', 'Walmart Marketplace Management', 'eCommerce Strategy', 'Inventory Management', 'Sales Optimization', 'Marketplace Analytics']

Match score BEFORE tailoring: 100/100
  Already in resume: ['Amazon Seller Central', 'Walmart Marketplace Management', 'eCommerce Strategy', 'Inventory Management', 'Sales Optimization', 'Marketplace Analytics']
  Missing: []

Match score AFTER tailoring: 100/100

Tailored resume saved: /Users/openclaw/job-search-agent/resumes/tailored/raycon-inc_ecommerce-marketplace-manager-amazon-wal.docx
Track: amazon
Using resume: master_amazon.json

Tailoring resume for: Luxury Omnichannel Operations Lead for DTC at KHAITE
Extracting keywords via Claude Haiku...
Top ATS keywords: ['Omnichannel Operations', 'Direct-to-Consumer (DTC)', 'Luxury Brand Management', 'P&L Management', 'Cross-Functional Leadership', 'Inventory Management']

Match score BEFORE tailoring: 100/100
  Already in resume: ['Omnichannel Operations', 'Direct-to-Consumer (DTC)', 'Luxury Brand Management', 'P&L Management', 'Cross-Functional Leadership', 'Inventory Management']
  Missing: []

Match score AFTER tailoring: 100/100

Tailored resume saved: /Users/openclaw/job-search-agent/resumes/tailored/khaite_luxury-omnichannel-operations-lead-for-d.docx
Track: amazon
Using resume: master_amazon.json

Tailoring resume for: Director - DTC Partner Operations, MS at Versant Media, LLC
Extracting keywords via Claude Haiku...
Top ATS keywords: ['DTC Operations', 'Partner Management', 'P&L Management', 'Cross-Functional Leadership', 'Channel Strategy', 'KPI Tracking']

Match score BEFORE tailoring: 100/100
  Already in resume: ['DTC Operations', 'Partner Management', 'P&L Management', 'Cross-Functional Leadership', 'Channel Strategy', 'KPI Tracking']
  Missing: []

Match score AFTER tailoring: 100/100

Tailored resume saved: /Users/openclaw/job-search-agent/resumes/tailored/versant-media-llc_director-dtc-partner-operations-ms.docx
Track: amazon
Using resume: master_amazon.json

Tailoring resume for: Director of Customer Operations - Fast Growing DTC Brand Supplements 35 at MNY Ventures
Extracting keywords via Claude Haiku...
Top ATS keywords: ['Customer Operations Management', 'DTC Strategy', 'P&L Management', 'Team Leadership', 'Process Optimization', 'Customer Service Excellence']

Match score BEFORE tailoring: 100/100
  Already in resume: ['Customer Operations Management', 'DTC Strategy', 'P&L Management', 'Team Leadership', 'Process Optimization', 'Customer Service Excellence']
  Missing: []

Match score AFTER tailoring: 100/100

Tailored resume saved: /Users/openclaw/job-search-agent/resumes/tailored/mny-ventures_director-of-customer-operations-fast-gro.docx
Track: amazon
Using resume: master_amazon.json

Tailoring resume for: DTC Subscription Pricing & Growth Lead at Warner Bros. Discovery
Extracting keywords via Claude Haiku...
Top ATS keywords: ['Subscription Pricing Strategy', 'DTC Growth', 'P&L Management', 'Data Analytics', 'Cross-Functional Leadership', 'Consumer Insights']

Match score BEFORE tailoring: 83/100
  Already in resume: ['Subscription Pricing Strategy', 'DTC Growth', 'P&L Management', 'Cross-Functional Leadership', 'Consumer Insights']
  Missing: ['Data Analytics']

Match score AFTER tailoring: 100/100

Tailored resume saved: /Users/openclaw/job-search-agent/resumes/tailored/warner-bros-discovery_dtc-subscription-pricing-growth-lead.docx
Track: amazon
Using resume: master_amazon.json

Tailoring resume for: Integrated Marketing Manager - High Growth DTC Brand 35 at MNY Ventures
Extracting keywords via Claude Haiku...
Top ATS keywords: ['Integrated Marketing Strategy', 'DTC Marketing', 'Marketing Campaign Management', 'Digital Marketing', 'Brand Management', 'Performance Analytics']

Match score BEFORE tailoring: 100/100
  Already in resume: ['Integrated Marketing Strategy', 'DTC Marketing', 'Marketing Campaign Management', 'Digital Marketing', 'Brand Management', 'Performance Analytics']
  Missing: []

Match score AFTER tailoring: 100/100

Tailored resume saved: /Users/openclaw/job-search-agent/resumes/tailored/mny-ventures_integrated-marketing-manager-high-growth.docx
Track: amazon
Using resume: master_amazon.json

Tailoring resume for: Operations Manager - Insurance Agency Team at Edwin Cabral - State Farm Agency
Extracting keywords via Claude Haiku...
Top ATS keywords: ['Operations Management', 'Insurance Agency', 'P&L Management', 'Team Leadership', 'Process Improvement', 'Customer Service']

Match score BEFORE tailoring: 100/100
  Already in resume: ['Operations Management', 'Insurance Agency', 'P&L Management', 'Team Leadership', 'Process Improvement', 'Customer Service']
  Missing: []

Match score AFTER tailoring: 100/100

Tailored resume saved: /Users/openclaw/job-search-agent/resumes/tailored/edwin-cabral-state-farm-agency_operations-manager-insurance-agency-team.docx
Track: amazon
Using resume: master_amazon.json

Tailoring resume for: General Manager Revenue Operations at The Trade Desk
Extracting keywords via Claude Haiku...
Top ATS keywords: ['Revenue Operations', 'P&L Management', 'Sales Strategy', 'Process Optimization', 'Cross-Functional Leadership', 'Analytics & Reporting']

Match score BEFORE tailoring: 100/100
  Already in resume: ['Revenue Operations', 'P&L Management', 'Sales Strategy', 'Process Optimization', 'Cross-Functional Leadership', 'Analytics & Reporting']
  Missing: []

Match score AFTER tailoring: 100/100

Tailored resume saved: /Users/openclaw/job-search-agent/resumes/tailored/the-trade-desk_general-manager-revenue-operations.docx
Track: amazon
Using resume: master_amazon.json

Tailoring resume for: Client Account Manager, Digital Accounts at Amsive
Extracting keywords via Claude Haiku...
Top ATS keywords: ['Account Management', 'Client Relations', 'Digital Marketing', 'Project Management', 'Campaign Strategy', 'Performance Analytics']

Match score BEFORE tailoring: 100/100
  Already in resume: ['Account Management', 'Client Relations', 'Digital Marketing', 'Project Management', 'Campaign Strategy', 'Performance Analytics']
  Missing: []

Match score AFTER tailoring: 100/100

Tailored resume saved: /Users/openclaw/job-search-agent/resumes/tailored/amsive_client-account-manager-digital-accounts.docx
Track: amazon
Using resume: master_amazon.json

Tailoring resume for: Account Manager & Project Manager at 1000heads
Extracting keywords via Claude Haiku...
Top ATS keywords: ['Account Management', 'Project Management', 'Client Relationship Management', 'Budget Management', 'Stakeholder Communication', 'Timeline & Deadline Management']

Match score BEFORE tailoring: 100/100
  Already in resume: ['Account Management', 'Project Management', 'Client Relationship Management', 'Budget Management', 'Stakeholder Communication', 'Timeline & Deadline Management']
  Missing: []

Match score AFTER tailoring: 100/100

Tailored resume saved: /Users/openclaw/job-search-agent/resumes/tailored/1000heads_account-manager-project-manager.docx
Track: amazon
Using resume: master_amazon.json

Tailoring resume for: Senior Account Manager - Contract / Remote at Direct Agents
Extracting keywords via Claude Haiku...
Top ATS keywords: ['Account Management', 'Sales Leadership', 'Client Relationship Management', 'Revenue Growth', 'Contract Negotiation', 'Performance Metrics']

Match score BEFORE tailoring: 83/100
  Already in resume: ['Account Management', 'Sales Leadership', 'Client Relationship Management', 'Revenue Growth', 'Performance Metrics']
  Missing: ['Contract Negotiation']

Match score AFTER tailoring: 100/100

Tailored resume saved: /Users/openclaw/job-search-agent/resumes/tailored/direct-agents_senior-account-manager-contract-remote.docx
Track: ops
Using resume: master_ops.json

Tailoring resume for: Head of Business Operations for DTC E-commerce Brand Remote, US-Based at Paired Inc
Extracting keywords via Claude Haiku...
Top ATS keywords: ['P&L Management', 'DTC E-commerce Operations', 'Cross-Functional Leadership', 'KPI Optimization', 'Supply Chain Management', 'Business Strategy']

Match score BEFORE tailoring: 100/100
  Already in resume: ['P&L Management', 'DTC E-commerce Operations', 'Cross-Functional Leadership', 'KPI Optimization', 'Supply Chain Management', 'Business Strategy']
  Missing: []

Match score AFTER tailoring: 100/100

Tailored resume saved: /Users/openclaw/job-search-agent/resumes/tailored/paired-inc_head-of-business-operations-for-dtc-e-co.docx
Track: ops
Using resume: master_ops.json

Tailoring resume for: Head of Talent Acquisition - High Growth DTC Brand at MNY Ventures
Extracting keywords via Claude Haiku...
Top ATS keywords: ['Talent Acquisition Strategy', 'Recruitment Leadership', 'High-Growth Scaling', 'Employer Branding', 'Hiring Pipeline Management', 'DTC Experience']

Match score BEFORE tailoring: 83/100
  Already in resume: ['Talent Acquisition Strategy', 'Recruitment Leadership', 'High-Growth Scaling', 'Hiring Pipeline Management', 'DTC Experience']
  Missing: ['Employer Branding']

Match score AFTER tailoring: 100/100

Tailored resume saved: /Users/openclaw/job-search-agent/resumes/tailored/mny-ventures_head-of-talent-acquisition-high-growth-d.docx
Track: ops
Using resume: master_ops.json

Tailoring resume for: Director of Growth Marketing — Multi-Brand DTC Leader at Havenly, Inc.
Extracting keywords via Claude Haiku...
Top ATS keywords: ['Growth Marketing Strategy', 'DTC E-commerce', 'Multi-Brand Management', 'P&L Ownership', 'Customer Acquisition', 'Marketing Analytics']

Match score BEFORE tailoring: 100/100
  Already in resume: ['Growth Marketing Strategy', 'DTC E-commerce', 'Multi-Brand Management', 'P&L Ownership', 'Customer Acquisition', 'Marketing Analytics']
  Missing: []

Match score AFTER tailoring: 100/100

Tailored resume saved: /Users/openclaw/job-search-agent/resumes/tailored/havenly-inc_director-of-growth-marketing-multi-brand.docx
Track: ops
Using resume: master_ops.json

Tailoring resume for: DTC Performance & Growth Marketing Manager at Blueair North America
Extracting keywords via Claude Haiku...
Top ATS keywords: ['DTC Marketing', 'Performance Marketing', 'Growth Strategy', 'Google Analytics', 'Paid Advertising', 'Conversion Optimization']

Match score BEFORE tailoring: 83/100
  Already in resume: ['DTC Marketing', 'Performance Marketing', 'Growth Strategy', 'Paid Advertising', 'Conversion Optimization']
  Missing: ['Google Analytics']

Match score AFTER tailoring: 100/100

Tailored resume saved: /Users/openclaw/job-search-agent/resumes/tailored/blueair-north-america_dtc-performance-growth-marketing-manager.docx
Track: amazon
Using resume: master_amazon.json

Tailoring resume for: Senior Manager, Technology Operations - Marketplace Risk at Walmart
Extracting keywords via Claude Haiku...
Top ATS keywords: ['Risk Management', 'Technology Operations', 'Marketplace Risk', 'Team Leadership', 'Process Optimization', 'Vendor Management']

Match score BEFORE tailoring: 100/100
  Already in resume: ['Risk Management', 'Technology Operations', 'Marketplace Risk', 'Team Leadership', 'Process Optimization', 'Vendor Management']
  Missing: []

Match score AFTER tailoring: 100/100

Tailored resume saved: /Users/openclaw/job-search-agent/resumes/tailored/walmart_senior-manager-technology-operations-mar.docx
Track: amazon
Using resume: master_amazon.json

Tailoring resume for: Mid-Market Account Manager, North America at Block
Extracting keywords via Claude Haiku...
Top ATS keywords: ['Account Management', 'Sales Pipeline Management', 'P&L Responsibility', 'Customer Relationship Management', 'Revenue Growth', 'Territory Management']

Match score BEFORE tailoring: 83/100
  Already in resume: ['Account Management', 'Sales Pipeline Management', 'Customer Relationship Management', 'Revenue Growth', 'Territory Management']
  Missing: ['P&L Responsibility']

Match score AFTER tailoring: 100/100

Tailored resume saved: /Users/openclaw/job-search-agent/resumes/tailored/block_mid-market-account-manager-north-america.docx
Track: amazon
Using resume: master_amazon.json

Tailoring resume for: Marketplace Growth Manager: Walmart, Amazon & TikTok at GN Group
Extracting keywords via Claude Haiku...
Top ATS keywords: ['Marketplace Management', 'Amazon Seller Central', 'Walmart Vendor Portal', 'TikTok Shop', 'Sales Growth Strategy', 'Performance Analytics']

Match score BEFORE tailoring: 100/100
  Already in resume: ['Marketplace Management', 'Amazon Seller Central', 'Walmart Vendor Portal', 'TikTok Shop', 'Sales Growth Strategy', 'Performance Analytics']
  Missing: []

Match score AFTER tailoring: 100/100

Tailored resume saved: /Users/openclaw/job-search-agent/resumes/tailored/gn-group_marketplace-growth-manager-walmart-amazo.docx
Track: ops
Using resume: master_ops.json

Tailoring resume for: Growth-Focused Paid Media Manager for DTC E-commerce at KREWE du optic
Extracting keywords via Claude Haiku...
Top ATS keywords: ['Paid Media Management', 'DTC E-commerce', 'Growth Strategy', 'PPC Advertising', 'Campaign Optimization', 'Budget Management']

Match score BEFORE tailoring: 100/100
  Already in resume: ['Paid Media Management', 'DTC E-commerce', 'Growth Strategy', 'PPC Advertising', 'Campaign Optimization', 'Budget Management']
  Missing: []

Match score AFTER tailoring: 100/100

Tailored resume saved: /Users/openclaw/job-search-agent/resumes/tailored/krewe-du-optic_growth-focused-paid-media-manager-for-dt.docx
Track: amazon
Using resume: master_amazon.json

Tailoring resume for: Marketplace Monetization Manager (Remote from US) at vmysmartpros
Extracting keywords via Claude Haiku...
Top ATS keywords: ['Marketplace Monetization', 'Revenue Growth', 'P&L Management', 'Vendor Management', 'KPI Tracking', 'Cross-Functional Leadership']

Match score BEFORE tailoring: 100/100
  Already in resume: ['Marketplace Monetization', 'Revenue Growth', 'P&L Management', 'Vendor Management', 'KPI Tracking', 'Cross-Functional Leadership']
  Missing: []

Match score AFTER tailoring: 100/100

Tailored resume saved: /Users/openclaw/job-search-agent/resumes/tailored/vmysmartpros_marketplace-monetization-manager-remote-.docx
=== Tailor complete: 61 tailored, 0 failed at Wed Jun 24 16:45:04 EDT 2026 ===
=== Run finished: Wed Jun 24 16:45:04 EDT 2026 ===
=== Run started: Thu Jun 25 03:00:01 EDT 2026 ===
PATH=/opt/homebrew/bin:/opt/homebrew/sbin:/usr/local/bin:/usr/bin:/bin:/usr/sbin:/sbin
GITLAB_TOKEN=SET
GITHUB_TOKEN=SET
ANTHROPIC_API_KEY=SET
--- Running scraper ---
[2026-06-25 03:00] ==================================================
[2026-06-25 03:00] Client Acquisition OS — Weekly Refresh
[2026-06-25 03:00] ── JOBS ─────────────────────────────────
[2026-06-25 03:00]   Amazon Account Manager — Remote
[2026-06-25 03:00]     0 results
[2026-06-25 03:00]   Amazon Account Manager — New York
[2026-06-25 03:00]     10 results
[2026-06-25 03:00]   Amazon Brand Manager — Remote
[2026-06-25 03:00]   SerpAPI error: HTTP Error 429: Too Many Requests
[2026-06-25 03:00]     0 results
[2026-06-25 03:00]   Amazon Brand Manager — New York
[2026-06-25 03:00]   SerpAPI error: HTTP Error 429: Too Many Requests
[2026-06-25 03:00]     0 results
[2026-06-25 03:00]   Senior Amazon Brand Manager — Remote
[2026-06-25 03:00]   SerpAPI error: HTTP Error 429: Too Many Requests
[2026-06-25 03:00]     0 results
[2026-06-25 03:00]   Senior Amazon Brand Manager — New York
[2026-06-25 03:00]   SerpAPI error: HTTP Error 429: Too Many Requests
[2026-06-25 03:00]     0 results
[2026-06-25 03:00]   Amazon Marketplace Manager — Remote
[2026-06-25 03:00]   SerpAPI error: HTTP Error 429: Too Many Requests
[2026-06-25 03:00]     0 results
[2026-06-25 03:00]   Amazon Marketplace Manager — New York
[2026-06-25 03:00]   SerpAPI error: HTTP Error 429: Too Many Requests
[2026-06-25 03:00]     0 results
[2026-06-25 03:00]   Ecommerce Brand Manager — Remote
[2026-06-25 03:00]   SerpAPI error: HTTP Error 429: Too Many Requests
[2026-06-25 03:00]     0 results
[2026-06-25 03:00]   Ecommerce Brand Manager — New York
[2026-06-25 03:00]   SerpAPI error: HTTP Error 429: Too Many Requests
[2026-06-25 03:00]     0 results
[2026-06-25 03:00]   Ecommerce Account Manager — Remote
[2026-06-25 03:00]   SerpAPI error: HTTP Error 429: Too Many Requests
[2026-06-25 03:00]     0 results
[2026-06-25 03:00]   Ecommerce Account Manager — New York
[2026-06-25 03:00]   SerpAPI error: HTTP Error 429: Too Many Requests
[2026-06-25 03:00]     0 results
[2026-06-25 03:00]   Marketplace Manager Walmart Amazon — Remote
[2026-06-25 03:00]   SerpAPI error: HTTP Error 429: Too Many Requests
[2026-06-25 03:00]     0 results
[2026-06-25 03:00]   Marketplace Manager Walmart Amazon — New York
[2026-06-25 03:00]   SerpAPI error: HTTP Error 429: Too Many Requests
[2026-06-25 03:00]     0 results
[2026-06-25 03:00]   Ecommerce Operations Manager — Remote
[2026-06-25 03:00]   SerpAPI error: HTTP Error 429: Too Many Requests
[2026-06-25 03:00]     0 results
[2026-06-25 03:00]   Ecommerce Operations Manager — New York
[2026-06-25 03:00]   SerpAPI error: HTTP Error 429: Too Many Requests
[2026-06-25 03:00]     0 results
[2026-06-25 03:00]   DTC Brand Manager — Remote
[2026-06-25 03:00]   SerpAPI error: HTTP Error 429: Too Many Requests
[2026-06-25 03:00]     0 results
[2026-06-25 03:00]   DTC Brand Manager — New York
[2026-06-25 03:00]   SerpAPI error: HTTP Error 429: Too Many Requests
[2026-06-25 03:00]     0 results
[2026-06-25 03:00]   Amazon Agency Account Manager — Remote
[2026-06-25 03:00]   SerpAPI error: HTTP Error 429: Too Many Requests
[2026-06-25 03:00]     0 results
[2026-06-25 03:00]   Amazon Agency Account Manager — New York
[2026-06-25 03:00]   SerpAPI error: HTTP Error 429: Too Many Requests
[2026-06-25 03:00]     0 results
[2026-06-25 03:00]   Chief of Staff ecommerce — Remote
[2026-06-25 03:00]   SerpAPI error: HTTP Error 429: Too Many Requests
[2026-06-25 03:00]     0 results
[2026-06-25 03:00]   Chief of Staff ecommerce — New York
[2026-06-25 03:00]   SerpAPI error: HTTP Error 429: Too Many Requests
[2026-06-25 03:00]     0 results
[2026-06-25 03:00]   Chief of Staff startup — Remote
[2026-06-25 03:00]   SerpAPI error: HTTP Error 429: Too Many Requests
[2026-06-25 03:00]     0 results
[2026-06-25 03:00]   Chief of Staff startup — New York
[2026-06-25 03:00]   SerpAPI error: HTTP Error 429: Too Many Requests
[2026-06-25 03:00]     0 results
[2026-06-25 03:00]   Chief of Staff DTC — Remote
[2026-06-25 03:00]   SerpAPI error: HTTP Error 429: Too Many Requests
[2026-06-25 03:00]     0 results
[2026-06-25 03:00]   Chief of Staff DTC — New York
[2026-06-25 03:00]   SerpAPI error: HTTP Error 429: Too Many Requests
[2026-06-25 03:00]     0 results
[2026-06-25 03:00]   Head of Operations DTC — Remote
[2026-06-25 03:00]   SerpAPI error: HTTP Error 429: Too Many Requests
[2026-06-25 03:00]     0 results
[2026-06-25 03:00]   Head of Operations DTC — New York
[2026-06-25 03:00]   SerpAPI error: HTTP Error 429: Too Many Requests
[2026-06-25 03:00]     0 results
[2026-06-25 03:00]   Head of Operations ecommerce — Remote
[2026-06-25 03:00]   SerpAPI error: HTTP Error 429: Too Many Requests
[2026-06-25 03:00]     0 results
[2026-06-25 03:00]   Head of Operations ecommerce — New York
[2026-06-25 03:00]   SerpAPI error: HTTP Error 429: Too Many Requests
[2026-06-25 03:00]     0 results
[2026-06-25 03:00]   Director of Operations ecommerce — Remote
[2026-06-25 03:00]   SerpAPI error: HTTP Error 429: Too Many Requests
[2026-06-25 03:00]     0 results
[2026-06-25 03:00]   Director of Operations ecommerce — New York
[2026-06-25 03:00]   SerpAPI error: HTTP Error 429: Too Many Requests
[2026-06-25 03:00]     0 results
[2026-06-25 03:00]   EOS Integrator — Remote
[2026-06-25 03:00]   SerpAPI error: HTTP Error 429: Too Many Requests
[2026-06-25 03:00]     0 results
[2026-06-25 03:00]   EOS Integrator — New York
[2026-06-25 03:00]   SerpAPI error: HTTP Error 429: Too Many Requests
[2026-06-25 03:00]     0 results
[2026-06-25 03:00]   Fractional COO — Remote
[2026-06-25 03:00]   SerpAPI error: HTTP Error 429: Too Many Requests
[2026-06-25 03:00]     0 results
[2026-06-25 03:00]   Fractional COO — New York
[2026-06-25 03:00]   SerpAPI error: HTTP Error 429: Too Many Requests
[2026-06-25 03:00]     0 results
[2026-06-25 03:00]   VP Operations DTC — Remote
[2026-06-25 03:00]   SerpAPI error: HTTP Error 429: Too Many Requests
[2026-06-25 03:00]     0 results
[2026-06-25 03:00]   VP Operations DTC — New York
[2026-06-25 03:00]   SerpAPI error: HTTP Error 429: Too Many Requests
[2026-06-25 03:00]     0 results
[2026-06-25 03:00]   Business Operations Lead startup — Remote
[2026-06-25 03:00]   SerpAPI error: HTTP Error 429: Too Many Requests
[2026-06-25 03:00]     0 results
[2026-06-25 03:00]   Business Operations Lead startup — New York
[2026-06-25 03:00]   SerpAPI error: HTTP Error 429: Too Many Requests
[2026-06-25 03:00]     0 results
[2026-06-25 03:00]   Wrote 61 jobs to data/jobs.json (0 new)
[2026-06-25 03:00] ── CONTACTS ─────────────────────────────
[2026-06-25 03:00]   site:linkedin.com/in "amazon agency" "founder" operatio...
[2026-06-25 03:00]   SerpAPI error: HTTP Error 429: Too Many Requests
[2026-06-25 03:00]   site:linkedin.com/in "amazon agency" "co-founder"...
[2026-06-25 03:00]   SerpAPI error: HTTP Error 429: Too Many Requests
[2026-06-25 03:00]   site:linkedin.com/in "amazon agency" founder CEO...
[2026-06-25 03:00]   SerpAPI error: HTTP Error 429: Too Many Requests
[2026-06-25 03:00]   site:linkedin.com/in "ecommerce agency" founder operati...
[2026-06-25 03:00]   SerpAPI error: HTTP Error 429: Too Many Requests
[2026-06-25 03:00]   site:linkedin.com/in "FBA agency" founder...
[2026-06-25 03:00]   SerpAPI error: HTTP Error 429: Too Many Requests
[2026-06-25 03:00]   site:linkedin.com/in "amazon seller" founder COO...
[2026-06-25 03:00]   SerpAPI error: HTTP Error 429: Too Many Requests
[2026-06-25 03:00]   site:linkedin.com/in "amazon brand" founder operations...
[2026-06-25 03:00]   SerpAPI error: HTTP Error 429: Too Many Requests
[2026-06-25 03:00]   site:linkedin.com/in "amazon marketing agency" founder...
[2026-06-25 03:00]   SerpAPI error: HTTP Error 429: Too Many Requests
[2026-06-25 03:00]   site:linkedin.com/in "ecommerce operations" founder CEO...
[2026-06-25 03:00]   SerpAPI error: HTTP Error 429: Too Many Requests
[2026-06-25 03:00]   site:linkedin.com/in "amazon consulting" founder OR co-...
[2026-06-25 03:00]   SerpAPI error: HTTP Error 429: Too Many Requests
[2026-06-25 03:00]   No new contacts this week
[2026-06-25 03:00] Nothing new — skipping deploy
[2026-06-25 03:00] Done.

Scraper exit code: 0
--- Committing and pushing ---
[main eef6779] Nightly auto-sync 2026-06-25
 Committer: OpenClaw <openclaw@Sovereigns-Mac-mini.local>
Your name and email address were configured automatically based
on your username and hostname. Please check that they are accurate.
You can suppress this message by setting them explicitly. Run the
following command and follow the instructions in your editor to edit
your configuration file:

    git config --global --edit

After doing this, you may fix the identity used for this commit with:

    git commit --amend --reset-author

 4 files changed, 988 insertions(+), 2 deletions(-)
failed to store: -61
To https://gitlab.com/client-os/client-os.git
   7e58013..eef6779  main -> main
To https://github.com/angieraja23/client-os.git
   7e58013..eef6779  main -> main
Vercel CLI 54.10.2 (Node.js 25.8.0)
Retrieving project…
Deploying angieraja23-9144s-projects/client-acquisition-os
Uploading [--------------------] (0.0B/339.1KB)
Uploading [=====---------------] (96.7KB/339.1KB)
Uploading [==========----------] (180.1KB/339.1KB)
Uploading [===============-----] (256.3KB/339.1KB)
Uploading [====================] (339.1KB/339.1KB)
  Inspect     https://vercel.com/angieraja23-9144s-projects/client-acquisition-os/CGP5AoD2zi2uyA99UTkDMPek8uHr
▲ Production  https://client-acquisition-2hgbyr2jd-angieraja23-9144s-projects.vercel.app
https://client-acquisition-2hgbyr2jd-angieraja23-9144s-projects.vercel.appBuilding…
Building…
Running build in Washington, D.C., USA (East) – iad1
Build machine configuration: 2 cores, 8 GB
Retrieving list of deployment files...
Previous build caches not available.
Downloading 17 deployment files...
Running "vercel build"
Vercel CLI 54.17.0
[2K[1A[2K[G▲ Production  https://client-acquisition-2hgbyr2jd-angieraja23-9144s-projects.vercel.app
Completing…
▲ Aliased     https://clientos.angieraja.com

✓ Ready in 6s
=== Deployed: Thu Jun 25 03:01:08 EDT 2026 ===
--- Running tailor ---
=== Tailor started: Thu Jun 25 03:01:08 EDT 2026 ===
Track: ops
SKIP (already tailored): Chief of Staff at Cascade at Jack & Jill
Track: ops
SKIP (already tailored): Chief of Staff to the GM of Housing at Flex
Track: ops
SKIP (already tailored): Chief of Staff at Gen Brands in West New York, New Jersey at Disabledperson, Inc
Track: ops
SKIP (already tailored): Startup Chief of Staff: Ops Leader for Founders (NY) at Reval
Track: ops
SKIP (already tailored): Chief of Staff to Tech Founder at Career Group in West New York, New Jersey at Disabledperson, Inc
Track: ops
SKIP (already tailored): Chief of Staff / Chief Product Officer at Adaptive Security
Track: ops
SKIP (already tailored): Executive Assistant to the Chief of Staff at DEPARTMENT OF CORRECTION
Track: ops
SKIP (already tailored): Remote Chief of Staff, Operations & Project Execution at Itlearn360
Track: amazon
SKIP (already tailored): Ecommerce Operations Manager Fulfillment & Logistics Lead at JC OUTDOOR international
Track: amazon
SKIP (already tailored): Associate Manager, Commerce Platform Logistics - Strategy and Operations at DoorDash
Track: amazon
SKIP (already tailored): Associate Manager Supplier Operations at The New York Times
Track: amazon
SKIP (already tailored): Business Virtual Assistant / E-commerce Operations Manager | Shopify Store & Admin Support at Upwork
Track: amazon
SKIP (already tailored): Amazon Account Manager at Trivium
Track: amazon
SKIP (already tailored): Ecommerce Account Manager / Amazon USA Specialist - Part-time jobs online at frontendnode-production.up.railway.app
Track: amazon
SKIP (already tailored): Agency Operations Director. LilyLifestyle at Ivanka Digital
Track: amazon
SKIP (already tailored): Sr. Resourcing Operations Manager at MKG Productions, LLC
Track: amazon
SKIP (already tailored): Operations Manager State Farm Agent Team Member at Edwin Cabral - State Farm Agency
Track: amazon
SKIP (already tailored): Creative Operations Leader: Scale Systems & Growth at AdHoc Projects
Track: amazon
SKIP (already tailored): Director of Internal Services & Operations at City of New York
Track: amazon
SKIP (already tailored): Court Operations Lead - Remote-First, Data-Driven Leader at Steno Agency, Inc.
Track: ops
SKIP (already tailored): Operations Manager: Lead Growth & Scale - 50k + Bonus at Universal Business Team
Track: ops
SKIP (already tailored): Logistics Operations Project Manager at Fluidstack
Track: ops
SKIP (already tailored): Head of Business Operations - Remote at Crypto Pro Network
Track: ops
SKIP (already tailored): Manager, Enrollment Fulfillment Operations at New York Life
Track: ops
SKIP (already tailored): Senior Manager, Technology Operations at Walmart
Track: ops
SKIP (already tailored): Business Operations Manager/Sr Manager - German or French Speaking at Whatnot
Track: ops
SKIP (already tailored): Strategic Chief of Staff & Ops Leader at Hill Community Development Corporation
Track: amazon
SKIP (already tailored): Ecommerce Manager at Zachys Wine & Liquor
Track: amazon
SKIP (already tailored): Experienced Amazon Key Account Manager - Driving Sales Growth and Business Excellence in Ecommerce at frontendnode-production.up.railway.app
Track: amazon
SKIP (already tailored): [Remote/WFM] Amazon Account Supervisor at frontendnode-production.up.railway.app
Track: amazon
SKIP (already tailored): Senior Amazon Brand Manager — Remote, Revenue Share at GNO Partners
Track: amazon
SKIP (already tailored): Brand Manager- Amazon Marketplace (Future Opportunity) at frontendnode-production.up.railway.app
Track: amazon
SKIP (already tailored): Amazon Brand Manager at Cartograph
Track: amazon
SKIP (already tailored): Remote Senior Amazon Brand Manager - High-Impact Growth at Scale Jet
Track: amazon
SKIP (already tailored): Director of Ecommerce at SBH Fashion
Track: amazon
SKIP (already tailored): Temp eCommerce Listings & Product Optimization at Dormont Manufacturing Company
Track: amazon
SKIP (already tailored): Luxury Brand Ecommerce Project Manager | Global Logistics at VISEO - Spain
Track: amazon
SKIP (already tailored): Ecommerce Brand Manager, Specialty Skincare at Church and Dwight Co Inc
Track: amazon
SKIP (already tailored): Ecommerce Marketplace Manager at Universal Perfumes & Cosmetics
Track: amazon
SKIP (already tailored): Account Manager eCommerce at EssilorLuxottica Group
Track: amazon
SKIP (already tailored): Ecommerce Growth Manager — Shopify & Marketplaces at Sbhonline
Track: amazon
SKIP (already tailored): eCommerce Marketplace Manager (Amazon & Walmart) at Raycon Inc.
Track: amazon
SKIP (already tailored): Luxury Omnichannel Operations Lead for DTC at KHAITE
Track: amazon
SKIP (already tailored): Director - DTC Partner Operations, MS at Versant Media, LLC
Track: amazon
SKIP (already tailored): Director of Customer Operations - Fast Growing DTC Brand Supplements 35 at MNY Ventures
Track: amazon
SKIP (already tailored): DTC Subscription Pricing & Growth Lead at Warner Bros. Discovery
Track: amazon
SKIP (already tailored): Integrated Marketing Manager - High Growth DTC Brand 35 at MNY Ventures
Track: amazon
SKIP (already tailored): Operations Manager - Insurance Agency Team at Edwin Cabral - State Farm Agency
Track: amazon
SKIP (already tailored): General Manager Revenue Operations at The Trade Desk
Track: amazon
SKIP (already tailored): Client Account Manager, Digital Accounts at Amsive
Track: amazon
SKIP (already tailored): Account Manager & Project Manager at 1000heads
Track: amazon
SKIP (already tailored): Senior Account Manager - Contract / Remote at Direct Agents
Track: ops
SKIP (already tailored): Head of Business Operations for DTC E-commerce Brand Remote, US-Based at Paired Inc
Track: ops
SKIP (already tailored): Head of Talent Acquisition - High Growth DTC Brand at MNY Ventures
Track: ops
SKIP (already tailored): Director of Growth Marketing — Multi-Brand DTC Leader at Havenly, Inc.
Track: ops
SKIP (already tailored): DTC Performance & Growth Marketing Manager at Blueair North America
Track: amazon
SKIP (already tailored): Senior Manager, Technology Operations - Marketplace Risk at Walmart
Track: amazon
SKIP (already tailored): Mid-Market Account Manager, North America at Block
Track: amazon
SKIP (already tailored): Marketplace Growth Manager: Walmart, Amazon & TikTok at GN Group
Track: ops
SKIP (already tailored): Growth-Focused Paid Media Manager for DTC E-commerce at KREWE du optic
Track: amazon
SKIP (already tailored): Marketplace Monetization Manager (Remote from US) at vmysmartpros
=== Tailor complete: 61 tailored, 0 failed at Thu Jun 25 03:08:28 EDT 2026 ===
=== Run finished: Thu Jun 25 03:08:28 EDT 2026 ===
=== Run started: Thu Jun 25 16:28:26 EDT 2026 ===
PATH=/opt/homebrew/bin:/opt/homebrew/sbin:/usr/local/bin:/usr/bin:/bin:/usr/sbin:/sbin
GITLAB_TOKEN=SET
GITHUB_TOKEN=SET
ANTHROPIC_API_KEY=SET
--- Running scraper ---
[main c34ea2f] Weekly refresh 2026-06-25
 Committer: OpenClaw <openclaw@Sovereigns-Mac-mini.local>
Your name and email address were configured automatically based
on your username and hostname. Please check that they are accurate.
You can suppress this message by setting them explicitly. Run the
following command and follow the instructions in your editor to edit
your configuration file:

    git config --global --edit

After doing this, you may fix the identity used for this commit with:

    git commit --amend --reset-author

 5 files changed, 333 insertions(+), 2 deletions(-)
[2026-06-25 16:28] ==================================================
[2026-06-25 16:28] Client Acquisition OS — Weekly Refresh
[2026-06-25 16:28] ── JOBS ─────────────────────────────────
[2026-06-25 16:28]   Amazon Account Manager — Remote
[2026-06-25 16:28]     0 results
[2026-06-25 16:28]   Amazon Account Manager — New York
[2026-06-25 16:28]     10 results
[2026-06-25 16:28]   Amazon Brand Manager — Remote
[2026-06-25 16:28]     0 results
[2026-06-25 16:28]   Amazon Brand Manager — New York
[2026-06-25 16:28]     10 results
[2026-06-25 16:28]   Senior Amazon Brand Manager — Remote
[2026-06-25 16:28]     0 results
[2026-06-25 16:28]   Senior Amazon Brand Manager — New York
[2026-06-25 16:28]     10 results
[2026-06-25 16:28]   Amazon Marketplace Manager — Remote
[2026-06-25 16:28]     0 results
[2026-06-25 16:28]   Amazon Marketplace Manager — New York
[2026-06-25 16:28]     10 results
[2026-06-25 16:28]   Ecommerce Brand Manager — Remote
[2026-06-25 16:28]     0 results
[2026-06-25 16:28]   Ecommerce Brand Manager — New York
[2026-06-25 16:28]     10 results
[2026-06-25 16:28]   Ecommerce Account Manager — Remote
[2026-06-25 16:28]     0 results
[2026-06-25 16:28]   Ecommerce Account Manager — New York
[2026-06-25 16:28]     10 results
[2026-06-25 16:28]   Marketplace Manager Walmart Amazon — Remote
[2026-06-25 16:29]     0 results
[2026-06-25 16:29]   Marketplace Manager Walmart Amazon — New York
[2026-06-25 16:29]     0 results
[2026-06-25 16:29]   Ecommerce Operations Manager — Remote
[2026-06-25 16:29]     0 results
[2026-06-25 16:29]   Ecommerce Operations Manager — New York
[2026-06-25 16:29]     10 results
[2026-06-25 16:29]   DTC Brand Manager — Remote
[2026-06-25 16:29]     0 results
[2026-06-25 16:29]   DTC Brand Manager — New York
[2026-06-25 16:29]     10 results
[2026-06-25 16:29]   Amazon Agency Account Manager — Remote
[2026-06-25 16:29]     0 results
[2026-06-25 16:29]   Amazon Agency Account Manager — New York
[2026-06-25 16:29]     10 results
[2026-06-25 16:29]   Chief of Staff ecommerce — Remote
[2026-06-25 16:29]     0 results
[2026-06-25 16:29]   Chief of Staff ecommerce — New York
[2026-06-25 16:29]     1 results
[2026-06-25 16:29]   Chief of Staff startup — Remote
[2026-06-25 16:29]     0 results
[2026-06-25 16:29]   Chief of Staff startup — New York
[2026-06-25 16:29]     3 results
[2026-06-25 16:29]   Chief of Staff DTC — Remote
[2026-06-25 16:29]     0 results
[2026-06-25 16:29]   Chief of Staff DTC — New York
[2026-06-25 16:29]     2 results
[2026-06-25 16:29]   Head of Operations DTC — Remote
[2026-06-25 16:29]     0 results
[2026-06-25 16:29]   Head of Operations DTC — New York
[2026-06-25 16:29]     10 results
[2026-06-25 16:29]   Head of Operations ecommerce — Remote
[2026-06-25 16:29]     0 results
[2026-06-25 16:29]   Head of Operations ecommerce — New York
[2026-06-25 16:30]     10 results
[2026-06-25 16:30]   Director of Operations ecommerce — Remote
[2026-06-25 16:30]     0 results
[2026-06-25 16:30]   Director of Operations ecommerce — New York
[2026-06-25 16:30]     10 results
[2026-06-25 16:30]   EOS Integrator — Remote
[2026-06-25 16:30]     0 results
[2026-06-25 16:30]   EOS Integrator — New York
[2026-06-25 16:30]     10 results
[2026-06-25 16:30]   Fractional COO — Remote
[2026-06-25 16:30]     0 results
[2026-06-25 16:30]   Fractional COO — New York
[2026-06-25 16:30]     10 results
[2026-06-25 16:30]   VP Operations DTC — Remote
[2026-06-25 16:30]     0 results
[2026-06-25 16:30]   VP Operations DTC — New York
[2026-06-25 16:30]     10 results
[2026-06-25 16:30]   Business Operations Lead startup — Remote
[2026-06-25 16:30]     0 results
[2026-06-25 16:30]   Business Operations Lead startup — New York
[2026-06-25 16:30]     9 results
[2026-06-25 16:30]   Wrote 61 jobs to data/jobs.json (0 new)
[2026-06-25 16:30] ── CONTACTS ─────────────────────────────
[2026-06-25 16:30]   site:linkedin.com/in "amazon agency" "founder" operatio...
[2026-06-25 16:30]   site:linkedin.com/in "amazon agency" "co-founder"...
[2026-06-25 16:30]   site:linkedin.com/in "amazon agency" founder CEO...
[2026-06-25 16:30]   site:linkedin.com/in "ecommerce agency" founder operati...
[2026-06-25 16:30]     + Anibal Alvarado Dinelli — ECommerce Agency Owner @ 
[2026-06-25 16:30]   site:linkedin.com/in "FBA agency" founder...
[2026-06-25 16:30]   site:linkedin.com/in "amazon seller" founder COO...
[2026-06-25 16:31]     + Jeff O'Bryant — Founder & CEO @ Leap Stores @ 
[2026-06-25 16:31]     + Craig Barnell — Co-Founder & COO @ Fishers Finery @ 
[2026-06-25 16:31]     + Michael Giguere — Founder of Step by Step Sellers @ 
[2026-06-25 16:31]   site:linkedin.com/in "amazon brand" founder operations...
[2026-06-25 16:31]   site:linkedin.com/in "amazon marketing agency" founder...
[2026-06-25 16:31]   site:linkedin.com/in "ecommerce operations" founder CEO...
[2026-06-25 16:31]   site:linkedin.com/in "amazon consulting" founder OR co-...
[2026-06-25 16:31]   Added 4 contacts (total 92)
[2026-06-25 16:31] ── DEPLOYING via GitLab ──────────────────
[2026-06-25 16:31]   Pushed to GitLab
[2026-06-25 16:31]   Deployed to Vercel
[2026-06-25 16:31] Done.

Scraper exit code: 0
--- Committing and pushing ---
[main ae89f66] Nightly auto-sync 2026-06-25
 Committer: OpenClaw <openclaw@Sovereigns-Mac-mini.local>
Your name and email address were configured automatically based
on your username and hostname. Please check that they are accurate.
You can suppress this message by setting them explicitly. Run the
following command and follow the instructions in your editor to edit
your configuration file:

    git config --global --edit

After doing this, you may fix the identity used for this commit with:

    git commit --amend --reset-author

 2 files changed, 126 insertions(+)
To https://gitlab.com/client-os/client-os.git
   c34ea2f..ae89f66  main -> main
To https://github.com/angieraja23/client-os.git
   eef6779..ae89f66  main -> main
Vercel CLI 54.10.2 (Node.js 25.8.0)
Retrieving project…
Deploying angieraja23-9144s-projects/client-acquisition-os
Uploading [--------------------] (0.0B/354.7KB)
Uploading [=====---------------] (96.0KB/354.7KB)
Uploading [==========----------] (192.0KB/354.7KB)
Uploading [===============-----] (273.5KB/354.7KB)
Uploading [====================] (354.7KB/354.7KB)
  Inspect     https://vercel.com/angieraja23-9144s-projects/client-acquisition-os/B4CJcAXKamWJS4BMrFWUHLRpXiyH
▲ Production  https://client-acquisition-oirr3rted-angieraja23-9144s-projects.vercel.app
https://client-acquisition-oirr3rted-angieraja23-9144s-projects.vercel.appBuilding…
Building…
Running build in Washington, D.C., USA (East) – iad1
Build machine configuration: 2 cores, 8 GB
Retrieving list of deployment files...
Previous build caches not available.
Downloading 17 deployment files...
Running "vercel build"
Vercel CLI 54.17.2
[2K[1A[2K[G▲ Production  https://client-acquisition-oirr3rted-angieraja23-9144s-projects.vercel.app
Completing…
▲ Aliased     https://clientos.angieraja.com

✓ Ready in 6s
=== Deployed: Thu Jun 25 16:31:49 EDT 2026 ===
--- Running tailor ---
=== Tailor started: Thu Jun 25 16:31:49 EDT 2026 ===
Track: ops
SKIP (already tailored): Chief of Staff at Cascade at Jack & Jill
Track: ops
SKIP (already tailored): Chief of Staff to the GM of Housing at Flex
Track: ops
SKIP (already tailored): Chief of Staff at Gen Brands in West New York, New Jersey at Disabledperson, Inc
Track: ops
SKIP (already tailored): Startup Chief of Staff: Ops Leader for Founders (NY) at Reval
Track: ops
SKIP (already tailored): Chief of Staff to Tech Founder at Career Group in West New York, New Jersey at Disabledperson, Inc
Track: ops
SKIP (already tailored): Chief of Staff / Chief Product Officer at Adaptive Security
Track: ops
SKIP (already tailored): Executive Assistant to the Chief of Staff at DEPARTMENT OF CORRECTION
Track: ops
SKIP (already tailored): Remote Chief of Staff, Operations & Project Execution at Itlearn360
Track: amazon
SKIP (already tailored): Ecommerce Operations Manager Fulfillment & Logistics Lead at JC OUTDOOR international
Track: amazon
SKIP (already tailored): Associate Manager, Commerce Platform Logistics - Strategy and Operations at DoorDash
Track: amazon
SKIP (already tailored): Associate Manager Supplier Operations at The New York Times
Track: amazon
SKIP (already tailored): Business Virtual Assistant / E-commerce Operations Manager | Shopify Store & Admin Support at Upwork
Track: amazon
SKIP (already tailored): Amazon Account Manager at Trivium
Track: amazon
SKIP (already tailored): Ecommerce Account Manager / Amazon USA Specialist - Part-time jobs online at frontendnode-production.up.railway.app
Track: amazon
SKIP (already tailored): Agency Operations Director. LilyLifestyle at Ivanka Digital
Track: amazon
SKIP (already tailored): Sr. Resourcing Operations Manager at MKG Productions, LLC
Track: amazon
SKIP (already tailored): Operations Manager State Farm Agent Team Member at Edwin Cabral - State Farm Agency
Track: amazon
SKIP (already tailored): Creative Operations Leader: Scale Systems & Growth at AdHoc Projects
Track: amazon
SKIP (already tailored): Director of Internal Services & Operations at City of New York
Track: amazon
SKIP (already tailored): Court Operations Lead - Remote-First, Data-Driven Leader at Steno Agency, Inc.
Track: ops
SKIP (already tailored): Operations Manager: Lead Growth & Scale - 50k + Bonus at Universal Business Team
Track: ops
SKIP (already tailored): Logistics Operations Project Manager at Fluidstack
Track: ops
SKIP (already tailored): Head of Business Operations - Remote at Crypto Pro Network
Track: ops
SKIP (already tailored): Manager, Enrollment Fulfillment Operations at New York Life
Track: ops
SKIP (already tailored): Senior Manager, Technology Operations at Walmart
Track: ops
SKIP (already tailored): Business Operations Manager/Sr Manager - German or French Speaking at Whatnot
Track: ops
SKIP (already tailored): Strategic Chief of Staff & Ops Leader at Hill Community Development Corporation
Track: amazon
SKIP (already tailored): Ecommerce Manager at Zachys Wine & Liquor
Track: amazon
SKIP (already tailored): Experienced Amazon Key Account Manager - Driving Sales Growth and Business Excellence in Ecommerce at frontendnode-production.up.railway.app
Track: amazon
SKIP (already tailored): [Remote/WFM] Amazon Account Supervisor at frontendnode-production.up.railway.app
Track: amazon
SKIP (already tailored): Senior Amazon Brand Manager — Remote, Revenue Share at GNO Partners
Track: amazon
SKIP (already tailored): Brand Manager- Amazon Marketplace (Future Opportunity) at frontendnode-production.up.railway.app
Track: amazon
SKIP (already tailored): Amazon Brand Manager at Cartograph
Track: amazon
SKIP (already tailored): Remote Senior Amazon Brand Manager - High-Impact Growth at Scale Jet
Track: amazon
SKIP (already tailored): Director of Ecommerce at SBH Fashion
Track: amazon
SKIP (already tailored): Temp eCommerce Listings & Product Optimization at Dormont Manufacturing Company
Track: amazon
SKIP (already tailored): Luxury Brand Ecommerce Project Manager | Global Logistics at VISEO - Spain
Track: amazon
SKIP (already tailored): Ecommerce Brand Manager, Specialty Skincare at Church and Dwight Co Inc
Track: amazon
SKIP (already tailored): Ecommerce Marketplace Manager at Universal Perfumes & Cosmetics
Track: amazon
SKIP (already tailored): Account Manager eCommerce at EssilorLuxottica Group
Track: amazon
SKIP (already tailored): Ecommerce Growth Manager — Shopify & Marketplaces at Sbhonline
Track: amazon
SKIP (already tailored): eCommerce Marketplace Manager (Amazon & Walmart) at Raycon Inc.
Track: amazon
SKIP (already tailored): Luxury Omnichannel Operations Lead for DTC at KHAITE
Track: amazon
SKIP (already tailored): Director - DTC Partner Operations, MS at Versant Media, LLC
Track: amazon
SKIP (already tailored): Director of Customer Operations - Fast Growing DTC Brand Supplements 35 at MNY Ventures
Track: amazon
SKIP (already tailored): DTC Subscription Pricing & Growth Lead at Warner Bros. Discovery
Track: amazon
SKIP (already tailored): Integrated Marketing Manager - High Growth DTC Brand 35 at MNY Ventures
Track: amazon
SKIP (already tailored): Operations Manager - Insurance Agency Team at Edwin Cabral - State Farm Agency
Track: amazon
SKIP (already tailored): General Manager Revenue Operations at The Trade Desk
Track: amazon
SKIP (already tailored): Client Account Manager, Digital Accounts at Amsive
Track: amazon
SKIP (already tailored): Account Manager & Project Manager at 1000heads
Track: amazon
SKIP (already tailored): Senior Account Manager - Contract / Remote at Direct Agents
Track: ops
SKIP (already tailored): Head of Business Operations for DTC E-commerce Brand Remote, US-Based at Paired Inc
Track: ops
SKIP (already tailored): Head of Talent Acquisition - High Growth DTC Brand at MNY Ventures
Track: ops
SKIP (already tailored): Director of Growth Marketing — Multi-Brand DTC Leader at Havenly, Inc.
Track: ops
SKIP (already tailored): DTC Performance & Growth Marketing Manager at Blueair North America
Track: amazon
SKIP (already tailored): Senior Manager, Technology Operations - Marketplace Risk at Walmart
Track: amazon
SKIP (already tailored): Mid-Market Account Manager, North America at Block
Track: amazon
SKIP (already tailored): Marketplace Growth Manager: Walmart, Amazon & TikTok at GN Group
Track: ops
SKIP (already tailored): Growth-Focused Paid Media Manager for DTC E-commerce at KREWE du optic
Track: amazon
SKIP (already tailored): Marketplace Monetization Manager (Remote from US) at vmysmartpros
=== Tailor complete: 61 tailored, 0 failed at Thu Jun 25 16:39:02 EDT 2026 ===
=== Run finished: Thu Jun 25 16:39:02 EDT 2026 ===
=== Run started: Thu Jun 25 16:46:08 EDT 2026 ===
PATH=/opt/homebrew/bin:/opt/homebrew/sbin:/usr/local/bin:/usr/bin:/bin:/usr/sbin:/sbin
GITLAB_TOKEN=SET
GITHUB_TOKEN=SET
ANTHROPIC_API_KEY=SET
--- Running scraper ---
[2026-06-25 16:46] ==================================================
[2026-06-25 16:46] Client Acquisition OS — Weekly Refresh
[2026-06-25 16:46] ── JOBS ─────────────────────────────────
[2026-06-25 16:46]   Amazon Account Manager — Remote
[2026-06-25 16:46]     0 results
[2026-06-25 16:46]   Amazon Account Manager — New York
[2026-06-25 16:46]     10 results
[2026-06-25 16:46]   Amazon Brand Manager — Remote
[2026-06-25 16:46]     0 results
[2026-06-25 16:46]   Amazon Brand Manager — New York
[2026-06-25 16:46]     10 results
[2026-06-25 16:46]   Senior Amazon Brand Manager — Remote
[2026-06-25 16:46]     0 results
[2026-06-25 16:46]   Senior Amazon Brand Manager — New York
[2026-06-25 16:46]     10 results
[2026-06-25 16:46]   Amazon Marketplace Manager — Remote
[2026-06-25 16:46]     0 results
[2026-06-25 16:46]   Amazon Marketplace Manager — New York
[2026-06-25 16:46]     10 results
[2026-06-25 16:46]   Ecommerce Brand Manager — Remote
[2026-06-25 16:46]     0 results
[2026-06-25 16:46]   Ecommerce Brand Manager — New York
[2026-06-25 16:46]     10 results
[2026-06-25 16:46]   Ecommerce Account Manager — Remote
[2026-06-25 16:46]     0 results
[2026-06-25 16:46]   Ecommerce Account Manager — New York
[2026-06-25 16:46]     10 results
[2026-06-25 16:46]   Marketplace Manager Walmart Amazon — Remote
[2026-06-25 16:46]     0 results
[2026-06-25 16:46]   Marketplace Manager Walmart Amazon — New York
[2026-06-25 16:46]     0 results
[2026-06-25 16:46]   Ecommerce Operations Manager — Remote
[2026-06-25 16:46]     0 results
[2026-06-25 16:46]   Ecommerce Operations Manager — New York
[2026-06-25 16:46]     10 results
[2026-06-25 16:46]   DTC Brand Manager — Remote
[2026-06-25 16:46]     0 results
[2026-06-25 16:46]   DTC Brand Manager — New York
[2026-06-25 16:46]     10 results
[2026-06-25 16:46]   Amazon Agency Account Manager — Remote
[2026-06-25 16:46]     0 results
[2026-06-25 16:46]   Amazon Agency Account Manager — New York
[2026-06-25 16:46]     10 results
[2026-06-25 16:46]   Chief of Staff ecommerce — Remote
[2026-06-25 16:46]     0 results
[2026-06-25 16:46]   Chief of Staff ecommerce — New York
[2026-06-25 16:46]     1 results
[2026-06-25 16:46]   Chief of Staff startup — Remote
[2026-06-25 16:46]     0 results
[2026-06-25 16:46]   Chief of Staff startup — New York
[2026-06-25 16:46]     3 results
[2026-06-25 16:46]   Chief of Staff DTC — Remote
[2026-06-25 16:46]     0 results
[2026-06-25 16:46]   Chief of Staff DTC — New York
[2026-06-25 16:46]     2 results
[2026-06-25 16:46]   Head of Operations DTC — Remote
[2026-06-25 16:46]     0 results
[2026-06-25 16:46]   Head of Operations DTC — New York
[2026-06-25 16:46]     10 results
[2026-06-25 16:46]   Head of Operations ecommerce — Remote
[2026-06-25 16:46]     0 results
[2026-06-25 16:46]   Head of Operations ecommerce — New York
[2026-06-25 16:46]     10 results
[2026-06-25 16:46]   Director of Operations ecommerce — Remote
[2026-06-25 16:46]     0 results
[2026-06-25 16:46]   Director of Operations ecommerce — New York
[2026-06-25 16:46]     10 results
[2026-06-25 16:46]   EOS Integrator — Remote
[2026-06-25 16:46]     0 results
[2026-06-25 16:46]   EOS Integrator — New York
[2026-06-25 16:46]     10 results
[2026-06-25 16:46]   Fractional COO — Remote
[2026-06-25 16:46]     0 results
[2026-06-25 16:46]   Fractional COO — New York
[2026-06-25 16:46]     10 results
[2026-06-25 16:46]   VP Operations DTC — Remote
[2026-06-25 16:46]     0 results
[2026-06-25 16:46]   VP Operations DTC — New York
[2026-06-25 16:46]     10 results
[2026-06-25 16:46]   Business Operations Lead startup — Remote
[2026-06-25 16:46]     0 results
[2026-06-25 16:46]   Business Operations Lead startup — New York
[2026-06-25 16:46]     9 results
[2026-06-25 16:47]   Wrote 30 jobs to data/jobs.json (0 new)
[2026-06-25 16:47] ── CONTACTS ─────────────────────────────
[2026-06-25 16:47]   site:linkedin.com/in "amazon agency" "founder" operatio...
[2026-06-25 16:47]   site:linkedin.com/in "amazon agency" "co-founder"...
[2026-06-25 16:47]   site:linkedin.com/in "amazon agency" founder CEO...
[2026-06-25 16:47]   site:linkedin.com/in "ecommerce agency" founder operati...
[2026-06-25 16:47]   site:linkedin.com/in "FBA agency" founder...
[2026-06-25 16:47]   site:linkedin.com/in "amazon seller" founder COO...
[2026-06-25 16:47]   site:linkedin.com/in "amazon brand" founder operations...
[2026-06-25 16:47]   site:linkedin.com/in "amazon marketing agency" founder...
[2026-06-25 16:47]   site:linkedin.com/in "ecommerce operations" founder CEO...
[2026-06-25 16:47]   site:linkedin.com/in "amazon consulting" founder OR co-...
[2026-06-25 16:47]   No new contacts this week
[2026-06-25 16:47] Nothing new — skipping deploy
[2026-06-25 16:47] Done.

Scraper exit code: 0
--- Committing and pushing ---
[main 0936c89] Nightly auto-sync 2026-06-25
 Committer: OpenClaw <openclaw@Sovereigns-Mac-mini.local>
Your name and email address were configured automatically based
on your username and hostname. Please check that they are accurate.
You can suppress this message by setting them explicitly. Run the
following command and follow the instructions in your editor to edit
your configuration file:

    git config --global --edit

After doing this, you may fix the identity used for this commit with:

    git commit --amend --reset-author

 5 files changed, 218 insertions(+), 380 deletions(-)
To https://gitlab.com/client-os/client-os.git
   3ededc6..0936c89  main -> main
To https://github.com/angieraja23/client-os.git
   3ededc6..0936c89  main -> main
Vercel CLI 54.10.2 (Node.js 25.8.0)
Retrieving project…
Deploying angieraja23-9144s-projects/client-acquisition-os
Uploading [--------------------] (0.0B/409.1KB)
Uploading [=====---------------] (116.0KB/409.1KB)
Uploading [==========----------] (212.0KB/409.1KB)
Uploading [===============-----] (314.3KB/409.1KB)
Uploading [====================] (409.1KB/409.1KB)
  Inspect     https://vercel.com/angieraja23-9144s-projects/client-acquisition-os/6WEiyMkY1SmuM5No7A4UF68JdK6C
▲ Production  https://client-acquisition-ftcred230-angieraja23-9144s-projects.vercel.app
https://client-acquisition-ftcred230-angieraja23-9144s-projects.vercel.appBuilding…
Building…
Running build in Washington, D.C., USA (East) – iad1
Build machine configuration: 2 cores, 8 GB
Retrieving list of deployment files...
Previous build caches not available.
[2K[1A[2K[G▲ Production  https://client-acquisition-ftcred230-angieraja23-9144s-projects.vercel.app
Completing…
▲ Aliased     https://clientos.angieraja.com

✓ Ready in 5s
=== Deployed: Thu Jun 25 16:47:21 EDT 2026 ===
--- Running tailor ---
=== Tailor started: Thu Jun 25 16:47:21 EDT 2026 ===
Track: ops
SKIP (already tailored): Chief of Staff at Cascade at Jack & Jill
Track: ops
SKIP (already tailored): Chief of Staff to the GM of Housing at Flex
Track: ops
SKIP (already tailored): Chief of Staff at Gen Brands in West New York, New Jersey at Disabledperson, Inc
Track: ops
SKIP (already tailored): Startup Chief of Staff: Ops Leader for Founders (NY) at Reval
Track: ops
SKIP (already tailored): Chief of Staff to Tech Founder at Career Group in West New York, New Jersey at Disabledperson, Inc
Track: ops
SKIP (already tailored): Executive Assistant to the Chief of Staff at DEPARTMENT OF CORRECTION
Track: amazon
SKIP (already tailored): Ecommerce Operations Manager Fulfillment & Logistics Lead at JC OUTDOOR international
Track: amazon
SKIP (already tailored): Associate Manager, Commerce Platform Logistics - Strategy and Operations at DoorDash
Track: amazon
SKIP (already tailored): Sr. Resourcing Operations Manager at MKG Productions, LLC
Track: amazon
SKIP (already tailored): Court Operations Lead - Remote-First, Data-Driven Leader at Steno Agency, Inc.
Track: ops
SKIP (already tailored): Operations Manager: Lead Growth & Scale - 50k + Bonus at Universal Business Team
Track: ops
SKIP (already tailored): Logistics Operations Project Manager at Fluidstack
Track: ops
SKIP (already tailored): Manager, Enrollment Fulfillment Operations at New York Life
Track: amazon
SKIP (already tailored): Ecommerce Manager at Zachys Wine & Liquor
Track: amazon
SKIP (already tailored): Senior Amazon Brand Manager — Remote, Revenue Share at GNO Partners
Track: amazon
SKIP (already tailored): Amazon Brand Manager at Cartograph
Track: amazon
SKIP (already tailored): Remote Senior Amazon Brand Manager - High-Impact Growth at Scale Jet
Track: amazon
SKIP (already tailored): Director of Ecommerce at SBH Fashion
Track: amazon
SKIP (already tailored): Temp eCommerce Listings & Product Optimization at Dormont Manufacturing Company
Track: amazon
SKIP (already tailored): Luxury Brand Ecommerce Project Manager | Global Logistics at VISEO - Spain
Track: amazon
SKIP (already tailored): Ecommerce Brand Manager, Specialty Skincare at Church and Dwight Co Inc
Track: amazon
SKIP (already tailored): Ecommerce Marketplace Manager at Universal Perfumes & Cosmetics
Track: amazon
SKIP (already tailored): Luxury Omnichannel Operations Lead for DTC at KHAITE
Track: amazon
SKIP (already tailored): Director - DTC Partner Operations, MS at Versant Media, LLC
Track: amazon
SKIP (already tailored): Director of Customer Operations - Fast Growing DTC Brand Supplements 35 at MNY Ventures
Track: amazon
SKIP (already tailored): Integrated Marketing Manager - High Growth DTC Brand 35 at MNY Ventures
Track: amazon
SKIP (already tailored): Client Account Manager, Digital Accounts at Amsive
Track: amazon
SKIP (already tailored): Senior Account Manager - Contract / Remote at Direct Agents
Track: ops
SKIP (already tailored): Head of Business Operations for DTC E-commerce Brand Remote, US-Based at Paired Inc
Track: ops
SKIP (already tailored): DTC Performance & Growth Marketing Manager at Blueair North America
=== Tailor complete: 30 tailored, 0 failed at Thu Jun 25 16:50:54 EDT 2026 ===
=== Run finished: Thu Jun 25 16:50:54 EDT 2026 ===
=== Run started: Fri Jun 26 03:00:01 EDT 2026 ===
PATH=/opt/homebrew/bin:/opt/homebrew/sbin:/usr/local/bin:/usr/bin:/bin:/usr/sbin:/sbin
GITLAB_TOKEN=SET
GITHUB_TOKEN=SET
ANTHROPIC_API_KEY=SET
--- Running scraper ---
[2026-06-26 03:00] ==================================================
[2026-06-26 03:00] Client Acquisition OS — Weekly Refresh
[2026-06-26 03:00] ── JOBS ─────────────────────────────────
[2026-06-26 03:00]   Amazon Account Manager — Remote
[2026-06-26 03:00]     0 results
[2026-06-26 03:00]   Amazon Account Manager — New York
[2026-06-26 03:00]     10 results
[2026-06-26 03:00]   Amazon Brand Manager — Remote
[2026-06-26 03:00]     0 results
[2026-06-26 03:00]   Amazon Brand Manager — New York
[2026-06-26 03:00]     10 results
[2026-06-26 03:00]   Senior Amazon Brand Manager — Remote
[2026-06-26 03:00]     0 results
[2026-06-26 03:00]   Senior Amazon Brand Manager — New York
[2026-06-26 03:00]     0 results
[2026-06-26 03:00]   Amazon Marketplace Manager — Remote
[2026-06-26 03:00]     0 results
[2026-06-26 03:00]   Amazon Marketplace Manager — New York
[2026-06-26 03:00]     0 results
[2026-06-26 03:00]   Ecommerce Brand Manager — Remote
[2026-06-26 03:00]     0 results
[2026-06-26 03:00]   Ecommerce Brand Manager — New York
[2026-06-26 03:00]     10 results
[2026-06-26 03:00]   Ecommerce Account Manager — Remote
[2026-06-26 03:00]     0 results
[2026-06-26 03:00]   Ecommerce Account Manager — New York
[2026-06-26 03:00]     10 results
[2026-06-26 03:00]   Marketplace Manager Walmart Amazon — Remote
[2026-06-26 03:00]     0 results
[2026-06-26 03:00]   Marketplace Manager Walmart Amazon — New York
[2026-06-26 03:00]     8 results
[2026-06-26 03:00]   Ecommerce Operations Manager — Remote
[2026-06-26 03:01]     0 results
[2026-06-26 03:01]   Ecommerce Operations Manager — New York
[2026-06-26 03:01]     10 results
[2026-06-26 03:01]   DTC Brand Manager — Remote
[2026-06-26 03:01]     0 results
[2026-06-26 03:01]   DTC Brand Manager — New York
[2026-06-26 03:01]     10 results
[2026-06-26 03:01]   Amazon Agency Account Manager — Remote
[2026-06-26 03:01]     0 results
[2026-06-26 03:01]   Amazon Agency Account Manager — New York
[2026-06-26 03:01]     0 results
[2026-06-26 03:01]   Chief of Staff ecommerce — Remote
[2026-06-26 03:01]     0 results
[2026-06-26 03:01]   Chief of Staff ecommerce — New York
[2026-06-26 03:01]     2 results
[2026-06-26 03:01]   Chief of Staff startup — Remote
[2026-06-26 03:01]     0 results
[2026-06-26 03:01]   Chief of Staff startup — New York
[2026-06-26 03:01]     2 results
[2026-06-26 03:01]   Chief of Staff DTC — Remote
[2026-06-26 03:01]     0 results
[2026-06-26 03:02]   Chief of Staff DTC — New York
[2026-06-26 03:02]     1 results
[2026-06-26 03:02]   Head of Operations DTC — Remote
[2026-06-26 03:02]     0 results
[2026-06-26 03:02]   Head of Operations DTC — New York
[2026-06-26 03:02]     10 results
[2026-06-26 03:02]   Head of Operations ecommerce — Remote
[2026-06-26 03:02]     0 results
[2026-06-26 03:02]   Head of Operations ecommerce — New York
[2026-06-26 03:02]     10 results
[2026-06-26 03:02]   Director of Operations ecommerce — Remote
[2026-06-26 03:02]     0 results
[2026-06-26 03:02]   Director of Operations ecommerce — New York
[2026-06-26 03:02]     10 results
[2026-06-26 03:02]   EOS Integrator — Remote
[2026-06-26 03:02]     0 results
[2026-06-26 03:02]   EOS Integrator — New York
[2026-06-26 03:02]     10 results
[2026-06-26 03:02]   Fractional COO — Remote
[2026-06-26 03:02]     0 results
[2026-06-26 03:02]   Fractional COO — New York
[2026-06-26 03:03]     10 results
[2026-06-26 03:03]   VP Operations DTC — Remote
[2026-06-26 03:03]     0 results
[2026-06-26 03:03]   VP Operations DTC — New York
[2026-06-26 03:03]     10 results
[2026-06-26 03:03]   Business Operations Lead startup — Remote
[2026-06-26 03:03]     0 results
[2026-06-26 03:03]   Business Operations Lead startup — New York
[2026-06-26 03:03]     9 results
[2026-06-26 03:03]   Amazon Account Manager agency client portfolio — Remote
[2026-06-26 03:03]     0 results
[2026-06-26 03:03]   Amazon Account Manager agency client portfolio — New York
[2026-06-26 03:03]     0 results
[2026-06-26 03:03]   Amazon Brand Manager Seller Central agency — Remote
[2026-06-26 03:03]     0 results
[2026-06-26 03:03]   Amazon Brand Manager Seller Central agency — New York
[2026-06-26 03:03]     5 results
[2026-06-26 03:03]   Marketplace Account Manager consumer brands — Remote
[2026-06-26 03:03]     0 results
[2026-06-26 03:03]   Marketplace Account Manager consumer brands — New York
[2026-06-26 03:03]     1 results
[2026-06-26 03:03]   Ecommerce Account Manager client facing Amazon — Remote
[2026-06-26 03:03]     0 results
[2026-06-26 03:03]   Ecommerce Account Manager client facing Amazon — New York
[2026-06-26 03:04]     3 results
[2026-06-26 03:04]   Amazon Account Director agency — Remote
[2026-06-26 03:04]     0 results
[2026-06-26 03:04]   Amazon Account Director agency — New York
[2026-06-26 03:04]     6 results
[2026-06-26 03:04]   Senior Account Manager Amazon marketplace agency — Remote
[2026-06-26 03:04]     0 results
[2026-06-26 03:04]   Senior Account Manager Amazon marketplace agency — New York
[2026-06-26 03:04]     5 results
[2026-06-26 03:04]   Brand Strategy Manager Amazon ecommerce — Remote
[2026-06-26 03:04]     0 results
[2026-06-26 03:04]   Brand Strategy Manager Amazon ecommerce — New York
[2026-06-26 03:04]     10 results
[2026-06-26 03:04]   Client Success Manager Amazon agency — Remote
[2026-06-26 03:04]     0 results
[2026-06-26 03:04]   Client Success Manager Amazon agency — New York
[2026-06-26 03:04]     9 results
[2026-06-26 03:04]   Front Row Amazon account manager — Remote
[2026-06-26 03:04]     0 results
[2026-06-26 03:04]   Podean account manager — Remote
[2026-06-26 03:04]     0 results
[2026-06-26 03:04]   Pattern Amazon brand manager — Remote
[2026-06-26 03:04]     0 results
[2026-06-26 03:04]   Tinuiti Amazon manager — Remote
[2026-06-26 03:04]     0 results
[2026-06-26 03:04]   Darkroom Amazon manager — Remote
[2026-06-26 03:05]     0 results
[2026-06-26 03:05]   Wrote 13 jobs to data/jobs.json (0 new)
[2026-06-26 03:05] Nothing new — skipping deploy
[2026-06-26 03:05] Done.

Scraper exit code: 0
--- Committing and pushing ---
[main 88d6b49] Nightly auto-sync 2026-06-26
 Committer: OpenClaw <openclaw@Sovereigns-Mac-mini.local>
Your name and email address were configured automatically based
on your username and hostname. Please check that they are accurate.
You can suppress this message by setting them explicitly. Run the
following command and follow the instructions in your editor to edit
your configuration file:

    git config --global --edit

After doing this, you may fix the identity used for this commit with:

    git commit --amend --reset-author

 3 files changed, 267 insertions(+), 1 deletion(-)
failed to store: -61
To https://gitlab.com/client-os/client-os.git
   1e9da22..88d6b49  main -> main
To https://github.com/angieraja23/client-os.git
   1e9da22..88d6b49  main -> main
Vercel CLI 54.10.2 (Node.js 25.8.0)
Retrieving project…
Deploying angieraja23-9144s-projects/client-acquisition-os
Uploading [--------------------] (0.0B/529.6KB)
Uploading [=====---------------] (137.5KB/529.6KB)
Uploading [==========----------] (267.0KB/529.6KB)
Uploading [===============-----] (411.0KB/529.6KB)
Uploading [====================] (529.6KB/529.6KB)
  Inspect     https://vercel.com/angieraja23-9144s-projects/client-acquisition-os/Cg4NVZxBjhMLwkVaAvqmjtFmQBVD
▲ Production  https://client-acquisition-eiwxwk61c-angieraja23-9144s-projects.vercel.app
https://client-acquisition-eiwxwk61c-angieraja23-9144s-projects.vercel.appBuilding…
Building…
Running build in Washington, D.C., USA (East) – iad1
Build machine configuration: 2 cores, 8 GB
Retrieving list of deployment files...
Previous build caches not available.
Downloading 82 deployment files...
Running "vercel build"
Vercel CLI 54.17.2
Build Completed in /vercel/output [119ms]
Deploying outputs...
[2K[1A[2K[G▲ Production  https://client-acquisition-eiwxwk61c-angieraja23-9144s-projects.vercel.app
Completing…
▲ Aliased     https://clientos.angieraja.com

✓ Ready in 7s
=== Deployed: Fri Jun 26 03:05:13 EDT 2026 ===
--- Running tailor ---
=== Tailor started: Fri Jun 26 03:05:13 EDT 2026 ===
Track: ops
SKIP (already tailored): Chief of Staff at Cascade at Jack & Jill
Track: ops
SKIP (already tailored): Chief of Staff to the GM of Housing at Flex
Track: ops
SKIP (already tailored): Executive Assistant to the Chief of Staff at DEPARTMENT OF CORRECTION
Track: amazon
SKIP (already tailored): Associate Manager, Commerce Platform Logistics - Strategy and Operations at DoorDash
Track: amazon
SKIP (already tailored): Sr. Resourcing Operations Manager at MKG Productions, LLC
Track: ops
SKIP (already tailored): Logistics Operations Project Manager at Fluidstack
Track: ops
SKIP (already tailored): Manager, Enrollment Fulfillment Operations at New York Life
Track: amazon
SKIP (already tailored): Ecommerce Manager at Zachys Wine & Liquor
Track: amazon
SKIP (already tailored): Amazon Brand Manager at Cartograph
Track: amazon
SKIP (already tailored): Director of Ecommerce at SBH Fashion
Track: amazon
SKIP (already tailored): Ecommerce Marketplace Manager at Universal Perfumes & Cosmetics
Track: amazon
SKIP (already tailored): Client Account Manager, Digital Accounts at Amsive
Track: ops
SKIP (already tailored): DTC Performance & Growth Marketing Manager at Blueair North America
=== Tailor complete: 13 tailored, 0 failed at Fri Jun 26 03:06:47 EDT 2026 ===
=== Digest sent ===
=== Run finished: Fri Jun 26 03:06:48 EDT 2026 ===
=== Run started: Fri Jun 26 17:17:29 EDT 2026 ===
PATH=/opt/homebrew/bin:/opt/homebrew/sbin:/usr/local/bin:/usr/bin:/bin:/usr/sbin:/sbin
GITLAB_TOKEN=SET
GITHUB_TOKEN=SET
ANTHROPIC_API_KEY=SET
--- Running scraper ---
[2026-06-26 17:17] ==================================================
[2026-06-26 17:17] Client Acquisition OS — Weekly Refresh
[2026-06-26 17:17] ── JOBS ─────────────────────────────────
[2026-06-26 17:17]   Amazon Account Manager — Remote
[2026-06-26 17:17]     0 results
[2026-06-26 17:17]   Amazon Account Manager — New York
[2026-06-26 17:17]     10 results
[2026-06-26 17:17]     + AWS Sr. Enterprise Account Manager, Automotive & Manufacturing @ Amazon Web Services (AWS) (New York, NY) [LinkedIn · Easy Apply]
[2026-06-26 17:17]   Amazon Brand Manager — Remote
[2026-06-26 17:17]     0 results
[2026-06-26 17:17]   Amazon Brand Manager — New York
[2026-06-26 17:18]   SerpAPI error: The read operation timed out
[2026-06-26 17:18]     0 results
[2026-06-26 17:18]   Senior Amazon Brand Manager — Remote
[2026-06-26 17:18]     0 results
[2026-06-26 17:18]   Senior Amazon Brand Manager — New York
[2026-06-26 17:18]     10 results
[2026-06-26 17:18]     + Senior Amazon Brand Manager @ GNO Partners (Anywhere) [LinkedIn · Easy Apply]
[2026-06-26 17:18]     + Campaign & Creative Manager, Campaign & Creative Management, Amazon @ Amazon (New York, NY) [LinkedIn · Easy Apply]
[2026-06-26 17:18]     + Sr. Marketing Manager, Engagement, WW Amazon Flex, Amazon Flex @ Amazon (New York, NY) [LinkedIn · Easy Apply]
[2026-06-26 17:18]     + Director, Amazon @ Nécessaire, Inc. (New York, NY) [LinkedIn · Easy Apply]
[2026-06-26 17:18]   Amazon Marketplace Manager — Remote
[2026-06-26 17:18]     0 results
[2026-06-26 17:18]   Amazon Marketplace Manager — New York
[2026-06-26 17:18]     10 results
[2026-06-26 17:18]     + Amazon & Marketplace Account Growth Manager @ The PCA Group (Babylon, NY)
[2026-06-26 17:18]     + Remote Amazon Marketplace Manager at Foxelli Group Remote @ Foxelli Group (BETHEL, WA)
[2026-06-26 17:18]   Ecommerce Brand Manager — Remote
[2026-06-26 17:18]     0 results
[2026-06-26 17:18]   Ecommerce Brand Manager — New York
[2026-06-26 17:18]     10 results
[2026-06-26 17:18]     + E-commerce Growth Manager @ BURDLIFE (New York, NY) [LinkedIn · Easy Apply]
[2026-06-26 17:18]     + Marketplace Manager @ PetsWorld Inc (New York, NY) [LinkedIn · Easy Apply]
[2026-06-26 17:18]   Ecommerce Account Manager — Remote
[2026-06-26 17:18]     0 results
[2026-06-26 17:18]   Ecommerce Account Manager — New York
[2026-06-26 17:18]     10 results
[2026-06-26 17:18]     + TikTok Shop Account Manager @ KAMP Agency (New York, NY) [LinkedIn · Easy Apply]
[2026-06-26 17:18]     + Sales Account Manager, US LCS, Consumer Electronics @ Amazon (New York, NY) [LinkedIn · Easy Apply]
[2026-06-26 17:18]   Marketplace Manager Walmart Amazon — Remote
[2026-06-26 17:18]     0 results
[2026-06-26 17:18]   Marketplace Manager Walmart Amazon — New York
[2026-06-26 17:18]     0 results
[2026-06-26 17:18]   Ecommerce Operations Manager — Remote
[2026-06-26 17:18]     0 results
[2026-06-26 17:18]   Ecommerce Operations Manager — New York
[2026-06-26 17:19]     10 results
[2026-06-26 17:19]     + Director of Operations — Digital & Ecommerce @ Maxima Apparel (Westbury, NY) [LinkedIn · Easy Apply]
[2026-06-26 17:19]     + Senior Manager, Ecommerce @ SBH Fashion (New York, NY) [LinkedIn · Easy Apply]
[2026-06-26 17:19]   DTC Brand Manager — Remote
[2026-06-26 17:19]     0 results
[2026-06-26 17:19]   DTC Brand Manager — New York
[2026-06-26 17:19]     10 results
[2026-06-26 17:19]   Amazon Agency Account Manager — Remote
[2026-06-26 17:19]     0 results
[2026-06-26 17:19]   Amazon Agency Account Manager — New York
[2026-06-26 17:19]     10 results
[2026-06-26 17:19]     + Sales Account Manager, LCS Acquisitions @ Amazon (New York, NY) [LinkedIn · Easy Apply]
[2026-06-26 17:19]   Chief of Staff ecommerce — Remote
[2026-06-26 17:19]     0 results
[2026-06-26 17:19]   Chief of Staff ecommerce — New York
[2026-06-26 17:19]     1 results
[2026-06-26 17:19]   Chief of Staff startup — Remote
[2026-06-26 17:19]     0 results
[2026-06-26 17:19]   Chief of Staff startup — New York
[2026-06-26 17:19]     3 results
[2026-06-26 17:19]     + Chief of Staff - AI-native startup is rewiring a trillion-dollar consumer industry @ Big Wave Digital (New York, NY) [LinkedIn · Easy Apply]
[2026-06-26 17:19]   Chief of Staff DTC — Remote
[2026-06-26 17:19]     0 results
[2026-06-26 17:20]   Chief of Staff DTC — New York
[2026-06-26 17:20]     1 results
[2026-06-26 17:20]   Head of Operations DTC — Remote
[2026-06-26 17:20]     0 results
[2026-06-26 17:20]   Head of Operations DTC — New York
[2026-06-26 17:20]     10 results
[2026-06-26 17:20]   Head of Operations ecommerce — Remote
[2026-06-26 17:20]     0 results
[2026-06-26 17:20]   Head of Operations ecommerce — New York
[2026-06-26 17:20]     10 results
[2026-06-26 17:20]   Director of Operations ecommerce — Remote
[2026-06-26 17:20]     0 results
[2026-06-26 17:20]   Director of Operations ecommerce — New York
[2026-06-26 17:20]     10 results
[2026-06-26 17:20]   EOS Integrator — Remote
[2026-06-26 17:20]     0 results
[2026-06-26 17:20]   EOS Integrator — New York
[2026-06-26 17:20]     10 results
[2026-06-26 17:20]     + COO/EOS Integrator @ CBIZ Talent Solutions (New York, NY) [LinkedIn · Easy Apply]
[2026-06-26 17:20]   Fractional COO — Remote
[2026-06-26 17:20]     0 results
[2026-06-26 17:20]   Fractional COO — New York
[2026-06-26 17:20]     10 results
[2026-06-26 17:20]   VP Operations DTC — Remote
[2026-06-26 17:20]     0 results
[2026-06-26 17:20]   VP Operations DTC — New York
[2026-06-26 17:20]     10 results
[2026-06-26 17:20]   Business Operations Lead startup — Remote
[2026-06-26 17:20]     0 results
[2026-06-26 17:20]   Business Operations Lead startup — New York
[2026-06-26 17:21]     10 results
[2026-06-26 17:21]     + Office Operations at Series B AI Startup @ Bloom Talent (New York, NY) [LinkedIn · Easy Apply]
[2026-06-26 17:21]     + Office & Operations Lead — Startup NYC (Equity) @ The Talent Post (New York, NY)
[2026-06-26 17:21]   Amazon Account Manager agency client portfolio — Remote
[2026-06-26 17:21]     0 results
[2026-06-26 17:21]   Amazon Account Manager agency client portfolio — New York
[2026-06-26 17:21]     0 results
[2026-06-26 17:21]   Amazon Brand Manager Seller Central agency — Remote
[2026-06-26 17:21]     0 results
[2026-06-26 17:21]   Amazon Brand Manager Seller Central agency — New York
[2026-06-26 17:21]     6 results
[2026-06-26 17:21]   Marketplace Account Manager consumer brands — Remote
[2026-06-26 17:21]     0 results
[2026-06-26 17:21]   Marketplace Account Manager consumer brands — New York
[2026-06-26 17:21]     1 results
[2026-06-26 17:21]   Ecommerce Account Manager client facing Amazon — Remote
[2026-06-26 17:21]     0 results
[2026-06-26 17:21]   Ecommerce Account Manager client facing Amazon — New York
[2026-06-26 17:21]     3 results
[2026-06-26 17:21]     + Jr. Amazon Account Coordinator @ Tiide Commerce (Anywhere) [LinkedIn · Easy Apply]
[2026-06-26 17:21]   Amazon Account Director agency — Remote
[2026-06-26 17:21]     0 results
[2026-06-26 17:21]   Amazon Account Director agency — New York
[2026-06-26 17:21]     5 results
[2026-06-26 17:21]     + Amazon Account Coordinator - Affiliate Marketing Agency @ Ikon Digital Media (Anywhere) [LinkedIn · Easy Apply]
[2026-06-26 17:21]   Senior Account Manager Amazon marketplace agency — Remote
[2026-06-26 17:21]     0 results
[2026-06-26 17:21]   Senior Account Manager Amazon marketplace agency — New York
[2026-06-26 17:21]     7 results
[2026-06-26 17:21]   Brand Strategy Manager Amazon ecommerce — Remote
[2026-06-26 17:22]     0 results
[2026-06-26 17:22]   Brand Strategy Manager Amazon ecommerce — New York
[2026-06-26 17:22]     10 results
[2026-06-26 17:22]     + Manager, Amazon - Origins @ DECIEM | THE ABNORMAL BEAUTY COMPANY (New York, NY) [LinkedIn · Easy Apply]
[2026-06-26 17:22]   Client Success Manager Amazon agency — Remote
[2026-06-26 17:22]     0 results
[2026-06-26 17:22]   Client Success Manager Amazon agency — New York
[main 921301d] Weekly refresh 2026-06-26
 Committer: OpenClaw <openclaw@Sovereigns-Mac-mini.local>
Your name and email address were configured automatically based
on your username and hostname. Please check that they are accurate.
You can suppress this message by setting them explicitly. Run the
following command and follow the instructions in your editor to edit
your configuration file:

    git config --global --edit

After doing this, you may fix the identity used for this commit with:

    git commit --amend --reset-author

 9 files changed, 831 insertions(+), 21 deletions(-)
 create mode 100644 followup_nudge.py
 create mode 100644 morning_digest.py
[2026-06-26 17:22]     10 results
[2026-06-26 17:22]   Wrote 34 jobs to data/jobs.json (21 new)
[2026-06-26 17:22] ── DEPLOYING via GitLab ──────────────────
[2026-06-26 17:22]   Pushed to GitLab
[2026-06-26 17:22]   Deployed to Vercel
[2026-06-26 17:22] Done.

Scraper exit code: 0
--- Committing and pushing ---
[main a4955f9] Nightly auto-sync 2026-06-26
 Committer: OpenClaw <openclaw@Sovereigns-Mac-mini.local>
Your name and email address were configured automatically based
on your username and hostname. Please check that they are accurate.
You can suppress this message by setting them explicitly. Run the
following command and follow the instructions in your editor to edit
your configuration file:

    git config --global --edit

After doing this, you may fix the identity used for this commit with:

    git commit --amend --reset-author

 2 files changed, 30 insertions(+)
To https://gitlab.com/client-os/client-os.git
   921301d..a4955f9  main -> main
To https://github.com/angieraja23/client-os.git
   88d6b49..a4955f9  main -> main
Vercel CLI 54.10.2 (Node.js 25.8.0)
Retrieving project…
Deploying angieraja23-9144s-projects/client-acquisition-os
Uploading [--------------------] (0.0B/411.4KB)
Uploading [=====---------------] (112.0KB/411.4KB)
Uploading [==========----------] (208.0KB/411.4KB)
Uploading [===============-----] (308.7KB/411.4KB)
Uploading [====================] (411.4KB/411.4KB)
  Inspect     https://vercel.com/angieraja23-9144s-projects/client-acquisition-os/58h6jfdKY1mNrmrQGtZxhsz51toT
▲ Production  https://client-acquisition-kapv98dnk-angieraja23-9144s-projects.vercel.app
https://client-acquisition-kapv98dnk-angieraja23-9144s-projects.vercel.appBuilding…
Building…
Running build in Washington, D.C., USA (East) – iad1
Build machine configuration: 2 cores, 8 GB
Retrieving list of deployment files...
Previous build caches not available.
Downloading 82 deployment files...
Running "vercel build"
Vercel CLI 54.17.2
Build Completed in /vercel/output [116ms]
Deploying outputs...
[2K[1A[2K[G▲ Production  https://client-acquisition-kapv98dnk-angieraja23-9144s-projects.vercel.app
Completing…
▲ Aliased     https://clientos.angieraja.com

✓ Ready in 7s
=== Deployed: Fri Jun 26 17:22:50 EDT 2026 ===
--- Running tailor ---
=== Tailor started: Fri Jun 26 17:22:50 EDT 2026 ===
Track: ops
SKIP (already tailored): Chief of Staff at Cascade at Jack & Jill
Track: ops
SKIP (already tailored): Chief of Staff to the GM of Housing at Flex
Track: ops
SKIP (already tailored): Executive Assistant to the Chief of Staff at DEPARTMENT OF CORRECTION
Track: amazon
SKIP (already tailored): Associate Manager, Commerce Platform Logistics - Strategy and Operations at DoorDash
Track: amazon
SKIP (already tailored): Sr. Resourcing Operations Manager at MKG Productions, LLC
Track: ops
SKIP (already tailored): Logistics Operations Project Manager at Fluidstack
Track: ops
SKIP (already tailored): Manager, Enrollment Fulfillment Operations at New York Life
Track: amazon
SKIP (already tailored): Ecommerce Manager at Zachys Wine & Liquor
Track: amazon
SKIP (already tailored): Amazon Brand Manager at Cartograph
Track: amazon
SKIP (already tailored): Director of Ecommerce at SBH Fashion
Track: amazon
SKIP (already tailored): Ecommerce Marketplace Manager at Universal Perfumes & Cosmetics
Track: amazon
SKIP (already tailored): Client Account Manager, Digital Accounts at Amsive
Track: ops
SKIP (already tailored): DTC Performance & Growth Marketing Manager at Blueair North America
Track: amazon
Using resume: master_amazon.json

Tailoring resume for: AWS Sr. Enterprise Account Manager, Automotive & Manufacturing at Amazon Web Services (AWS)
Extracting keywords via Claude Haiku...
Top ATS keywords: ['Enterprise Account Management', 'AWS Cloud Services', 'Automotive Manufacturing', 'Strategic Sales', 'P&L Management', 'Customer Relationship Management']

Match score BEFORE tailoring: 66/100
  Already in resume: ['Enterprise Account Management', 'Strategic Sales', 'P&L Management', 'Customer Relationship Management']
  Missing: ['AWS Cloud Services', 'Automotive Manufacturing']

Match score AFTER tailoring: 100/100

Tailored resume saved: /Users/openclaw/job-search-agent/resumes/tailored/amazon-web-services-aws_aws-sr-enterprise-account-manager-automo.docx
Track: amazon
Using resume: master_amazon.json

Tailoring resume for: Senior Amazon Brand Manager at GNO Partners
Extracting keywords via Claude Haiku...
Top ATS keywords: ['Amazon Seller Central', 'Brand Strategy', 'P&L Management', 'Amazon Advertising', 'Category Management', 'Cross-Functional Leadership']

Match score BEFORE tailoring: 100/100
  Already in resume: ['Amazon Seller Central', 'Brand Strategy', 'P&L Management', 'Amazon Advertising', 'Category Management', 'Cross-Functional Leadership']
  Missing: []

Match score AFTER tailoring: 100/100

Tailored resume saved: /Users/openclaw/job-search-agent/resumes/tailored/gno-partners_senior-amazon-brand-manager.docx
Track: amazon
Using resume: master_amazon.json

Tailoring resume for: Campaign & Creative Manager, Campaign & Creative Management, Amazon at Amazon
Extracting keywords via Claude Haiku...
Top ATS keywords: ['Campaign Management', 'Creative Direction', 'Marketing Strategy', 'Cross-Functional Leadership', 'Performance Analytics', 'Brand Management']

Match score BEFORE tailoring: 100/100
  Already in resume: ['Campaign Management', 'Creative Direction', 'Marketing Strategy', 'Cross-Functional Leadership', 'Performance Analytics', 'Brand Management']
  Missing: []

Match score AFTER tailoring: 100/100

Tailored resume saved: /Users/openclaw/job-search-agent/resumes/tailored/amazon_campaign-creative-manager-campaign-creat.docx
Track: amazon
Using resume: master_amazon.json

Tailoring resume for: Sr. Marketing Manager, Engagement, WW Amazon Flex, Amazon Flex at Amazon
Extracting keywords via Claude Haiku...
Top ATS keywords: ['Marketing Strategy', 'Customer Engagement', 'Campaign Management', 'Data Analytics', 'Cross-Functional Leadership', 'Performance Marketing']

Match score BEFORE tailoring: 83/100
  Already in resume: ['Marketing Strategy', 'Customer Engagement', 'Campaign Management', 'Cross-Functional Leadership', 'Performance Marketing']
  Missing: ['Data Analytics']

Match score AFTER tailoring: 100/100

Tailored resume saved: /Users/openclaw/job-search-agent/resumes/tailored/amazon_sr-marketing-manager-engagement-ww-amazo.docx
Track: amazon
Using resume: master_amazon.json

Tailoring resume for: Director, Amazon at Nécessaire, Inc.
Extracting keywords via Claude Haiku...
Top ATS keywords: ['Amazon Sales Management', 'P&L Responsibility', 'Strategic Leadership', 'Vendor Relations', 'Performance Metrics', 'Cross-Functional Collaboration']

Match score BEFORE tailoring: 83/100
  Already in resume: ['Amazon Sales Management', 'Strategic Leadership', 'Vendor Relations', 'Performance Metrics', 'Cross-Functional Collaboration']
  Missing: ['P&L Responsibility']

Match score AFTER tailoring: 100/100

Tailored resume saved: /Users/openclaw/job-search-agent/resumes/tailored/n-cessaire-inc_director-amazon.docx
Track: amazon
Using resume: master_amazon.json

Tailoring resume for: Amazon & Marketplace Account Growth Manager at The PCA Group
Extracting keywords via Claude Haiku...
Top ATS keywords: ['Amazon Seller Central', 'Marketplace Account Management', 'Sales Growth Strategy', 'P&L Management', 'Vendor Relations', 'Performance Analytics']

Match score BEFORE tailoring: 100/100
  Already in resume: ['Amazon Seller Central', 'Marketplace Account Management', 'Sales Growth Strategy', 'P&L Management', 'Vendor Relations', 'Performance Analytics']
  Missing: []

Match score AFTER tailoring: 100/100

Tailored resume saved: /Users/openclaw/job-search-agent/resumes/tailored/the-pca-group_amazon-marketplace-account-growth-manage.docx
Track: amazon
Using resume: master_amazon.json

Tailoring resume for: Remote Amazon Marketplace Manager at Foxelli Group Remote at Foxelli Group
Extracting keywords via Claude Haiku...
Top ATS keywords: ['Amazon Seller Central', 'Marketplace Management', 'Product Listing Optimization', 'Sales Analytics', 'Inventory Management', 'Channel Strategy']

Match score BEFORE tailoring: 83/100
  Already in resume: ['Amazon Seller Central', 'Marketplace Management', 'Product Listing Optimization', 'Inventory Management', 'Channel Strategy']
  Missing: ['Sales Analytics']

Match score AFTER tailoring: 100/100

Tailored resume saved: /Users/openclaw/job-search-agent/resumes/tailored/foxelli-group_remote-amazon-marketplace-manager-at-fox.docx
Track: amazon
Using resume: master_amazon.json

Tailoring resume for: E-commerce Growth Manager at BURDLIFE
Extracting keywords via Claude Haiku...
Top ATS keywords: ['E-commerce Strategy', 'Growth Marketing', 'Conversion Rate Optimization', 'Data Analytics', 'A/B Testing', 'Multi-Channel Management']

Match score BEFORE tailoring: 66/100
  Already in resume: ['E-commerce Strategy', 'Growth Marketing', 'Conversion Rate Optimization', 'Multi-Channel Management']
  Missing: ['Data Analytics', 'A/B Testing']

Match score AFTER tailoring: 100/100

Tailored resume saved: /Users/openclaw/job-search-agent/resumes/tailored/burdlife_e-commerce-growth-manager.docx
Track: amazon
Using resume: master_amazon.json

Tailoring resume for: Marketplace Manager at PetsWorld Inc
Extracting keywords via Claude Haiku...
Top ATS keywords: ['Marketplace Management', 'Vendor Relations', 'P&L Management', 'Performance Analytics', 'Channel Strategy', 'Inventory Management']

Match score BEFORE tailoring: 100/100
  Already in resume: ['Marketplace Management', 'Vendor Relations', 'P&L Management', 'Performance Analytics', 'Channel Strategy', 'Inventory Management']
  Missing: []

Match score AFTER tailoring: 100/100

Tailored resume saved: /Users/openclaw/job-search-agent/resumes/tailored/petsworld-inc_marketplace-manager.docx
Track: amazon
Using resume: master_amazon.json

Tailoring resume for: TikTok Shop Account Manager at KAMP Agency
Extracting keywords via Claude Haiku...
Top ATS keywords: ['TikTok Shop Management', 'E-commerce Account Management', 'Sales Strategy', 'Performance Analytics', 'Client Relationship Management', 'Social Commerce']

Match score BEFORE tailoring: 100/100
  Already in resume: ['TikTok Shop Management', 'E-commerce Account Management', 'Sales Strategy', 'Performance Analytics', 'Client Relationship Management', 'Social Commerce']
  Missing: []

Match score AFTER tailoring: 100/100

Tailored resume saved: /Users/openclaw/job-search-agent/resumes/tailored/kamp-agency_tiktok-shop-account-manager.docx
Track: amazon
Using resume: master_amazon.json

Tailoring resume for: Sales Account Manager, US LCS, Consumer Electronics at Amazon
Extracting keywords via Claude Haiku...
Top ATS keywords: ['Account Management', 'Sales Strategy', 'Consumer Electronics', 'Revenue Growth', 'Client Relationship Management', 'Territory Management']

Match score BEFORE tailoring: 100/100
  Already in resume: ['Account Management', 'Sales Strategy', 'Consumer Electronics', 'Revenue Growth', 'Client Relationship Management', 'Territory Management']
  Missing: []

Match score AFTER tailoring: 100/100

Tailored resume saved: /Users/openclaw/job-search-agent/resumes/tailored/amazon_sales-account-manager-us-lcs-consumer-el.docx
Track: amazon
Using resume: master_amazon.json

Tailoring resume for: Director of Operations — Digital & Ecommerce at Maxima Apparel
Extracting keywords via Claude Haiku...
Top ATS keywords: ['Ecommerce Operations', 'Digital Strategy', 'P&L Management', 'Supply Chain Management', 'Cross-Functional Leadership', 'KPI Analytics']

Match score BEFORE tailoring: 83/100
  Already in resume: ['Ecommerce Operations', 'Digital Strategy', 'P&L Management', 'Supply Chain Management', 'Cross-Functional Leadership']
  Missing: ['KPI Analytics']

Match score AFTER tailoring: 100/100

Tailored resume saved: /Users/openclaw/job-search-agent/resumes/tailored/maxima-apparel_director-of-operations-digital-ecommerce.docx
Track: amazon
Using resume: master_amazon.json

Tailoring resume for: Senior Manager, Ecommerce at SBH Fashion
Extracting keywords via Claude Haiku...
Top ATS keywords: ['Ecommerce Strategy', 'P&L Management', 'Cross-Functional Leadership', 'Digital Marketing', 'KPI Tracking', 'Vendor Management']

Match score BEFORE tailoring: 100/100
  Already in resume: ['Ecommerce Strategy', 'P&L Management', 'Cross-Functional Leadership', 'Digital Marketing', 'KPI Tracking', 'Vendor Management']
  Missing: []

Match score AFTER tailoring: 100/100

Tailored resume saved: /Users/openclaw/job-search-agent/resumes/tailored/sbh-fashion_senior-manager-ecommerce.docx
Track: amazon
Using resume: master_amazon.json

Tailoring resume for: Sales Account Manager, LCS Acquisitions at Amazon
Extracting keywords via Claude Haiku...
Top ATS keywords: ['Account Management', 'Sales Strategy', 'Client Relationship Management', 'Revenue Growth', 'Negotiation Skills', 'Territory Management']

Match score BEFORE tailoring: 83/100
  Already in resume: ['Account Management', 'Sales Strategy', 'Client Relationship Management', 'Revenue Growth', 'Territory Management']
  Missing: ['Negotiation Skills']

Match score AFTER tailoring: 100/100

Tailored resume saved: /Users/openclaw/job-search-agent/resumes/tailored/amazon_sales-account-manager-lcs-acquisitions.docx
Track: ops
Using resume: master_ops.json

Tailoring resume for: Chief of Staff - AI-native startup is rewiring a trillion-dollar consumer industry at Big Wave Digital
Extracting keywords via Claude Haiku...
Top ATS keywords: ['Strategic Planning', 'Cross-Functional Leadership', 'Operational Management', 'Startup Scaling', 'AI Industry Knowledge', 'Executive Support']

Match score BEFORE tailoring: 66/100
  Already in resume: ['Strategic Planning', 'Cross-Functional Leadership', 'Operational Management', 'Startup Scaling']
  Missing: ['AI Industry Knowledge', 'Executive Support']

Match score AFTER tailoring: 100/100

Tailored resume saved: /Users/openclaw/job-search-agent/resumes/tailored/big-wave-digital_chief-of-staff-ai-native-startup-is-rewi.docx
Track: ops
Using resume: master_ops.json

Tailoring resume for: COO/EOS Integrator at CBIZ Talent Solutions
Extracting keywords via Claude Haiku...
Top ATS keywords: ['EOS Implementation', 'Operations Management', 'Strategic Planning', 'Leadership Development', 'Process Improvement', 'Financial Management']

Match score BEFORE tailoring: 83/100
  Already in resume: ['Operations Management', 'Strategic Planning', 'Leadership Development', 'Process Improvement', 'Financial Management']
  Missing: ['EOS Implementation']

Match score AFTER tailoring: 100/100

Tailored resume saved: /Users/openclaw/job-search-agent/resumes/tailored/cbiz-talent-solutions_coo-eos-integrator.docx
Track: ops
Using resume: master_ops.json

Tailoring resume for: Office Operations at Series B AI Startup at Bloom Talent
Extracting keywords via Claude Haiku...
Top ATS keywords: ['Office Operations', 'Administrative Management', 'Vendor Management', 'Budget Planning', 'Process Improvement', 'Cross-Functional Coordination']

Match score BEFORE tailoring: 100/100
  Already in resume: ['Office Operations', 'Administrative Management', 'Vendor Management', 'Budget Planning', 'Process Improvement', 'Cross-Functional Coordination']
  Missing: []

Match score AFTER tailoring: 100/100

Tailored resume saved: /Users/openclaw/job-search-agent/resumes/tailored/bloom-talent_office-operations-at-series-b-ai-startup.docx
Track: ops
Using resume: master_ops.json

Tailoring resume for: Office & Operations Lead — Startup NYC (Equity) at The Talent Post
Extracting keywords via Claude Haiku...
Top ATS keywords: ['Operations Management', 'Startup Operations', 'Office Administration', 'Process Optimization', 'Cross-Functional Leadership', 'Budget Management']

Match score BEFORE tailoring: 83/100
  Already in resume: ['Operations Management', 'Startup Operations', 'Process Optimization', 'Cross-Functional Leadership', 'Budget Management']
  Missing: ['Office Administration']

Match score AFTER tailoring: 100/100

Tailored resume saved: /Users/openclaw/job-search-agent/resumes/tailored/the-talent-post_office-operations-lead-startup-nyc-equit.docx
Track: ops
Using resume: master_ops.json

Tailoring resume for: Jr. Amazon Account Coordinator at Tiide Commerce
Extracting keywords via Claude Haiku...
Top ATS keywords: ['Amazon Seller Central', 'Account Management', 'Inventory Management', 'Order Processing', 'Performance Metrics', 'Customer Service']

Match score BEFORE tailoring: 83/100
  Already in resume: ['Amazon Seller Central', 'Account Management', 'Inventory Management', 'Performance Metrics', 'Customer Service']
  Missing: ['Order Processing']

Match score AFTER tailoring: 100/100

Tailored resume saved: /Users/openclaw/job-search-agent/resumes/tailored/tiide-commerce_jr-amazon-account-coordinator.docx
Track: ops
Using resume: master_ops.json

Tailoring resume for: Amazon Account Coordinator - Affiliate Marketing Agency at Ikon Digital Media
Extracting keywords via Claude Haiku...
Top ATS keywords: ['Amazon Seller Central', 'Affiliate Marketing', 'Account Management', 'Performance Analytics', 'Campaign Optimization', 'Vendor Relations']

Match score BEFORE tailoring: 100/100
  Already in resume: ['Amazon Seller Central', 'Affiliate Marketing', 'Account Management', 'Performance Analytics', 'Campaign Optimization', 'Vendor Relations']
  Missing: []

Match score AFTER tailoring: 100/100

Tailored resume saved: /Users/openclaw/job-search-agent/resumes/tailored/ikon-digital-media_amazon-account-coordinator-affiliate-mar.docx
Track: ops
Using resume: master_ops.json

Tailoring resume for: Manager, Amazon - Origins at DECIEM | THE ABNORMAL BEAUTY COMPANY
Extracting keywords via Claude Haiku...
Top ATS keywords: ['Amazon Management', 'E-commerce Strategy', 'P&L Management', 'Vendor Relations', 'Performance Analytics', 'Cross-Functional Leadership']

Match score BEFORE tailoring: 100/100
  Already in resume: ['Amazon Management', 'E-commerce Strategy', 'P&L Management', 'Vendor Relations', 'Performance Analytics', 'Cross-Functional Leadership']
  Missing: []

Match score AFTER tailoring: 100/100

Tailored resume saved: /Users/openclaw/job-search-agent/resumes/tailored/deciem-the-abnormal-beauty-company_manager-amazon-origins.docx
=== Tailor complete: 34 tailored, 0 failed at Fri Jun 26 17:27:18 EDT 2026 ===
=== Digest sent ===
=== Run finished: Fri Jun 26 17:27:19 EDT 2026 ===
=== Run started: Mon Jun 29 03:00:00 EDT 2026 ===
PATH=/opt/homebrew/bin:/opt/homebrew/sbin:/usr/local/bin:/usr/bin:/bin:/usr/sbin:/sbin
GITLAB_TOKEN=SET
GITHUB_TOKEN=SET
ANTHROPIC_API_KEY=SET
--- Running scraper ---
[2026-06-29 03:00] ==================================================
[2026-06-29 03:00] Client Acquisition OS — Weekly Refresh
[2026-06-29 03:00] ── JOBS ─────────────────────────────────
[2026-06-29 03:00]   Amazon Account Manager — Remote
[2026-06-29 03:00]     0 results
[2026-06-29 03:00]   Amazon Account Manager — New York
[2026-06-29 03:00]     10 results
[2026-06-29 03:00]     + Website for Amazon Account Management @ Upwork (Anywhere) [LinkedIn · Easy Apply]
[2026-06-29 03:00]   Amazon Brand Manager — Remote
[2026-06-29 03:00]   SerpAPI error: The read operation timed out
[2026-06-29 03:00]     0 results
[2026-06-29 03:00]   Amazon Brand Manager — New York
[2026-06-29 03:00]     0 results
[2026-06-29 03:00]   Senior Amazon Brand Manager — Remote
[2026-06-29 03:00]     0 results
[2026-06-29 03:00]   Senior Amazon Brand Manager — New York
[2026-06-29 03:00]     10 results
[2026-06-29 03:00]     + Sr Product Marketing Manager, WW New Customer Registration, Amazon Business @ Amazon (New York, NY) [LinkedIn · Easy Apply]
[2026-06-29 03:00]   Amazon Marketplace Manager — Remote
[2026-06-29 03:01]     0 results
[2026-06-29 03:01]   Amazon Marketplace Manager — New York
[2026-06-29 03:01]     10 results
[2026-06-29 03:01]     + Amazon Marketplace Specialist @ Master Wholesale International, Inc. (West New York, NJ) [LinkedIn · Easy Apply]
[2026-06-29 03:01]   Ecommerce Brand Manager — Remote
[2026-06-29 03:01]     0 results
[2026-06-29 03:01]   Ecommerce Brand Manager — New York
[2026-06-29 03:01]     10 results
[2026-06-29 03:01]     + Senior Brand Manager, eCommerce Agency @ Jobot (New York)
[2026-06-29 03:01]   Ecommerce Account Manager — Remote
[2026-06-29 03:01]     0 results
[2026-06-29 03:01]   Ecommerce Account Manager — New York
[2026-06-29 03:01]     10 results
[2026-06-29 03:01]   Marketplace Manager Walmart Amazon — Remote
[2026-06-29 03:01]     0 results
[2026-06-29 03:01]   Marketplace Manager Walmart Amazon — New York
[2026-06-29 03:01]     10 results
[2026-06-29 03:01]   Ecommerce Operations Manager — Remote
[2026-06-29 03:01]     0 results
[2026-06-29 03:01]   Ecommerce Operations Manager — New York
[2026-06-29 03:01]     10 results
[2026-06-29 03:01]     + Category Manager Intern (TikTok Shop - Operations) - 2026 Summer (MBA) @ TikTok (New York, NY) [LinkedIn · Easy Apply]
[2026-06-29 03:02]     + Ecommerce Optimization Manager @ Clean Simple Eats, LLC. (Anywhere)
[2026-06-29 03:02]   DTC Brand Manager — Remote
[2026-06-29 03:02]     0 results
[2026-06-29 03:02]   DTC Brand Manager — New York
[2026-06-29 03:02]     0 results
[2026-06-29 03:02]   Amazon Agency Account Manager — Remote
[2026-06-29 03:02]     0 results
[2026-06-29 03:02]   Amazon Agency Account Manager — New York
[2026-06-29 03:02]     10 results
[2026-06-29 03:02]     + National Account Manager - Amazon @ Scholastic (New York, NY) [LinkedIn · Easy Apply]
[2026-06-29 03:02]     + Sales Account Manager, US LCS, Consumer Electronics @ Amazon Advertising LLC (New York, NY) [LinkedIn · Easy Apply]
[2026-06-29 03:02]   Chief of Staff ecommerce — Remote
[2026-06-29 03:02]     0 results
[2026-06-29 03:02]   Chief of Staff ecommerce — New York
[2026-06-29 03:02]     5 results
[2026-06-29 03:02]   Chief of Staff startup — Remote
[2026-06-29 03:02]     0 results
[2026-06-29 03:02]   Chief of Staff startup — New York
[2026-06-29 03:02]     5 results
[2026-06-29 03:02]   Chief of Staff DTC — Remote
[2026-06-29 03:02]     0 results
[2026-06-29 03:02]   Chief of Staff DTC — New York
[2026-06-29 03:02]     1 results
[2026-06-29 03:02]   Head of Operations DTC — Remote
[2026-06-29 03:02]     0 results
[2026-06-29 03:03]   Head of Operations DTC — New York
[2026-06-29 03:03]     6 results
[2026-06-29 03:03]   Head of Operations ecommerce — Remote
[2026-06-29 03:03]     0 results
[2026-06-29 03:03]   Head of Operations ecommerce — New York
[2026-06-29 03:03]     10 results
[2026-06-29 03:03]     + Director of Business Operations, SaaS | AI | eCommerce @ Get Plus - The Autonomous Commerce OS (Anywhere) [LinkedIn · Easy Apply]
[2026-06-29 03:03]   Director of Operations ecommerce — Remote
[2026-06-29 03:03]     0 results
[2026-06-29 03:03]   Director of Operations ecommerce — New York
[2026-06-29 03:03]     10 results
[2026-06-29 03:03]   EOS Integrator — Remote
[2026-06-29 03:04]     0 results
[2026-06-29 03:04]   EOS Integrator — New York
[2026-06-29 03:04]     7 results
[2026-06-29 03:04]   Fractional COO — Remote
[2026-06-29 03:04]     0 results
[2026-06-29 03:04]   Fractional COO — New York
[2026-06-29 03:04]     10 results
[2026-06-29 03:04]   VP Operations DTC — Remote
[2026-06-29 03:04]   SerpAPI error: The read operation timed out
[2026-06-29 03:04]     0 results
[2026-06-29 03:04]   VP Operations DTC — New York
[2026-06-29 03:04]     10 results
[2026-06-29 03:04]   Business Operations Lead startup — Remote
[2026-06-29 03:04]     0 results
[2026-06-29 03:04]   Business Operations Lead startup — New York
[2026-06-29 03:05]   SerpAPI error: The read operation timed out
[2026-06-29 03:05]     0 results
[2026-06-29 03:05]   Amazon Account Manager agency client portfolio — Remote
[2026-06-29 03:05]     0 results
[2026-06-29 03:05]   Amazon Account Manager agency client portfolio — New York
[2026-06-29 03:05]     0 results
[2026-06-29 03:05]   Amazon Brand Manager Seller Central agency — Remote
[2026-06-29 03:05]   SerpAPI error: The read operation timed out
[2026-06-29 03:05]     0 results
[2026-06-29 03:05]   Amazon Brand Manager Seller Central agency — New York
[2026-06-29 03:05]     7 results
[2026-06-29 03:05]   Marketplace Account Manager consumer brands — Remote
[2026-06-29 03:06]     0 results
[2026-06-29 03:06]   Marketplace Account Manager consumer brands — New York
[2026-06-29 03:06]     1 results
[2026-06-29 03:06]   Ecommerce Account Manager client facing Amazon — Remote
[2026-06-29 03:06]     0 results
[2026-06-29 03:06]   Ecommerce Account Manager client facing Amazon — New York
[2026-06-29 03:06]     0 results
[2026-06-29 03:06]   Amazon Account Director agency — Remote
[2026-06-29 03:06]     0 results
[2026-06-29 03:06]   Amazon Account Director agency — New York
[2026-06-29 03:07]     6 results
[2026-06-29 03:07]   Senior Account Manager Amazon marketplace agency — Remote
[2026-06-29 03:07]     0 results
[2026-06-29 03:07]   Senior Account Manager Amazon marketplace agency — New York
[2026-06-29 03:07]     4 results
[2026-06-29 03:07]   Brand Strategy Manager Amazon ecommerce — Remote
[2026-06-29 03:07]     0 results
[2026-06-29 03:07]   Brand Strategy Manager Amazon ecommerce — New York
[2026-06-29 03:07]     10 results
[2026-06-29 03:07]   Client Success Manager Amazon agency — Remote
[2026-06-29 03:07]     0 results
[2026-06-29 03:07]   Client Success Manager Amazon agency — New York
[2026-06-29 03:07]     7 results
[2026-06-29 03:07]   Wrote 43 jobs to data/jobs.json (9 new)
[2026-06-29 03:07] ── CONTACTS ─────────────────────────────
[2026-06-29 03:07]   site:linkedin.com/in "amazon agency" "founder" operatio...
[2026-06-29 03:08]   site:linkedin.com/in "amazon agency" "co-founder"...
[2026-06-29 03:08]     + Becky Avila — Co-Founder Click Fluency Full Service ... @ 
[2026-06-29 03:08]   site:linkedin.com/in "amazon agency" founder CEO...
[2026-06-29 03:08]     + Syed Asadulla — Founder & CEO @ Project E Agency
[2026-06-29 03:08]   site:linkedin.com/in "ecommerce agency" founder operati...
[2026-06-29 03:08]     + Karl Norelius — Co-Founder, Battle Juice @ 
[2026-06-29 03:08]   site:linkedin.com/in "FBA agency" founder...
[2026-06-29 03:08]   site:linkedin.com/in "amazon seller" founder COO...
[2026-06-29 03:08]   site:linkedin.com/in "amazon brand" founder operations...
[2026-06-29 03:08]   site:linkedin.com/in "amazon marketing agency" founder...
[2026-06-29 03:09]     + Yuvrajsinh Bhadoriya — Co-Founder, Amazon Growth ... @ 
[main 0e7d713] Weekly refresh 2026-06-29
 Committer: OpenClaw <openclaw@Sovereigns-Mac-mini.local>
Your name and email address were configured automatically based
on your username and hostname. Please check that they are accurate.
You can suppress this message by setting them explicitly. Run the
following command and follow the instructions in your editor to edit
your configuration file:

    git config --global --edit

After doing this, you may fix the identity used for this commit with:

    git commit --amend --reset-author

 6 files changed, 897 insertions(+), 2 deletions(-)
[2026-06-29 03:09]   site:linkedin.com/in "ecommerce operations" founder CEO...
[2026-06-29 03:09]     + Contact — Founder-Operator at Sendegaro @ Shopify Growth ...
[2026-06-29 03:09]     + Christopher Deck — Founder/CEO @ Deck Commerce
[2026-06-29 03:09]   site:linkedin.com/in "amazon consulting" founder OR co-...
[2026-06-29 03:09]     + Eli Coen — CEO at Lero @ Amazon Dude
[2026-06-29 03:09]   Added 7 contacts (total 99)
[2026-06-29 03:09] ── DEPLOYING via GitLab ──────────────────
[2026-06-29 03:09]   Pushed to GitLab
[2026-06-29 03:09]   Deployed to Vercel
[2026-06-29 03:09] Done.

Scraper exit code: 0
--- Committing and pushing ---
[main 887d513] Nightly auto-sync 2026-06-29
 Committer: OpenClaw <openclaw@Sovereigns-Mac-mini.local>
Your name and email address were configured automatically based
on your username and hostname. Please check that they are accurate.
You can suppress this message by setting them explicitly. Run the
following command and follow the instructions in your editor to edit
your configuration file:

    git config --global --edit

After doing this, you may fix the identity used for this commit with:

    git commit --amend --reset-author

 2 files changed, 32 insertions(+)
failed to store: -61
To https://gitlab.com/client-os/client-os.git
   0e7d713..887d513  main -> main
To https://github.com/angieraja23/client-os.git
   a4955f9..887d513  main -> main
Vercel CLI 54.10.2 (Node.js 25.8.0)
Retrieving project…
Deploying angieraja23-9144s-projects/client-acquisition-os
Uploading [--------------------] (0.0B/447.2KB)
Uploading [=====---------------] (112.0KB/447.2KB)
Uploading [==========----------] (224.0KB/447.2KB)
Uploading [===============-----] (349.3KB/447.2KB)
Uploading [====================] (447.2KB/447.2KB)
  Inspect     https://vercel.com/angieraja23-9144s-projects/client-acquisition-os/DnyNZ8M4oUv9eqBHvixJQ8B6Ahrf
▲ Production  https://client-acquisition-fvjymygqw-angieraja23-9144s-projects.vercel.app
https://client-acquisition-fvjymygqw-angieraja23-9144s-projects.vercel.appBuilding…
Building…
Running build in Washington, D.C., USA (East) – iad1
Build machine configuration: 2 cores, 8 GB
Retrieving list of deployment files...
Previous build caches not available.
[2K[1A[2K[G▲ Production  https://client-acquisition-fvjymygqw-angieraja23-9144s-projects.vercel.app
Completing…
▲ Aliased     https://clientos.angieraja.com

✓ Ready in 7s
=== Deployed: Mon Jun 29 03:09:52 EDT 2026 ===
--- Running tailor ---
=== Tailor started: Mon Jun 29 03:09:52 EDT 2026 ===
Track: ops
SKIP (already tailored): Chief of Staff at Cascade at Jack & Jill
Track: ops
SKIP (already tailored): Chief of Staff to the GM of Housing at Flex
Track: ops
SKIP (already tailored): Executive Assistant to the Chief of Staff at DEPARTMENT OF CORRECTION
Track: amazon
SKIP (already tailored): Associate Manager, Commerce Platform Logistics - Strategy and Operations at DoorDash
Track: amazon
SKIP (already tailored): Sr. Resourcing Operations Manager at MKG Productions, LLC
Track: ops
SKIP (already tailored): Logistics Operations Project Manager at Fluidstack
Track: ops
SKIP (already tailored): Manager, Enrollment Fulfillment Operations at New York Life
Track: amazon
SKIP (already tailored): Ecommerce Manager at Zachys Wine & Liquor
Track: amazon
SKIP (already tailored): Amazon Brand Manager at Cartograph
Track: amazon
SKIP (already tailored): Director of Ecommerce at SBH Fashion
Track: amazon
SKIP (already tailored): Ecommerce Marketplace Manager at Universal Perfumes & Cosmetics
Track: amazon
SKIP (already tailored): Client Account Manager, Digital Accounts at Amsive
Track: ops
SKIP (already tailored): DTC Performance & Growth Marketing Manager at Blueair North America
Track: amazon
SKIP (already tailored): AWS Sr. Enterprise Account Manager, Automotive & Manufacturing at Amazon Web Services (AWS)
Track: amazon
SKIP (already tailored): Senior Amazon Brand Manager at GNO Partners
Track: amazon
SKIP (already tailored): Campaign & Creative Manager, Campaign & Creative Management, Amazon at Amazon
Track: amazon
SKIP (already tailored): Sr. Marketing Manager, Engagement, WW Amazon Flex, Amazon Flex at Amazon
Track: amazon
SKIP (already tailored): Director, Amazon at Nécessaire, Inc.
Track: amazon
SKIP (already tailored): Amazon & Marketplace Account Growth Manager at The PCA Group
Track: amazon
SKIP (already tailored): Remote Amazon Marketplace Manager at Foxelli Group Remote at Foxelli Group
Track: amazon
SKIP (already tailored): E-commerce Growth Manager at BURDLIFE
Track: amazon
SKIP (already tailored): Marketplace Manager at PetsWorld Inc
Track: amazon
SKIP (already tailored): TikTok Shop Account Manager at KAMP Agency
Track: amazon
SKIP (already tailored): Sales Account Manager, US LCS, Consumer Electronics at Amazon
Track: amazon
SKIP (already tailored): Director of Operations — Digital & Ecommerce at Maxima Apparel
Track: amazon
SKIP (already tailored): Senior Manager, Ecommerce at SBH Fashion
Track: amazon
SKIP (already tailored): Sales Account Manager, LCS Acquisitions at Amazon
Track: ops
SKIP (already tailored): Chief of Staff - AI-native startup is rewiring a trillion-dollar consumer industry at Big Wave Digital
Track: ops
SKIP (already tailored): COO/EOS Integrator at CBIZ Talent Solutions
Track: ops
SKIP (already tailored): Office Operations at Series B AI Startup at Bloom Talent
Track: ops
SKIP (already tailored): Office & Operations Lead — Startup NYC (Equity) at The Talent Post
Track: ops
SKIP (already tailored): Jr. Amazon Account Coordinator at Tiide Commerce
Track: ops
SKIP (already tailored): Amazon Account Coordinator - Affiliate Marketing Agency at Ikon Digital Media
Track: ops
SKIP (already tailored): Manager, Amazon - Origins at DECIEM | THE ABNORMAL BEAUTY COMPANY
Track: amazon
Using resume: master_amazon.json

Tailoring resume for: Website for Amazon Account Management at Upwork
Extracting keywords via Claude Haiku...
Top ATS keywords: ['Amazon Seller Central', 'Account Management', 'Amazon FBA', 'Sales Optimization', 'Inventory Management', 'Performance Analytics']

Match score BEFORE tailoring: 100/100
  Already in resume: ['Amazon Seller Central', 'Account Management', 'Amazon FBA', 'Sales Optimization', 'Inventory Management', 'Performance Analytics']
  Missing: []

Match score AFTER tailoring: 100/100

Tailored resume saved: /Users/openclaw/job-search-agent/resumes/tailored/upwork_website-for-amazon-account-management.docx
Track: amazon
Using resume: master_amazon.json

Tailoring resume for: Sr Product Marketing Manager, WW New Customer Registration, Amazon Business at Amazon
Extracting keywords via Claude Haiku...
Top ATS keywords: ['Product Marketing Strategy', 'Customer Acquisition', 'Go-to-Market Planning', 'Cross-Functional Leadership', 'Data Analysis', 'Business Strategy']

Match score BEFORE tailoring: 100/100
  Already in resume: ['Product Marketing Strategy', 'Customer Acquisition', 'Go-to-Market Planning', 'Cross-Functional Leadership', 'Data Analysis', 'Business Strategy']
  Missing: []

Match score AFTER tailoring: 100/100

Tailored resume saved: /Users/openclaw/job-search-agent/resumes/tailored/amazon_sr-product-marketing-manager-ww-new-cust.docx
Track: amazon
Using resume: master_amazon.json

Tailoring resume for: Amazon Marketplace Specialist at Master Wholesale International, Inc.
Extracting keywords via Claude Haiku...
Top ATS keywords: ['Amazon Seller Central', 'Marketplace Management', 'Product Listing Optimization', 'Inventory Management', 'Sales Analytics', 'Vendor Relations']

Match score BEFORE tailoring: 83/100
  Already in resume: ['Amazon Seller Central', 'Marketplace Management', 'Product Listing Optimization', 'Inventory Management', 'Vendor Relations']
  Missing: ['Sales Analytics']

Match score AFTER tailoring: 100/100

Tailored resume saved: /Users/openclaw/job-search-agent/resumes/tailored/master-wholesale-international-inc_amazon-marketplace-specialist.docx
Track: amazon
Using resume: master_amazon.json

Tailoring resume for: Senior Brand Manager, eCommerce Agency at Jobot
Extracting keywords via Claude Haiku...
Top ATS keywords: ['eCommerce Strategy', 'Brand Management', 'P&L Management', 'Digital Marketing', 'Cross-Functional Leadership', 'Data Analytics']

Match score BEFORE tailoring: 83/100
  Already in resume: ['eCommerce Strategy', 'Brand Management', 'P&L Management', 'Digital Marketing', 'Cross-Functional Leadership']
  Missing: ['Data Analytics']

Match score AFTER tailoring: 100/100

Tailored resume saved: /Users/openclaw/job-search-agent/resumes/tailored/jobot_senior-brand-manager-ecommerce-agency.docx
Track: amazon
Using resume: master_amazon.json

Tailoring resume for: Category Manager Intern (TikTok Shop - Operations) - 2026 Summer (MBA) at TikTok
Extracting keywords via Claude Haiku...
Top ATS keywords: ['Category Management', 'E-commerce Operations', 'Data Analysis', 'Vendor Management', 'Cross-Functional Collaboration', 'Business Strategy']

Match score BEFORE tailoring: 100/100
  Already in resume: ['Category Management', 'E-commerce Operations', 'Data Analysis', 'Vendor Management', 'Cross-Functional Collaboration', 'Business Strategy']
  Missing: []

Match score AFTER tailoring: 100/100

Tailored resume saved: /Users/openclaw/job-search-agent/resumes/tailored/tiktok_category-manager-intern-tiktok-shop-oper.docx
Track: amazon
Using resume: master_amazon.json

Tailoring resume for: Ecommerce Optimization Manager at Clean Simple Eats, LLC.
Extracting keywords via Claude Haiku...
Top ATS keywords: ['Ecommerce Optimization', 'A/B Testing', 'Conversion Rate Optimization', 'Product Analytics', 'Customer Experience', 'Digital Marketing Strategy']

Match score BEFORE tailoring: 83/100
  Already in resume: ['Ecommerce Optimization', 'Conversion Rate Optimization', 'Product Analytics', 'Customer Experience', 'Digital Marketing Strategy']
  Missing: ['A/B Testing']

Match score AFTER tailoring: 100/100

Tailored resume saved: /Users/openclaw/job-search-agent/resumes/tailored/clean-simple-eats-llc_ecommerce-optimization-manager.docx
Track: amazon
Using resume: master_amazon.json

Tailoring resume for: National Account Manager - Amazon at Scholastic
Extracting keywords via Claude Haiku...
Top ATS keywords: ['Amazon Account Management', 'National Account Strategy', 'Sales Growth', 'P&L Management', 'Cross-Functional Leadership', 'Vendor Relations']

Match score BEFORE tailoring: 100/100
  Already in resume: ['Amazon Account Management', 'National Account Strategy', 'Sales Growth', 'P&L Management', 'Cross-Functional Leadership', 'Vendor Relations']
  Missing: []

Match score AFTER tailoring: 100/100

Tailored resume saved: /Users/openclaw/job-search-agent/resumes/tailored/scholastic_national-account-manager-amazon.docx
Track: amazon
Using resume: master_amazon.json

Tailoring resume for: Sales Account Manager, US LCS, Consumer Electronics at Amazon Advertising LLC
Extracting keywords via Claude Haiku...
Top ATS keywords: ['Account Management', 'Sales Strategy', 'Consumer Electronics', 'Key Account Development', 'Revenue Growth', 'Client Relationship Management']

Match score BEFORE tailoring: 100/100
  Already in resume: ['Account Management', 'Sales Strategy', 'Consumer Electronics', 'Key Account Development', 'Revenue Growth', 'Client Relationship Management']
  Missing: []

Match score AFTER tailoring: 100/100

Tailored resume saved: /Users/openclaw/job-search-agent/resumes/tailored/amazon-advertising-llc_sales-account-manager-us-lcs-consumer-el.docx
Track: ops
Using resume: master_ops.json

Tailoring resume for: Director of Business Operations, SaaS | AI | eCommerce at Get Plus - The Autonomous Commerce OS
Extracting keywords via Claude Haiku...
Top ATS keywords: ['Business Operations Management', 'SaaS', 'P&L Management', 'Cross-Functional Leadership', 'Process Optimization', 'Strategic Planning']

Match score BEFORE tailoring: 83/100
  Already in resume: ['Business Operations Management', 'P&L Management', 'Cross-Functional Leadership', 'Process Optimization', 'Strategic Planning']
  Missing: ['SaaS']

Match score AFTER tailoring: 100/100

Tailored resume saved: /Users/openclaw/job-search-agent/resumes/tailored/get-plus-the-autonomous-commerce-os_director-of-business-operations-saas-ai-.docx
=== Tailor complete: 43 tailored, 0 failed at Mon Jun 29 03:15:13 EDT 2026 ===
=== Digest sent ===
=== Run finished: Mon Jun 29 03:15:14 EDT 2026 ===
=== Run started: Wed Jul  1 03:00:00 EDT 2026 ===
PATH=/opt/homebrew/bin:/opt/homebrew/sbin:/usr/local/bin:/usr/bin:/bin:/usr/sbin:/sbin
GITLAB_TOKEN=SET
GITHUB_TOKEN=SET
ANTHROPIC_API_KEY=SET
--- Running scraper ---
[main f009b11] Weekly refresh 2026-07-01
 Committer: OpenClaw <openclaw@Sovereigns-Mac-mini.local>
Your name and email address were configured automatically based
on your username and hostname. Please check that they are accurate.
You can suppress this message by setting them explicitly. Run the
following command and follow the instructions in your editor to edit
your configuration file:

    git config --global --edit

After doing this, you may fix the identity used for this commit with:

    git commit --amend --reset-author

 4 files changed, 414 insertions(+), 1 deletion(-)
[2026-07-01 03:00] ==================================================
[2026-07-01 03:00] Client Acquisition OS — Weekly Refresh
[2026-07-01 03:00] ── JOBS ─────────────────────────────────
[2026-07-01 03:00]   Amazon Account Manager — Remote
[2026-07-01 03:00]     0 results
[2026-07-01 03:00]   Amazon Account Manager — New York
[2026-07-01 03:00]     0 results
[2026-07-01 03:00]   Amazon Brand Manager — Remote
[2026-07-01 03:00]     0 results
[2026-07-01 03:00]   Amazon Brand Manager — New York
[2026-07-01 03:00]     10 results
[2026-07-01 03:00]   Senior Amazon Brand Manager — Remote
[2026-07-01 03:00]     0 results
[2026-07-01 03:00]   Senior Amazon Brand Manager — New York
[2026-07-01 03:00]     10 results
[2026-07-01 03:00]   Amazon Marketplace Manager — Remote
[2026-07-01 03:00]     0 results
[2026-07-01 03:00]   Amazon Marketplace Manager — New York
[2026-07-01 03:00]     10 results
[2026-07-01 03:00]   Ecommerce Brand Manager — Remote
[2026-07-01 03:00]     0 results
[2026-07-01 03:00]   Ecommerce Brand Manager — New York
[2026-07-01 03:00]     10 results
[2026-07-01 03:00]   Ecommerce Account Manager — Remote
[2026-07-01 03:00]     0 results
[2026-07-01 03:00]   Ecommerce Account Manager — New York
[2026-07-01 03:01]     10 results
[2026-07-01 03:01]   Marketplace Manager Walmart Amazon — Remote
[2026-07-01 03:01]     0 results
[2026-07-01 03:01]   Marketplace Manager Walmart Amazon — New York
[2026-07-01 03:01]   SerpAPI error: The read operation timed out
[2026-07-01 03:01]     0 results
[2026-07-01 03:01]   Ecommerce Operations Manager — Remote
[2026-07-01 03:01]     0 results
[2026-07-01 03:01]   Ecommerce Operations Manager — New York
[2026-07-01 03:01]     10 results
[2026-07-01 03:01]   DTC Brand Manager — Remote
[2026-07-01 03:01]     0 results
[2026-07-01 03:01]   DTC Brand Manager — New York
[2026-07-01 03:01]     10 results
[2026-07-01 03:01]   Amazon Agency Account Manager — Remote
[2026-07-01 03:02]     0 results
[2026-07-01 03:02]   Amazon Agency Account Manager — New York
[2026-07-01 03:02]     10 results
[2026-07-01 03:02]     + AWS Account Manager, FSI @ Amazon Web Services (AWS) (New York, NY) [LinkedIn · Easy Apply]
[2026-07-01 03:02]     + Sr. Account Manager-RRT, Startups @ Amazon Web Services (AWS) (New York, NY) [LinkedIn · Easy Apply]
[2026-07-01 03:02]   Chief of Staff ecommerce — Remote
[2026-07-01 03:02]     0 results
[2026-07-01 03:02]   Chief of Staff ecommerce — New York
[2026-07-01 03:02]     2 results
[2026-07-01 03:02]   Chief of Staff startup — Remote
[2026-07-01 03:02]     0 results
[2026-07-01 03:02]   Chief of Staff startup — New York
[2026-07-01 03:02]     3 results
[2026-07-01 03:02]   Chief of Staff DTC — Remote
[2026-07-01 03:02]     0 results
[2026-07-01 03:02]   Chief of Staff DTC — New York
[2026-07-01 03:02]     1 results
[2026-07-01 03:02]   Head of Operations DTC — Remote
[2026-07-01 03:02]     0 results
[2026-07-01 03:02]   Head of Operations DTC — New York
[2026-07-01 03:02]     10 results
[2026-07-01 03:02]   Head of Operations ecommerce — Remote
[2026-07-01 03:02]     0 results
[2026-07-01 03:02]   Head of Operations ecommerce — New York
[2026-07-01 03:02]     10 results
[2026-07-01 03:02]   Director of Operations ecommerce — Remote
[2026-07-01 03:02]     0 results
[2026-07-01 03:02]   Director of Operations ecommerce — New York
[2026-07-01 03:02]     10 results
[2026-07-01 03:02]   EOS Integrator — Remote
[2026-07-01 03:03]     0 results
[2026-07-01 03:03]   EOS Integrator — New York
[2026-07-01 03:03]     10 results
[2026-07-01 03:03]   Fractional COO — Remote
[2026-07-01 03:03]     0 results
[2026-07-01 03:03]   Fractional COO — New York
[2026-07-01 03:03]     10 results
[2026-07-01 03:03]   VP Operations DTC — Remote
[2026-07-01 03:03]     0 results
[2026-07-01 03:03]   VP Operations DTC — New York
[2026-07-01 03:03]     0 results
[2026-07-01 03:03]   Business Operations Lead startup — Remote
[2026-07-01 03:03]     0 results
[2026-07-01 03:03]   Business Operations Lead startup — New York
[2026-07-01 03:03]     4 results
[2026-07-01 03:03]   Amazon Account Manager agency client portfolio — Remote
[2026-07-01 03:03]     0 results
[2026-07-01 03:03]   Amazon Account Manager agency client portfolio — New York
[2026-07-01 03:04]     1 results
[2026-07-01 03:04]   Amazon Brand Manager Seller Central agency — Remote
[2026-07-01 03:04]     0 results
[2026-07-01 03:04]   Amazon Brand Manager Seller Central agency — New York
[2026-07-01 03:04]     6 results
[2026-07-01 03:04]   Marketplace Account Manager consumer brands — Remote
[2026-07-01 03:04]     0 results
[2026-07-01 03:04]   Marketplace Account Manager consumer brands — New York
[2026-07-01 03:04]     0 results
[2026-07-01 03:04]   Ecommerce Account Manager client facing Amazon — Remote
[2026-07-01 03:04]     0 results
[2026-07-01 03:04]   Ecommerce Account Manager client facing Amazon — New York
[2026-07-01 03:04]     4 results
[2026-07-01 03:04]   Amazon Account Director agency — Remote
[2026-07-01 03:04]     0 results
[2026-07-01 03:04]   Amazon Account Director agency — New York
[2026-07-01 03:04]     8 results
[2026-07-01 03:04]   Senior Account Manager Amazon marketplace agency — Remote
[2026-07-01 03:04]     0 results
[2026-07-01 03:04]   Senior Account Manager Amazon marketplace agency — New York
[2026-07-01 03:04]     6 results
[2026-07-01 03:04]     + Amazon Specialist @ My Amazon Guy (Anywhere)
[2026-07-01 03:04]   Brand Strategy Manager Amazon ecommerce — Remote
[2026-07-01 03:04]     0 results
[2026-07-01 03:04]   Brand Strategy Manager Amazon ecommerce — New York
[2026-07-01 03:05]     10 results
[2026-07-01 03:05]   Client Success Manager Amazon agency — Remote
[2026-07-01 03:05]     0 results
[2026-07-01 03:05]   Client Success Manager Amazon agency — New York
[2026-07-01 03:05]     8 results
[2026-07-01 03:05]   Wrote 46 jobs to data/jobs.json (3 new)
[2026-07-01 03:05] ── DEPLOYING via GitLab ──────────────────
[2026-07-01 03:05]   Pushed to GitLab
[2026-07-01 03:05]   Deployed to Vercel
[2026-07-01 03:05] Done.

Scraper exit code: 0
--- Committing and pushing ---
[main 9d99e91] Nightly auto-sync 2026-07-01
 Committer: OpenClaw <openclaw@Sovereigns-Mac-mini.local>
Your name and email address were configured automatically based
on your username and hostname. Please check that they are accurate.
You can suppress this message by setting them explicitly. Run the
following command and follow the instructions in your editor to edit
your configuration file:

    git config --global --edit

After doing this, you may fix the identity used for this commit with:

    git commit --amend --reset-author

 2 files changed, 146 insertions(+)
failed to store: -61
To https://gitlab.com/client-os/client-os.git
   f009b11..9d99e91  main -> main
To https://github.com/angieraja23/client-os.git
   887d513..9d99e91  main -> main
Vercel CLI 54.10.2 (Node.js 25.8.0)
Retrieving project…
Deploying angieraja23-9144s-projects/client-acquisition-os
Uploading [--------------------] (0.0B/471.8KB)
Uploading [=====---------------] (128.0KB/471.8KB)
Uploading [==========----------] (240.0KB/471.8KB)
Uploading [===============-----] (355.4KB/471.8KB)
Uploading [====================] (471.8KB/471.8KB)
  Inspect     https://vercel.com/angieraja23-9144s-projects/client-acquisition-os/6ZufaQrD9FXWx14HZ7TpMUW9w1jc
▲ Production  https://client-acquisition-2yvs16xol-angieraja23-9144s-projects.vercel.app
https://client-acquisition-2yvs16xol-angieraja23-9144s-projects.vercel.appBuilding…
Building…
Running build in Washington, D.C., USA (East) – iad1
Build machine configuration: 2 cores, 8 GB
Retrieving list of deployment files...
Previous build caches not available.
Downloading 82 deployment files...
Running "vercel build"
Vercel CLI 54.18.4
Build Completed in /vercel/output [99ms]
Deploying outputs...
[2K[1A[2K[G▲ Production  https://client-acquisition-2yvs16xol-angieraja23-9144s-projects.vercel.app
Completing…
▲ Aliased     https://clientos.angieraja.com

✓ Ready in 7s
=== Deployed: Wed Jul  1 03:05:44 EDT 2026 ===
--- Running tailor ---
=== Tailor started: Wed Jul  1 03:05:44 EDT 2026 ===
Track: ops
SKIP (already tailored): Chief of Staff at Cascade at Jack & Jill
Track: ops
SKIP (already tailored): Chief of Staff to the GM of Housing at Flex
Track: ops
SKIP (already tailored): Executive Assistant to the Chief of Staff at DEPARTMENT OF CORRECTION
Track: amazon
SKIP (already tailored): Associate Manager, Commerce Platform Logistics - Strategy and Operations at DoorDash
Track: amazon
SKIP (already tailored): Sr. Resourcing Operations Manager at MKG Productions, LLC
Track: ops
SKIP (already tailored): Logistics Operations Project Manager at Fluidstack
Track: ops
SKIP (already tailored): Manager, Enrollment Fulfillment Operations at New York Life
Track: amazon
SKIP (already tailored): Ecommerce Manager at Zachys Wine & Liquor
Track: amazon
SKIP (already tailored): Amazon Brand Manager at Cartograph
Track: amazon
SKIP (already tailored): Director of Ecommerce at SBH Fashion
Track: amazon
SKIP (already tailored): Ecommerce Marketplace Manager at Universal Perfumes & Cosmetics
Track: amazon
SKIP (already tailored): Client Account Manager, Digital Accounts at Amsive
Track: ops
SKIP (already tailored): DTC Performance & Growth Marketing Manager at Blueair North America
Track: amazon
SKIP (already tailored): AWS Sr. Enterprise Account Manager, Automotive & Manufacturing at Amazon Web Services (AWS)
Track: amazon
SKIP (already tailored): Senior Amazon Brand Manager at GNO Partners
Track: amazon
SKIP (already tailored): Campaign & Creative Manager, Campaign & Creative Management, Amazon at Amazon
Track: amazon
SKIP (already tailored): Sr. Marketing Manager, Engagement, WW Amazon Flex, Amazon Flex at Amazon
Track: amazon
SKIP (already tailored): Director, Amazon at Nécessaire, Inc.
Track: amazon
SKIP (already tailored): Amazon & Marketplace Account Growth Manager at The PCA Group
Track: amazon
SKIP (already tailored): Remote Amazon Marketplace Manager at Foxelli Group Remote at Foxelli Group
Track: amazon
SKIP (already tailored): E-commerce Growth Manager at BURDLIFE
Track: amazon
SKIP (already tailored): Marketplace Manager at PetsWorld Inc
Track: amazon
SKIP (already tailored): TikTok Shop Account Manager at KAMP Agency
Track: amazon
SKIP (already tailored): Sales Account Manager, US LCS, Consumer Electronics at Amazon
Track: amazon
SKIP (already tailored): Director of Operations — Digital & Ecommerce at Maxima Apparel
Track: amazon
SKIP (already tailored): Senior Manager, Ecommerce at SBH Fashion
Track: amazon
SKIP (already tailored): Sales Account Manager, LCS Acquisitions at Amazon
Track: ops
SKIP (already tailored): Chief of Staff - AI-native startup is rewiring a trillion-dollar consumer industry at Big Wave Digital
Track: ops
SKIP (already tailored): COO/EOS Integrator at CBIZ Talent Solutions
Track: ops
SKIP (already tailored): Office Operations at Series B AI Startup at Bloom Talent
Track: ops
SKIP (already tailored): Office & Operations Lead — Startup NYC (Equity) at The Talent Post
Track: ops
SKIP (already tailored): Jr. Amazon Account Coordinator at Tiide Commerce
Track: ops
SKIP (already tailored): Amazon Account Coordinator - Affiliate Marketing Agency at Ikon Digital Media
Track: ops
SKIP (already tailored): Manager, Amazon - Origins at DECIEM | THE ABNORMAL BEAUTY COMPANY
Track: amazon
SKIP (already tailored): Website for Amazon Account Management at Upwork
Track: amazon
SKIP (already tailored): Sr Product Marketing Manager, WW New Customer Registration, Amazon Business at Amazon
Track: amazon
SKIP (already tailored): Amazon Marketplace Specialist at Master Wholesale International, Inc.
Track: amazon
SKIP (already tailored): Senior Brand Manager, eCommerce Agency at Jobot
Track: amazon
SKIP (already tailored): Category Manager Intern (TikTok Shop - Operations) - 2026 Summer (MBA) at TikTok
Track: amazon
SKIP (already tailored): Ecommerce Optimization Manager at Clean Simple Eats, LLC.
Track: amazon
SKIP (already tailored): National Account Manager - Amazon at Scholastic
Track: amazon
SKIP (already tailored): Sales Account Manager, US LCS, Consumer Electronics at Amazon Advertising LLC
Track: ops
SKIP (already tailored): Director of Business Operations, SaaS | AI | eCommerce at Get Plus - The Autonomous Commerce OS
Track: amazon
Using resume: master_amazon.json

Tailoring resume for: AWS Account Manager, FSI at Amazon Web Services (AWS)
Extracting keywords via Claude Haiku...
Top ATS keywords: ['AWS Services', 'Account Management', 'Financial Services Industry', 'Cloud Solutions', 'Strategic Planning', 'Client Relationship Management']

Match score BEFORE tailoring: 66/100
  Already in resume: ['Account Management', 'Cloud Solutions', 'Strategic Planning', 'Client Relationship Management']
  Missing: ['AWS Services', 'Financial Services Industry']

Match score AFTER tailoring: 100/100

Tailored resume saved: /Users/openclaw/job-search-agent/resumes/tailored/amazon-web-services-aws_aws-account-manager-fsi.docx
Track: amazon
Using resume: master_amazon.json

Tailoring resume for: Sr. Account Manager-RRT, Startups at Amazon Web Services (AWS)
Extracting keywords via Claude Haiku...
Top ATS keywords: ['Account Management', 'Startup Sales', 'Cloud Solutions', 'Revenue Growth', 'Customer Relationship Management', 'AWS Products']

Match score BEFORE tailoring: 66/100
  Already in resume: ['Account Management', 'Cloud Solutions', 'Revenue Growth', 'Customer Relationship Management']
  Missing: ['Startup Sales', 'AWS Products']

Match score AFTER tailoring: 100/100

Tailored resume saved: /Users/openclaw/job-search-agent/resumes/tailored/amazon-web-services-aws_sr-account-manager-rrt-startups.docx
Track: ops
Using resume: master_ops.json

Tailoring resume for: Amazon Specialist at My Amazon Guy
Extracting keywords via Claude Haiku...
Top ATS keywords: ['Amazon Seller Central', 'Product Listing Optimization', 'PPC Advertising', 'Inventory Management', 'Sales Analytics', 'Amazon Marketing Services']

Match score BEFORE tailoring: 83/100
  Already in resume: ['Amazon Seller Central', 'Product Listing Optimization', 'PPC Advertising', 'Inventory Management', 'Amazon Marketing Services']
  Missing: ['Sales Analytics']

Match score AFTER tailoring: 100/100

Tailored resume saved: /Users/openclaw/job-search-agent/resumes/tailored/my-amazon-guy_amazon-specialist.docx
=== Tailor complete: 46 tailored, 0 failed at Wed Jul  1 03:11:24 EDT 2026 ===
=== Digest sent ===
=== Run finished: Wed Jul  1 03:11:25 EDT 2026 ===
=== Run started: Fri Jul  3 03:00:00 EDT 2026 ===
PATH=/opt/homebrew/bin:/opt/homebrew/sbin:/usr/local/bin:/usr/bin:/bin:/usr/sbin:/sbin
GITLAB_TOKEN=SET
GITHUB_TOKEN=SET
ANTHROPIC_API_KEY=SET
--- Running scraper ---
[main be31672] Weekly refresh 2026-07-03
 Committer: OpenClaw <openclaw@Sovereigns-Mac-mini.local>
Your name and email address were configured automatically based
on your username and hostname. Please check that they are accurate.
You can suppress this message by setting them explicitly. Run the
following command and follow the instructions in your editor to edit
your configuration file:

    git config --global --edit

After doing this, you may fix the identity used for this commit with:

    git commit --amend --reset-author

 4 files changed, 464 insertions(+), 1 deletion(-)
[2026-07-03 03:00] ==================================================
[2026-07-03 03:00] Client Acquisition OS — Weekly Refresh
[2026-07-03 03:00] ── JOBS ─────────────────────────────────
[2026-07-03 03:00]   Amazon Account Manager — Remote
[2026-07-03 03:00]     0 results
[2026-07-03 03:00]   Amazon Account Manager — New York
[2026-07-03 03:00]     10 results
[2026-07-03 03:00]     + Strategic Account Manager, Amazon Publisher Services @ Amazon (New York, NY) [LinkedIn · Easy Apply]
[2026-07-03 03:00]     + Account Manager I, Amazon Global Logistics @ Amazon Global Logistics (Anywhere)
[2026-07-03 03:00]   Amazon Brand Manager — Remote
[2026-07-03 03:00]     0 results
[2026-07-03 03:00]   Amazon Brand Manager — New York
[2026-07-03 03:00]     10 results
[2026-07-03 03:00]   Senior Amazon Brand Manager — Remote
[2026-07-03 03:00]     0 results
[2026-07-03 03:00]   Senior Amazon Brand Manager — New York
[2026-07-03 03:00]     0 results
[2026-07-03 03:00]   Amazon Marketplace Manager — Remote
[2026-07-03 03:00]     0 results
[2026-07-03 03:00]   Amazon Marketplace Manager — New York
[2026-07-03 03:00]     10 results
[2026-07-03 03:00]   Ecommerce Brand Manager — Remote
[2026-07-03 03:00]     0 results
[2026-07-03 03:00]   Ecommerce Brand Manager — New York
[2026-07-03 03:01]     10 results
[2026-07-03 03:01]     + VP, Ecommerce @ Grüns (Anywhere) [LinkedIn · Easy Apply]
[2026-07-03 03:01]     + Senior Director of Ecommerce & Growth @ CleanBoss Inc. (New York, NY) [LinkedIn · Easy Apply]
[2026-07-03 03:01]   Ecommerce Account Manager — Remote
[2026-07-03 03:01]     0 results
[2026-07-03 03:01]   Ecommerce Account Manager — New York
[2026-07-03 03:01]     10 results
[2026-07-03 03:01]     + National Account Manager, Beauty (Direct eCommerce) @ Dyson Direct Inc (New York, NY) [LinkedIn · Easy Apply]
[2026-07-03 03:01]   Marketplace Manager Walmart Amazon — Remote
[2026-07-03 03:01]     0 results
[2026-07-03 03:01]   Marketplace Manager Walmart Amazon — New York
[2026-07-03 03:01]     5 results
[2026-07-03 03:01]   Ecommerce Operations Manager — Remote
[2026-07-03 03:01]     0 results
[2026-07-03 03:01]   Ecommerce Operations Manager — New York
[2026-07-03 03:01]     10 results
[2026-07-03 03:01]   DTC Brand Manager — Remote
[2026-07-03 03:01]     0 results
[2026-07-03 03:01]   DTC Brand Manager — New York
[2026-07-03 03:01]     10 results
[2026-07-03 03:01]   Amazon Agency Account Manager — Remote
[2026-07-03 03:01]     0 results
[2026-07-03 03:01]   Amazon Agency Account Manager — New York
[2026-07-03 03:01]     10 results
[2026-07-03 03:01]     + Sales Account Manager, Fashion Advertising Account Management, Fashion Advertising Account Management @ Amazon (New York, NY) [LinkedIn · Easy Apply]
[2026-07-03 03:01]     + Sales Account Manager, US LCS @ Amazon (New York, NY) [LinkedIn · Easy Apply]
[2026-07-03 03:01]     + Sr. Account Manager-RRT, Startups @ Amazon Web Services, Inc. (New York, NY) [LinkedIn · Easy Apply]
[2026-07-03 03:01]   Chief of Staff ecommerce — Remote
[2026-07-03 03:01]     0 results
[2026-07-03 03:01]   Chief of Staff ecommerce — New York
[2026-07-03 03:02]     6 results
[2026-07-03 03:02]   Chief of Staff startup — Remote
[2026-07-03 03:02]     0 results
[2026-07-03 03:02]   Chief of Staff startup — New York
[2026-07-03 03:02]     4 results
[2026-07-03 03:02]   Chief of Staff DTC — Remote
[2026-07-03 03:02]     0 results
[2026-07-03 03:02]   Chief of Staff DTC — New York
[2026-07-03 03:02]     3 results
[2026-07-03 03:02]   Head of Operations DTC — Remote
[2026-07-03 03:02]     0 results
[2026-07-03 03:02]   Head of Operations DTC — New York
[2026-07-03 03:02]     10 results
[2026-07-03 03:02]   Head of Operations ecommerce — Remote
[2026-07-03 03:02]     0 results
[2026-07-03 03:02]   Head of Operations ecommerce — New York
[2026-07-03 03:02]     10 results
[2026-07-03 03:02]   Director of Operations ecommerce — Remote
[2026-07-03 03:02]     0 results
[2026-07-03 03:02]   Director of Operations ecommerce — New York
[2026-07-03 03:03]     10 results
[2026-07-03 03:03]   EOS Integrator — Remote
[2026-07-03 03:03]     0 results
[2026-07-03 03:03]   EOS Integrator — New York
[2026-07-03 03:03]     10 results
[2026-07-03 03:03]   Fractional COO — Remote
[2026-07-03 03:03]     0 results
[2026-07-03 03:03]   Fractional COO — New York
[2026-07-03 03:03]     10 results
[2026-07-03 03:03]   VP Operations DTC — Remote
[2026-07-03 03:03]     0 results
[2026-07-03 03:03]   VP Operations DTC — New York
[2026-07-03 03:03]     10 results
[2026-07-03 03:03]   Business Operations Lead startup — Remote
[2026-07-03 03:03]     0 results
[2026-07-03 03:03]   Business Operations Lead startup — New York
[2026-07-03 03:03]     3 results
[2026-07-03 03:03]     + Executive Assistant to Founder & Operations at Early-stage, Mission-driven Startup @ Bloom Talent (New York, NY) [LinkedIn · Easy Apply]
[2026-07-03 03:03]   Amazon Account Manager agency client portfolio — Remote
[2026-07-03 03:03]     0 results
[2026-07-03 03:03]   Amazon Account Manager agency client portfolio — New York
[2026-07-03 03:03]     0 results
[2026-07-03 03:03]   Amazon Brand Manager Seller Central agency — Remote
[2026-07-03 03:03]     0 results
[2026-07-03 03:04]   Amazon Brand Manager Seller Central agency — New York
[2026-07-03 03:04]     2 results
[2026-07-03 03:04]   Marketplace Account Manager consumer brands — Remote
[2026-07-03 03:04]     0 results
[2026-07-03 03:04]   Marketplace Account Manager consumer brands — New York
[2026-07-03 03:04]     1 results
[2026-07-03 03:04]   Ecommerce Account Manager client facing Amazon — Remote
[2026-07-03 03:04]     0 results
[2026-07-03 03:04]   Ecommerce Account Manager client facing Amazon — New York
[2026-07-03 03:04]     1 results
[2026-07-03 03:04]   Amazon Account Director agency — Remote
[2026-07-03 03:04]     0 results
[2026-07-03 03:04]   Amazon Account Director agency — New York
[2026-07-03 03:04]     5 results
[2026-07-03 03:04]   Senior Account Manager Amazon marketplace agency — Remote
[2026-07-03 03:04]     0 results
[2026-07-03 03:04]   Senior Account Manager Amazon marketplace agency — New York
[2026-07-03 03:04]     9 results
[2026-07-03 03:04]     + Sr.  Amazon Ads Account Manager @ Freshdesk (Anywhere)
[2026-07-03 03:04]   Brand Strategy Manager Amazon ecommerce — Remote
[2026-07-03 03:04]     0 results
[2026-07-03 03:04]   Brand Strategy Manager Amazon ecommerce — New York
[2026-07-03 03:04]     10 results
[2026-07-03 03:04]   Client Success Manager Amazon agency — Remote
[2026-07-03 03:04]     0 results
[2026-07-03 03:04]   Client Success Manager Amazon agency — New York
[2026-07-03 03:05]     6 results
[2026-07-03 03:05]   Wrote 56 jobs to data/jobs.json (10 new)
[2026-07-03 03:05] ── DEPLOYING via GitLab ──────────────────
[2026-07-03 03:05]   Pushed to GitLab
[2026-07-03 03:05]   Deployed to Vercel
[2026-07-03 03:05] Done.

Scraper exit code: 0
--- Committing and pushing ---
[main 1dd7309] Nightly auto-sync 2026-07-03
 Committer: OpenClaw <openclaw@Sovereigns-Mac-mini.local>
Your name and email address were configured automatically based
on your username and hostname. Please check that they are accurate.
You can suppress this message by setting them explicitly. Run the
following command and follow the instructions in your editor to edit
your configuration file:

    git config --global --edit

After doing this, you may fix the identity used for this commit with:

    git commit --amend --reset-author

 2 files changed, 152 insertions(+)
failed to store: -61
To https://gitlab.com/client-os/client-os.git
   be31672..1dd7309  main -> main
To https://github.com/angieraja23/client-os.git
   827067c..1dd7309  main -> main
Vercel CLI 54.10.2 (Node.js 25.8.0)
Retrieving project…
Deploying angieraja23-9144s-projects/client-acquisition-os
Uploading [--------------------] (0.0B/494.9KB)
Uploading [=====---------------] (128.0KB/494.9KB)
Uploading [==========----------] (256.0KB/494.9KB)
Uploading [===============-----] (378.4KB/494.9KB)
Uploading [====================] (494.9KB/494.9KB)
  Inspect     https://vercel.com/angieraja23-9144s-projects/client-acquisition-os/HeckN98U4hKFYJvBgAGRd69Se651
▲ Production  https://client-acquisition-3uml37d5c-angieraja23-9144s-projects.vercel.app
https://client-acquisition-3uml37d5c-angieraja23-9144s-projects.vercel.appBuilding…
Building…
Running build in Washington, D.C., USA (East) – iad1
Build machine configuration: 2 cores, 8 GB
Retrieving list of deployment files...
Previous build caches not available.
Downloading 115 deployment files...
Running "vercel build"
Vercel CLI 54.19.0
Build Completed in /vercel/output [204ms]
Deploying outputs...
[2K[1A[2K[G▲ Production  https://client-acquisition-3uml37d5c-angieraja23-9144s-projects.vercel.app
Completing…
▲ Aliased     https://clientos.angieraja.com

✓ Ready in 7s
=== Deployed: Fri Jul  3 03:05:24 EDT 2026 ===
--- Running tailor ---
=== Tailor started: Fri Jul  3 03:05:24 EDT 2026 ===
Track: ops
SKIP (already tailored): Chief of Staff at Cascade at Jack & Jill
Track: ops
SKIP (already tailored): Chief of Staff to the GM of Housing at Flex
Track: ops
SKIP (already tailored): Executive Assistant to the Chief of Staff at DEPARTMENT OF CORRECTION
Track: amazon
SKIP (already tailored): Associate Manager, Commerce Platform Logistics - Strategy and Operations at DoorDash
Track: amazon
SKIP (already tailored): Sr. Resourcing Operations Manager at MKG Productions, LLC
Track: ops
SKIP (already tailored): Logistics Operations Project Manager at Fluidstack
Track: ops
SKIP (already tailored): Manager, Enrollment Fulfillment Operations at New York Life
Track: amazon
SKIP (already tailored): Ecommerce Manager at Zachys Wine & Liquor
Track: amazon
SKIP (already tailored): Amazon Brand Manager at Cartograph
Track: amazon
SKIP (already tailored): Director of Ecommerce at SBH Fashion
Track: amazon
SKIP (already tailored): Ecommerce Marketplace Manager at Universal Perfumes & Cosmetics
Track: amazon
SKIP (already tailored): Client Account Manager, Digital Accounts at Amsive
Track: ops
SKIP (already tailored): DTC Performance & Growth Marketing Manager at Blueair North America
Track: amazon
SKIP (already tailored): AWS Sr. Enterprise Account Manager, Automotive & Manufacturing at Amazon Web Services (AWS)
Track: amazon
SKIP (already tailored): Senior Amazon Brand Manager at GNO Partners
Track: amazon
SKIP (already tailored): Campaign & Creative Manager, Campaign & Creative Management, Amazon at Amazon
Track: amazon
SKIP (already tailored): Sr. Marketing Manager, Engagement, WW Amazon Flex, Amazon Flex at Amazon
Track: amazon
SKIP (already tailored): Director, Amazon at Nécessaire, Inc.
Track: amazon
SKIP (already tailored): Amazon & Marketplace Account Growth Manager at The PCA Group
Track: amazon
SKIP (already tailored): Remote Amazon Marketplace Manager at Foxelli Group Remote at Foxelli Group
Track: amazon
SKIP (already tailored): E-commerce Growth Manager at BURDLIFE
Track: amazon
SKIP (already tailored): Marketplace Manager at PetsWorld Inc
Track: amazon
SKIP (already tailored): TikTok Shop Account Manager at KAMP Agency
Track: amazon
SKIP (already tailored): Sales Account Manager, US LCS, Consumer Electronics at Amazon
Track: amazon
SKIP (already tailored): Director of Operations — Digital & Ecommerce at Maxima Apparel
Track: amazon
SKIP (already tailored): Senior Manager, Ecommerce at SBH Fashion
Track: amazon
SKIP (already tailored): Sales Account Manager, LCS Acquisitions at Amazon
Track: ops
SKIP (already tailored): Chief of Staff - AI-native startup is rewiring a trillion-dollar consumer industry at Big Wave Digital
Track: ops
SKIP (already tailored): COO/EOS Integrator at CBIZ Talent Solutions
Track: ops
SKIP (already tailored): Office Operations at Series B AI Startup at Bloom Talent
Track: ops
SKIP (already tailored): Office & Operations Lead — Startup NYC (Equity) at The Talent Post
Track: ops
SKIP (already tailored): Jr. Amazon Account Coordinator at Tiide Commerce
Track: ops
SKIP (already tailored): Amazon Account Coordinator - Affiliate Marketing Agency at Ikon Digital Media
Track: ops
SKIP (already tailored): Manager, Amazon - Origins at DECIEM | THE ABNORMAL BEAUTY COMPANY
Track: amazon
SKIP (already tailored): Website for Amazon Account Management at Upwork
Track: amazon
SKIP (already tailored): Sr Product Marketing Manager, WW New Customer Registration, Amazon Business at Amazon
Track: amazon
SKIP (already tailored): Amazon Marketplace Specialist at Master Wholesale International, Inc.
Track: amazon
SKIP (already tailored): Senior Brand Manager, eCommerce Agency at Jobot
Track: amazon
SKIP (already tailored): Category Manager Intern (TikTok Shop - Operations) - 2026 Summer (MBA) at TikTok
Track: amazon
SKIP (already tailored): Ecommerce Optimization Manager at Clean Simple Eats, LLC.
Track: amazon
SKIP (already tailored): National Account Manager - Amazon at Scholastic
Track: amazon
SKIP (already tailored): Sales Account Manager, US LCS, Consumer Electronics at Amazon Advertising LLC
Track: ops
SKIP (already tailored): Director of Business Operations, SaaS | AI | eCommerce at Get Plus - The Autonomous Commerce OS
Track: amazon
SKIP (already tailored): AWS Account Manager, FSI at Amazon Web Services (AWS)
Track: amazon
SKIP (already tailored): Sr. Account Manager-RRT, Startups at Amazon Web Services (AWS)
Track: ops
SKIP (already tailored): Amazon Specialist at My Amazon Guy
Track: amazon
Using resume: master_amazon.json

Tailoring resume for: Strategic Account Manager, Amazon Publisher Services at Amazon
Extracting keywords via Claude Haiku...
Top ATS keywords: ['Account Management', 'Strategic Planning', 'Publisher Relations', 'Sales Strategy', 'Amazon Services', 'Revenue Growth']

Match score BEFORE tailoring: 100/100
  Already in resume: ['Account Management', 'Strategic Planning', 'Publisher Relations', 'Sales Strategy', 'Amazon Services', 'Revenue Growth']
  Missing: []

Match score AFTER tailoring: 100/100

Tailored resume saved: /Users/openclaw/job-search-agent/resumes/tailored/amazon_strategic-account-manager-amazon-publish.docx
Track: amazon
Using resume: master_amazon.json

Tailoring resume for: Account Manager I, Amazon Global Logistics at Amazon Global Logistics
Extracting keywords via Claude Haiku...
Top ATS keywords: ['Account Management', 'Customer Relationship Management', 'Sales Performance', 'Logistics Operations', 'P&L Management', 'Cross-Functional Collaboration']

Match score BEFORE tailoring: 100/100
  Already in resume: ['Account Management', 'Customer Relationship Management', 'Sales Performance', 'Logistics Operations', 'P&L Management', 'Cross-Functional Collaboration']
  Missing: []

Match score AFTER tailoring: 100/100

Tailored resume saved: /Users/openclaw/job-search-agent/resumes/tailored/amazon-global-logistics_account-manager-i-amazon-global-logistic.docx
Track: amazon
Using resume: master_amazon.json

Tailoring resume for: VP, Ecommerce at Grüns
Extracting keywords via Claude Haiku...
Top ATS keywords: ['Ecommerce Strategy', 'P&L Management', 'Digital Sales Growth', 'Cross-Functional Leadership', 'Platform Management', 'Performance Analytics']

Match score BEFORE tailoring: 100/100
  Already in resume: ['Ecommerce Strategy', 'P&L Management', 'Digital Sales Growth', 'Cross-Functional Leadership', 'Platform Management', 'Performance Analytics']
  Missing: []

Match score AFTER tailoring: 100/100

Tailored resume saved: /Users/openclaw/job-search-agent/resumes/tailored/gr-ns_vp-ecommerce.docx
Track: amazon
Using resume: master_amazon.json

Tailoring resume for: Senior Director of Ecommerce & Growth at CleanBoss Inc.
Extracting keywords via Claude Haiku...
Top ATS keywords: ['Ecommerce Strategy', 'P&L Management', 'Growth Marketing', 'Digital Commerce', 'Cross-Functional Leadership', 'Performance Analytics']

Match score BEFORE tailoring: 100/100
  Already in resume: ['Ecommerce Strategy', 'P&L Management', 'Growth Marketing', 'Digital Commerce', 'Cross-Functional Leadership', 'Performance Analytics']
  Missing: []

Match score AFTER tailoring: 100/100

Tailored resume saved: /Users/openclaw/job-search-agent/resumes/tailored/cleanboss-inc_senior-director-of-ecommerce-growth.docx
Track: amazon
Using resume: master_amazon.json

Tailoring resume for: National Account Manager, Beauty (Direct eCommerce) at Dyson Direct Inc
Extracting keywords via Claude Haiku...
Top ATS keywords: ['Account Management', 'eCommerce Strategy', 'Sales Growth', 'P&L Management', 'Direct-to-Consumer', 'Key Account Management']

Match score BEFORE tailoring: 100/100
  Already in resume: ['Account Management', 'eCommerce Strategy', 'Sales Growth', 'P&L Management', 'Direct-to-Consumer', 'Key Account Management']
  Missing: []

Match score AFTER tailoring: 100/100

Tailored resume saved: /Users/openclaw/job-search-agent/resumes/tailored/dyson-direct-inc_national-account-manager-beauty-direct-e.docx
Track: amazon
Using resume: master_amazon.json

Tailoring resume for: Sales Account Manager, Fashion Advertising Account Management, Fashion Advertising Account Management at Amazon
Extracting keywords via Claude Haiku...
Top ATS keywords: ['Account Management', 'Sales Strategy', 'Fashion Industry', 'Client Relationship Management', 'Revenue Growth', 'Advertising Sales']

Match score BEFORE tailoring: 83/100
  Already in resume: ['Account Management', 'Sales Strategy', 'Client Relationship Management', 'Revenue Growth', 'Advertising Sales']
  Missing: ['Fashion Industry']

Match score AFTER tailoring: 100/100

Tailored resume saved: /Users/openclaw/job-search-agent/resumes/tailored/amazon_sales-account-manager-fashion-advertisin.docx
Track: amazon
Using resume: master_amazon.json

Tailoring resume for: Sales Account Manager, US LCS at Amazon
Extracting keywords via Claude Haiku...
Top ATS keywords: ['Account Management', 'Sales Strategy', 'Customer Relationship Management', 'Revenue Growth', 'Territory Management', 'Negotiation Skills']

Match score BEFORE tailoring: 83/100
  Already in resume: ['Account Management', 'Sales Strategy', 'Customer Relationship Management', 'Revenue Growth', 'Territory Management']
  Missing: ['Negotiation Skills']

Match score AFTER tailoring: 100/100

Tailored resume saved: /Users/openclaw/job-search-agent/resumes/tailored/amazon_sales-account-manager-us-lcs.docx
Track: amazon
Using resume: master_amazon.json

Tailoring resume for: Sr. Account Manager-RRT, Startups at Amazon Web Services, Inc.
Extracting keywords via Claude Haiku...
Top ATS keywords: ['Account Management', 'Startup Strategy', 'Revenue Growth', 'Client Relationship Management', 'Sales Pipeline Management', 'AWS Solutions']

Match score BEFORE tailoring: 100/100
  Already in resume: ['Account Management', 'Startup Strategy', 'Revenue Growth', 'Client Relationship Management', 'Sales Pipeline Management', 'AWS Solutions']
  Missing: []

Match score AFTER tailoring: 100/100

Tailored resume saved: /Users/openclaw/job-search-agent/resumes/tailored/amazon-web-services-inc_sr-account-manager-rrt-startups.docx
Track: ops
Using resume: master_ops.json

Tailoring resume for: Executive Assistant to Founder & Operations at Early-stage, Mission-driven Startup at Bloom Talent
Extracting keywords via Claude Haiku...
Top ATS keywords: ['Executive Assistant', 'Operations Management', 'Founder Support', 'Project Coordination', 'Cross-Functional Leadership', 'Administrative Strategy']

Match score BEFORE tailoring: 66/100
  Already in resume: ['Operations Management', 'Founder Support', 'Cross-Functional Leadership', 'Administrative Strategy']
  Missing: ['Executive Assistant', 'Project Coordination']

Match score AFTER tailoring: 100/100

Tailored resume saved: /Users/openclaw/job-search-agent/resumes/tailored/bloom-talent_executive-assistant-to-founder-operation.docx
Track: ops
Using resume: master_ops.json

Tailoring resume for: Sr.  Amazon Ads Account Manager at Freshdesk
Extracting keywords via Claude Haiku...
Top ATS keywords: ['Amazon Ads Management', 'Account Management', 'Performance Marketing', 'Campaign Optimization', 'KPI Analysis', 'Vendor Relations']

Match score BEFORE tailoring: 100/100
  Already in resume: ['Amazon Ads Management', 'Account Management', 'Performance Marketing', 'Campaign Optimization', 'KPI Analysis', 'Vendor Relations']
  Missing: []

Match score AFTER tailoring: 100/100

Tailored resume saved: /Users/openclaw/job-search-agent/resumes/tailored/freshdesk_sr-amazon-ads-account-manager.docx
=== Tailor complete: 56 tailored, 0 failed at Fri Jul  3 03:12:22 EDT 2026 ===
[main 1f9d4d5] Sync tailored resumes 2026-07-03
 Committer: OpenClaw <openclaw@Sovereigns-Mac-mini.local>
Your name and email address were configured automatically based
on your username and hostname. Please check that they are accurate.
You can suppress this message by setting them explicitly. Run the
following command and follow the instructions in your editor to edit
your configuration file:

    git config --global --edit

After doing this, you may fix the identity used for this commit with:

    git commit --amend --reset-author

 13 files changed, 0 insertions(+), 0 deletions(-)
 create mode 100644 resumes/tailored/amazon-global-logistics_account-manager-i-amazon-global-logistic.docx
 create mode 100644 resumes/tailored/amazon-web-services-inc_sr-account-manager-rrt-startups.docx
 create mode 100644 resumes/tailored/amazon_sales-account-manager-fashion-advertisin.docx
 create mode 100644 resumes/tailored/amazon_sales-account-manager-us-lcs.docx
 create mode 100644 resumes/tailored/amazon_strategic-account-manager-amazon-publish.docx
 create mode 100644 resumes/tailored/bloom-talent_executive-assistant-to-founder-operation.docx
 create mode 100644 resumes/tailored/cleanboss-inc_senior-director-of-ecommerce-growth.docx
 create mode 100644 resumes/tailored/cpg-marketing_marketing-manager.docx
 create mode 100644 resumes/tailored/dyson-direct-inc_national-account-manager-beauty-direct-e.docx
 create mode 100644 resumes/tailored/freshdesk_sr-amazon-ads-account-manager.docx
 create mode 100644 resumes/tailored/gr-ns_vp-ecommerce.docx
 create mode 100644 resumes/tailored/my-amazon-guy_brand-director.docx
 create mode 100644 resumes/tailored/pet-wellness-brand_manager-brand-strategy-communications.docx
failed to store: -61
To https://gitlab.com/client-os/client-os.git
   1dd7309..1f9d4d5  main -> main
To https://github.com/angieraja23/client-os.git
   1dd7309..1f9d4d5  main -> main
Vercel CLI 54.10.2 (Node.js 25.8.0)
Retrieving project…
Deploying angieraja23-9144s-projects/client-acquisition-os
Uploading [--------------------] (0.0B/835.3KB)
Uploading [=====---------------] (210.6KB/835.3KB)
Uploading [==========----------] (423.6KB/835.3KB)
Uploading [===============-----] (640.3KB/835.3KB)
Uploading [====================] (835.3KB/835.3KB)
  Inspect     https://vercel.com/angieraja23-9144s-projects/client-acquisition-os/EsPL4srr82qMUD3NcQj5J69Tdubv
▲ Production  https://client-acquisition-fyot4hy2f-angieraja23-9144s-projects.vercel.app
https://client-acquisition-fyot4hy2f-angieraja23-9144s-projects.vercel.appBuilding…
Building…
Running build in Washington, D.C., USA (East) – iad1
Build machine configuration: 2 cores, 8 GB
Retrieving list of deployment files...
Previous build caches not available.
Downloading 128 deployment files...
Running "vercel build"
Vercel CLI 54.19.0
Build Completed in /vercel/output [187ms]
Deploying outputs...
[2K[1A[2K[G▲ Production  https://client-acquisition-fyot4hy2f-angieraja23-9144s-projects.vercel.app
Completing…
▲ Aliased     https://clientos.angieraja.com

✓ Ready in 6s
=== Resumes synced and deployed ===
=== Digest sent ===
=== Run finished: Fri Jul  3 03:12:34 EDT 2026 ===
=== Run started: Wed Jul  8 03:00:00 EDT 2026 ===
PATH=/opt/homebrew/bin:/opt/homebrew/sbin:/usr/local/bin:/usr/bin:/bin:/usr/sbin:/sbin
GITLAB_TOKEN=SET
GITHUB_TOKEN=SET
ANTHROPIC_API_KEY=SET
--- Running scraper ---
[2026-07-08 03:00] ==================================================
[2026-07-08 03:00] Client Acquisition OS — Weekly Refresh
[2026-07-08 03:00] ── JOBS ─────────────────────────────────
[2026-07-08 03:00]   Amazon Account Manager — Remote
[2026-07-08 03:00]     0 results
[2026-07-08 03:00]   Amazon Account Manager — New York
[2026-07-08 03:00]     10 results
[2026-07-08 03:00]     + Account Manager I, Hub Delivery @ Amazon (New York, NY) [LinkedIn · Easy Apply]
[2026-07-08 03:00]     + Sales Account Manager, Fashion, Sales, Advertising, & Account Management @ Amazon (New York, NY) [LinkedIn · Easy Apply]
[2026-07-08 03:00]     + National Account Manager, Amazon @ ACCO Brands (Anywhere) [LinkedIn · Easy Apply]
[2026-07-08 03:00]   Amazon Brand Manager — Remote
[2026-07-08 03:00]     0 results
[2026-07-08 03:00]   Amazon Brand Manager — New York
[2026-07-08 03:00]     10 results
[2026-07-08 03:00]   Senior Amazon Brand Manager — Remote
[2026-07-08 03:00]     0 results
[2026-07-08 03:00]   Senior Amazon Brand Manager — New York
[2026-07-08 03:00]     10 results
[2026-07-08 03:00]     + Sr. Product Marketing Manager , Amazon Live Creator Partnerships @ Amazon (New York, NY) [LinkedIn · Easy Apply]
[2026-07-08 03:00]     + Senior Amazon Brand Growth Lead Remote @ Ballard House (Ypsilanti, MI)
[2026-07-08 03:00]   Amazon Marketplace Manager — Remote
[2026-07-08 03:00]     0 results
[2026-07-08 03:00]   Amazon Marketplace Manager — New York
[2026-07-08 03:00]     10 results
[2026-07-08 03:00]     + Ecommerce Assistant Manager (Amazon Focus) @ Kiss Beauty Group (Port Washington, NY) [LinkedIn · Easy Apply]
[2026-07-08 03:00]     + Ecommerce Specialist (Amazon Focus) @ Kiss Beauty Group (Port Washington, NY) [LinkedIn · Easy Apply]
[2026-07-08 03:00]     + Digital Commerce Specialist- Amazon @ Kiss Beauty Group (Port Washington, NY) [LinkedIn · Easy Apply]
[2026-07-08 03:00]   Ecommerce Brand Manager — Remote
[2026-07-08 03:00]     0 results
[2026-07-08 03:00]   Ecommerce Brand Manager — New York
[2026-07-08 03:00]     10 results
[2026-07-08 03:00]     + eCommerce Manager Delivery Claims & Incidents @ Hermès (New York, NY) [LinkedIn · Easy Apply]
[2026-07-08 03:00]     + Ecommerce Assistant Manager @ Kiss Beauty Group (Port Washington, NY) [LinkedIn · Easy Apply]
[2026-07-08 03:00]     + eCommerce Lead FT @ Guggenheim @ Event Network, LLC (New York, NY) [LinkedIn · Easy Apply]
[2026-07-08 03:00]     + Director, eCommerce - Stuart Weitzman @ Caleres, Inc. (New York, NY) [LinkedIn · Easy Apply]
[2026-07-08 03:00]   Ecommerce Account Manager — Remote
[2026-07-08 03:00]     0 results
[2026-07-08 03:00]   Ecommerce Account Manager — New York
[2026-07-08 03:01]     0 results
[2026-07-08 03:01]   Marketplace Manager Walmart Amazon — Remote
[2026-07-08 03:01]     0 results
[2026-07-08 03:01]   Marketplace Manager Walmart Amazon — New York
[2026-07-08 03:01]     7 results
[2026-07-08 03:01]   Ecommerce Operations Manager — Remote
[2026-07-08 03:01]     0 results
[2026-07-08 03:01]   Ecommerce Operations Manager — New York
[2026-07-08 03:01]     10 results
[2026-07-08 03:01]     + Operations Manager, Social Commerce @ AMOREPACIFIC (New York, NY) [LinkedIn · Easy Apply]
[2026-07-08 03:01]   DTC Brand Manager — Remote
[2026-07-08 03:01]     0 results
[2026-07-08 03:01]   DTC Brand Manager — New York
[2026-07-08 03:01]     10 results
[2026-07-08 03:01]   Amazon Agency Account Manager — Remote
[2026-07-08 03:01]     0 results
[2026-07-08 03:01]   Amazon Agency Account Manager — New York
[2026-07-08 03:01]     10 results
[2026-07-08 03:01]     + Sales Account Manager, Live Sports @ Amazon (New York, NY) [LinkedIn · Easy Apply]
[2026-07-08 03:01]     + Sales Account Manager, Fashion Advertising Account Management, Fashion Advertising Account Management @ Amazon Advertising LLC (New York, NY) [LinkedIn · Easy Apply]
[2026-07-08 03:01]     + Principal Account Manager, ISV @ Amazon Web Services (AWS) (New York, NY) [LinkedIn · Easy Apply]
[2026-07-08 03:01]     + Sales Account Manager (Fashion, Sales, Advertising, & Account Management) @ Amazon (New York, NY)
[2026-07-08 03:02]   Chief of Staff ecommerce — Remote
[2026-07-08 03:02]     0 results
[2026-07-08 03:02]   Chief of Staff ecommerce — New York
[2026-07-08 03:02]     0 results
[2026-07-08 03:02]   Chief of Staff startup — Remote
[2026-07-08 03:02]     0 results
[2026-07-08 03:02]   Chief of Staff startup — New York
[2026-07-08 03:02]     1 results
[2026-07-08 03:02]     + Chief Operations Officer In Residence – Startup Fintech @ Scalata.ai (New York, NY) [LinkedIn · Easy Apply]
[2026-07-08 03:02]   Chief of Staff DTC — Remote
[2026-07-08 03:02]     0 results
[2026-07-08 03:02]   Chief of Staff DTC — New York
[2026-07-08 03:02]     0 results
[2026-07-08 03:02]   Head of Operations DTC — Remote
[2026-07-08 03:02]     0 results
[2026-07-08 03:02]   Head of Operations DTC — New York
[2026-07-08 03:02]     10 results
[2026-07-08 03:02]   Head of Operations ecommerce — Remote
[2026-07-08 03:02]     0 results
[2026-07-08 03:02]   Head of Operations ecommerce — New York
[2026-07-08 03:02]     10 results
[2026-07-08 03:02]   Director of Operations ecommerce — Remote
[2026-07-08 03:02]     0 results
[2026-07-08 03:02]   Director of Operations ecommerce — New York
[2026-07-08 03:02]     10 results
[2026-07-08 03:02]   EOS Integrator — Remote
[2026-07-08 03:02]     0 results
[2026-07-08 03:02]   EOS Integrator — New York
[2026-07-08 03:03]     10 results
[2026-07-08 03:03]   Fractional COO — Remote
[2026-07-08 03:03]     0 results
[2026-07-08 03:03]   Fractional COO — New York
[2026-07-08 03:03]     10 results
[2026-07-08 03:03]     + Fractional CEO for Small Businesses @ How to Manage a Small Law Firm II, Incorporated (Anywhere)
[2026-07-08 03:03]   VP Operations DTC — Remote
[2026-07-08 03:03]     0 results
[2026-07-08 03:03]   VP Operations DTC — New York
[2026-07-08 03:03]     10 results
[2026-07-08 03:03]   Business Operations Lead startup — Remote
[2026-07-08 03:03]     0 results
[2026-07-08 03:03]   Business Operations Lead startup — New York
[2026-07-08 03:03]     9 results
[2026-07-08 03:03]   Amazon Account Manager agency client portfolio — Remote
[2026-07-08 03:03]     0 results
[2026-07-08 03:03]   Amazon Account Manager agency client portfolio — New York
[2026-07-08 03:03]     0 results
[2026-07-08 03:03]   Amazon Brand Manager Seller Central agency — Remote
[2026-07-08 03:03]     0 results
[2026-07-08 03:03]   Amazon Brand Manager Seller Central agency — New York
[2026-07-08 03:03]     1 results
[2026-07-08 03:03]   Marketplace Account Manager consumer brands — Remote
[2026-07-08 03:03]     0 results
[2026-07-08 03:03]   Marketplace Account Manager consumer brands — New York
[2026-07-08 03:03]     1 results
[2026-07-08 03:03]   Ecommerce Account Manager client facing Amazon — Remote
[2026-07-08 03:03]     0 results
[2026-07-08 03:03]   Ecommerce Account Manager client facing Amazon — New York
[2026-07-08 03:03]     6 results
[2026-07-08 03:03]   Amazon Account Director agency — Remote
[2026-07-08 03:03]     0 results
[2026-07-08 03:04]   Amazon Account Director agency — New York
[2026-07-08 03:04]     10 results
[2026-07-08 03:04]   Senior Account Manager Amazon marketplace agency — Remote
[2026-07-08 03:04]     0 results
[2026-07-08 03:04]   Senior Account Manager Amazon marketplace agency — New York
[2026-07-08 03:04]     3 results
[2026-07-08 03:04]   Brand Strategy Manager Amazon ecommerce — Remote
[2026-07-08 03:04]     0 results
[2026-07-08 03:04]   Brand Strategy Manager Amazon ecommerce — New York
[2026-07-08 03:04]     10 results
[2026-07-08 03:04]     + Manager, Digital Merchandising, Amazon @ Kiss Beauty Group (Port Washington, NY) [LinkedIn · Easy Apply]
[2026-07-08 03:04]   Client Success Manager Amazon agency — Remote
[2026-07-08 03:04]     0 results
[2026-07-08 03:04]   Client Success Manager Amazon agency — New York
[2026-07-08 03:04]     8 results
[main a6df7b8] Weekly refresh 2026-07-08
 Committer: OpenClaw <openclaw@Sovereigns-Mac-mini.local>
Your name and email address were configured automatically based
on your username and hostname. Please check that they are accurate.
You can suppress this message by setting them explicitly. Run the
following command and follow the instructions in your editor to edit
your configuration file:

    git config --global --edit

After doing this, you may fix the identity used for this commit with:

    git commit --amend --reset-author

 4 files changed, 923 insertions(+), 1 deletion(-)
[2026-07-08 03:04]   Wrote 76 jobs to data/jobs.json (20 new)
[2026-07-08 03:04] ── DEPLOYING via GitLab ──────────────────
[2026-07-08 03:04]   Pushed to GitLab
[2026-07-08 03:04]   Deployed to Vercel
[2026-07-08 03:04] Done.

Scraper exit code: 0
--- Committing and pushing ---
[main beb7111] Nightly auto-sync 2026-07-08
 Committer: OpenClaw <openclaw@Sovereigns-Mac-mini.local>
Your name and email address were configured automatically based
on your username and hostname. Please check that they are accurate.
You can suppress this message by setting them explicitly. Run the
following command and follow the instructions in your editor to edit
your configuration file:

    git config --global --edit

After doing this, you may fix the identity used for this commit with:

    git commit --amend --reset-author

 2 files changed, 27 insertions(+)
failed to store: -61
To https://gitlab.com/client-os/client-os.git
   a6df7b8..beb7111  main -> main
To https://github.com/angieraja23/client-os.git
   1f9d4d5..beb7111  main -> main
Vercel CLI 54.10.2 (Node.js 25.8.0)
Retrieving project…
Deploying angieraja23-9144s-projects/client-acquisition-os
Uploading [--------------------] (0.0B/528.6KB)
Uploading [=====---------------] (144.0KB/528.6KB)
Uploading [==========----------] (272.0KB/528.6KB)
Uploading [===============-----] (402.6KB/528.6KB)
Uploading [====================] (528.6KB/528.6KB)
  Inspect     https://vercel.com/angieraja23-9144s-projects/client-acquisition-os/3G1VLKLa2y6Sa4adfSNgwccY6FVv
▲ Production  https://client-acquisition-2taaeu4tq-angieraja23-9144s-projects.vercel.app
https://client-acquisition-2taaeu4tq-angieraja23-9144s-projects.vercel.appBuilding…
Running build in Washington, D.C., USA (East) – iad1
Build machine configuration: 2 cores, 8 GB
Retrieving list of deployment files...
Retrieving list of deployment files...
Previous build caches not available.
Downloading 128 deployment files...
Running "vercel build"
Vercel CLI 54.19.0
Build Completed in /vercel/output [118ms]
[2K[1A[2K[G▲ Production  https://client-acquisition-2taaeu4tq-angieraja23-9144s-projects.vercel.app
Completing…
▲ Aliased     https://clientos.angieraja.com

✓ Ready in 9s
=== Deployed: Wed Jul  8 03:05:05 EDT 2026 ===
--- Running tailor ---
=== Tailor started: Wed Jul  8 03:05:05 EDT 2026 ===
Track: ops
SKIP (already tailored): Chief of Staff at Cascade at Jack & Jill
Track: ops
SKIP (already tailored): Chief of Staff to the GM of Housing at Flex
Track: ops
SKIP (already tailored): Executive Assistant to the Chief of Staff at DEPARTMENT OF CORRECTION
Track: amazon
SKIP (already tailored): Associate Manager, Commerce Platform Logistics - Strategy and Operations at DoorDash
Track: amazon
SKIP (already tailored): Sr. Resourcing Operations Manager at MKG Productions, LLC
Track: ops
SKIP (already tailored): Logistics Operations Project Manager at Fluidstack
Track: ops
SKIP (already tailored): Manager, Enrollment Fulfillment Operations at New York Life
Track: amazon
SKIP (already tailored): Ecommerce Manager at Zachys Wine & Liquor
Track: amazon
SKIP (already tailored): Amazon Brand Manager at Cartograph
Track: amazon
SKIP (already tailored): Director of Ecommerce at SBH Fashion
Track: amazon
SKIP (already tailored): Ecommerce Marketplace Manager at Universal Perfumes & Cosmetics
Track: amazon
SKIP (already tailored): Client Account Manager, Digital Accounts at Amsive
Track: ops
SKIP (already tailored): DTC Performance & Growth Marketing Manager at Blueair North America
Track: amazon
SKIP (already tailored): AWS Sr. Enterprise Account Manager, Automotive & Manufacturing at Amazon Web Services (AWS)
Track: amazon
SKIP (already tailored): Senior Amazon Brand Manager at GNO Partners
Track: amazon
SKIP (already tailored): Campaign & Creative Manager, Campaign & Creative Management, Amazon at Amazon
Track: amazon
SKIP (already tailored): Sr. Marketing Manager, Engagement, WW Amazon Flex, Amazon Flex at Amazon
Track: amazon
SKIP (already tailored): Director, Amazon at Nécessaire, Inc.
Track: amazon
SKIP (already tailored): Amazon & Marketplace Account Growth Manager at The PCA Group
Track: amazon
SKIP (already tailored): Remote Amazon Marketplace Manager at Foxelli Group Remote at Foxelli Group
Track: amazon
SKIP (already tailored): E-commerce Growth Manager at BURDLIFE
Track: amazon
SKIP (already tailored): Marketplace Manager at PetsWorld Inc
Track: amazon
SKIP (already tailored): TikTok Shop Account Manager at KAMP Agency
Track: amazon
SKIP (already tailored): Sales Account Manager, US LCS, Consumer Electronics at Amazon
Track: amazon
SKIP (already tailored): Director of Operations — Digital & Ecommerce at Maxima Apparel
Track: amazon
SKIP (already tailored): Senior Manager, Ecommerce at SBH Fashion
Track: amazon
SKIP (already tailored): Sales Account Manager, LCS Acquisitions at Amazon
Track: ops
SKIP (already tailored): Chief of Staff - AI-native startup is rewiring a trillion-dollar consumer industry at Big Wave Digital
Track: ops
SKIP (already tailored): COO/EOS Integrator at CBIZ Talent Solutions
Track: ops
SKIP (already tailored): Office Operations at Series B AI Startup at Bloom Talent
Track: ops
SKIP (already tailored): Office & Operations Lead — Startup NYC (Equity) at The Talent Post
Track: ops
SKIP (already tailored): Jr. Amazon Account Coordinator at Tiide Commerce
Track: ops
SKIP (already tailored): Amazon Account Coordinator - Affiliate Marketing Agency at Ikon Digital Media
Track: ops
SKIP (already tailored): Manager, Amazon - Origins at DECIEM | THE ABNORMAL BEAUTY COMPANY
Track: amazon
SKIP (already tailored): Website for Amazon Account Management at Upwork
Track: amazon
SKIP (already tailored): Sr Product Marketing Manager, WW New Customer Registration, Amazon Business at Amazon
Track: amazon
SKIP (already tailored): Amazon Marketplace Specialist at Master Wholesale International, Inc.
Track: amazon
SKIP (already tailored): Senior Brand Manager, eCommerce Agency at Jobot
Track: amazon
SKIP (already tailored): Category Manager Intern (TikTok Shop - Operations) - 2026 Summer (MBA) at TikTok
Track: amazon
SKIP (already tailored): Ecommerce Optimization Manager at Clean Simple Eats, LLC.
Track: amazon
SKIP (already tailored): National Account Manager - Amazon at Scholastic
Track: amazon
SKIP (already tailored): Sales Account Manager, US LCS, Consumer Electronics at Amazon Advertising LLC
Track: ops
SKIP (already tailored): Director of Business Operations, SaaS | AI | eCommerce at Get Plus - The Autonomous Commerce OS
Track: amazon
SKIP (already tailored): AWS Account Manager, FSI at Amazon Web Services (AWS)
Track: amazon
SKIP (already tailored): Sr. Account Manager-RRT, Startups at Amazon Web Services (AWS)
Track: ops
SKIP (already tailored): Amazon Specialist at My Amazon Guy
Track: amazon
SKIP (already tailored): Strategic Account Manager, Amazon Publisher Services at Amazon
Track: amazon
SKIP (already tailored): Account Manager I, Amazon Global Logistics at Amazon Global Logistics
Track: amazon
SKIP (already tailored): VP, Ecommerce at Grüns
Track: amazon
SKIP (already tailored): Senior Director of Ecommerce & Growth at CleanBoss Inc.
Track: amazon
SKIP (already tailored): National Account Manager, Beauty (Direct eCommerce) at Dyson Direct Inc
Track: amazon
SKIP (already tailored): Sales Account Manager, Fashion Advertising Account Management, Fashion Advertising Account Management at Amazon
Track: amazon
SKIP (already tailored): Sales Account Manager, US LCS at Amazon
Track: amazon
SKIP (already tailored): Sr. Account Manager-RRT, Startups at Amazon Web Services, Inc.
Track: ops
SKIP (already tailored): Executive Assistant to Founder & Operations at Early-stage, Mission-driven Startup at Bloom Talent
Track: ops
SKIP (already tailored): Sr.  Amazon Ads Account Manager at Freshdesk
Track: amazon
Using resume: master_amazon.json

Tailoring resume for: Account Manager I, Hub Delivery at Amazon
Extracting keywords via Claude Haiku...
Top ATS keywords: ['Account Management', 'Customer Relationship Management', 'Sales Target Achievement', 'Hub Operations', 'Delivery Logistics', 'Performance Metrics']

Match score BEFORE tailoring: 100/100
  Already in resume: ['Account Management', 'Customer Relationship Management', 'Sales Target Achievement', 'Hub Operations', 'Delivery Logistics', 'Performance Metrics']
  Missing: []

Match score AFTER tailoring: 100/100

Tailored resume saved: /Users/openclaw/job-search-agent/resumes/tailored/amazon_account-manager-i-hub-delivery.docx
Track: amazon
Using resume: master_amazon.json

Tailoring resume for: Sales Account Manager, Fashion, Sales, Advertising, & Account Management at Amazon
Extracting keywords via Claude Haiku...
Top ATS keywords: ['Account Management', 'Sales Strategy', 'Client Relationship Management', 'Fashion Industry', 'Advertising', 'Revenue Growth']

Match score BEFORE tailoring: 83/100
  Already in resume: ['Account Management', 'Sales Strategy', 'Client Relationship Management', 'Advertising', 'Revenue Growth']
  Missing: ['Fashion Industry']

Match score AFTER tailoring: 100/100

Tailored resume saved: /Users/openclaw/job-search-agent/resumes/tailored/amazon_sales-account-manager-fashion-sales-adve.docx
Track: amazon
Using resume: master_amazon.json

Tailoring resume for: National Account Manager, Amazon at ACCO Brands
Extracting keywords via Claude Haiku...
Top ATS keywords: ['Account Management', 'Amazon Sales', 'National Accounts', 'Sales Strategy', 'Vendor Relations', 'P&L Management']

Match score BEFORE tailoring: 100/100
  Already in resume: ['Account Management', 'Amazon Sales', 'National Accounts', 'Sales Strategy', 'Vendor Relations', 'P&L Management']
  Missing: []

Match score AFTER tailoring: 100/100

Tailored resume saved: /Users/openclaw/job-search-agent/resumes/tailored/acco-brands_national-account-manager-amazon.docx
Track: amazon
Using resume: master_amazon.json

Tailoring resume for: Sr. Product Marketing Manager , Amazon Live Creator Partnerships at Amazon
Extracting keywords via Claude Haiku...
Top ATS keywords: ['Product Marketing Strategy', 'Creator Partnerships', 'Go-to-Market Launch', 'Cross-Functional Leadership', 'Amazon Live Platform', 'Performance Analytics']

Match score BEFORE tailoring: 100/100
  Already in resume: ['Product Marketing Strategy', 'Creator Partnerships', 'Go-to-Market Launch', 'Cross-Functional Leadership', 'Amazon Live Platform', 'Performance Analytics']
  Missing: []

Match score AFTER tailoring: 100/100

Tailored resume saved: /Users/openclaw/job-search-agent/resumes/tailored/amazon_sr-product-marketing-manager-amazon-live.docx
Track: amazon
Using resume: master_amazon.json

Tailoring resume for: Senior Amazon Brand Growth Lead Remote at Ballard House
Extracting keywords via Claude Haiku...
Top ATS keywords: ['Amazon Seller Central', 'Brand Growth Strategy', 'P&L Management', 'Amazon Advertising', 'Sales Analytics', 'Vendor Management']

Match score BEFORE tailoring: 83/100
  Already in resume: ['Amazon Seller Central', 'Brand Growth Strategy', 'P&L Management', 'Amazon Advertising', 'Vendor Management']
  Missing: ['Sales Analytics']

Match score AFTER tailoring: 100/100

Tailored resume saved: /Users/openclaw/job-search-agent/resumes/tailored/ballard-house_senior-amazon-brand-growth-lead-remote.docx
Track: amazon
Using resume: master_amazon.json

Tailoring resume for: Ecommerce Assistant Manager (Amazon Focus) at Kiss Beauty Group
Extracting keywords via Claude Haiku...
Top ATS keywords: ['Amazon Seller Central', 'Ecommerce Operations', 'Inventory Management', 'Sales Analytics', 'P&L Management', 'Vendor Relations']

Match score BEFORE tailoring: 83/100
  Already in resume: ['Amazon Seller Central', 'Ecommerce Operations', 'Inventory Management', 'P&L Management', 'Vendor Relations']
  Missing: ['Sales Analytics']

Match score AFTER tailoring: 100/100

Tailored resume saved: /Users/openclaw/job-search-agent/resumes/tailored/kiss-beauty-group_ecommerce-assistant-manager-amazon-focus.docx
Track: amazon
Using resume: master_amazon.json

Tailoring resume for: Ecommerce Specialist (Amazon Focus) at Kiss Beauty Group
Extracting keywords via Claude Haiku...
Top ATS keywords: ['Amazon Seller Central', 'Ecommerce Management', 'Product Listing Optimization', 'Inventory Management', 'Sales Analytics', 'Amazon Advertising']

Match score BEFORE tailoring: 83/100
  Already in resume: ['Amazon Seller Central', 'Ecommerce Management', 'Product Listing Optimization', 'Inventory Management', 'Amazon Advertising']
  Missing: ['Sales Analytics']

Match score AFTER tailoring: 100/100

Tailored resume saved: /Users/openclaw/job-search-agent/resumes/tailored/kiss-beauty-group_ecommerce-specialist-amazon-focus.docx
Track: amazon
Using resume: master_amazon.json

Tailoring resume for: Digital Commerce Specialist- Amazon at Kiss Beauty Group
Extracting keywords via Claude Haiku...
Top ATS keywords: ['Amazon Seller Central', 'E-commerce Management', 'Product Listing Optimization', 'Inventory Management', 'Sales Analytics', 'Channel Strategy']

Match score BEFORE tailoring: 83/100
  Already in resume: ['Amazon Seller Central', 'E-commerce Management', 'Product Listing Optimization', 'Inventory Management', 'Channel Strategy']
  Missing: ['Sales Analytics']

Match score AFTER tailoring: 100/100

Tailored resume saved: /Users/openclaw/job-search-agent/resumes/tailored/kiss-beauty-group_digital-commerce-specialist-amazon.docx
Track: amazon
Using resume: master_amazon.json

Tailoring resume for: eCommerce Manager Delivery Claims & Incidents at Hermès
Extracting keywords via Claude Haiku...
Top ATS keywords: ['Claims Management', 'eCommerce Operations', 'Incident Resolution', 'Customer Service', 'Process Improvement', 'Logistics Coordination']

Match score BEFORE tailoring: 66/100
  Already in resume: ['Claims Management', 'eCommerce Operations', 'Customer Service', 'Process Improvement']
  Missing: ['Incident Resolution', 'Logistics Coordination']

Match score AFTER tailoring: 100/100

Tailored resume saved: /Users/openclaw/job-search-agent/resumes/tailored/herm-s_ecommerce-manager-delivery-claims-incide.docx
Track: amazon
Using resume: master_amazon.json

Tailoring resume for: Ecommerce Assistant Manager at Kiss Beauty Group
Extracting keywords via Claude Haiku...
Top ATS keywords: ['Ecommerce Management', 'Inventory Management', 'P&L Management', 'Customer Service', 'Digital Marketing', 'Sales Analytics']

Match score BEFORE tailoring: 83/100
  Already in resume: ['Ecommerce Management', 'Inventory Management', 'P&L Management', 'Customer Service', 'Digital Marketing']
  Missing: ['Sales Analytics']

Match score AFTER tailoring: 100/100

Tailored resume saved: /Users/openclaw/job-search-agent/resumes/tailored/kiss-beauty-group_ecommerce-assistant-manager.docx
Track: amazon
Using resume: master_amazon.json

Tailoring resume for: eCommerce Lead FT @ Guggenheim at Event Network, LLC
Extracting keywords via Claude Haiku...
Top ATS keywords: ['eCommerce Strategy', 'P&L Management', 'Digital Marketing', 'Cross-Functional Leadership', 'Conversion Optimization', 'Vendor Management']

Match score BEFORE tailoring: 100/100
  Already in resume: ['eCommerce Strategy', 'P&L Management', 'Digital Marketing', 'Cross-Functional Leadership', 'Conversion Optimization', 'Vendor Management']
  Missing: []

Match score AFTER tailoring: 100/100

Tailored resume saved: /Users/openclaw/job-search-agent/resumes/tailored/event-network-llc_ecommerce-lead-ft-guggenheim.docx
Track: amazon
Using resume: master_amazon.json

Tailoring resume for: Director, eCommerce - Stuart Weitzman at Caleres, Inc.
Extracting keywords via Claude Haiku...
Top ATS keywords: ['eCommerce Strategy', 'P&L Management', 'Digital Marketing', 'Cross-Functional Leadership', 'Customer Experience', 'Data Analytics']

Match score BEFORE tailoring: 83/100
  Already in resume: ['eCommerce Strategy', 'P&L Management', 'Digital Marketing', 'Cross-Functional Leadership', 'Customer Experience']
  Missing: ['Data Analytics']

Match score AFTER tailoring: 100/100

Tailored resume saved: /Users/openclaw/job-search-agent/resumes/tailored/caleres-inc_director-ecommerce-stuart-weitzman.docx
Track: amazon
Using resume: master_amazon.json

Tailoring resume for: Operations Manager, Social Commerce at AMOREPACIFIC
Extracting keywords via Claude Haiku...
Top ATS keywords: ['Social Commerce Operations', 'P&L Management', 'Cross-Functional Leadership', 'Inventory Management', 'Performance Analytics', 'Vendor Management']

Match score BEFORE tailoring: 100/100
  Already in resume: ['Social Commerce Operations', 'P&L Management', 'Cross-Functional Leadership', 'Inventory Management', 'Performance Analytics', 'Vendor Management']
  Missing: []

Match score AFTER tailoring: 100/100

Tailored resume saved: /Users/openclaw/job-search-agent/resumes/tailored/amorepacific_operations-manager-social-commerce.docx
Track: amazon
Using resume: master_amazon.json

Tailoring resume for: Sales Account Manager, Live Sports at Amazon
Extracting keywords via Claude Haiku...
Top ATS keywords: ['Account Management', 'Sales Management', 'Live Sports', 'Revenue Growth', 'Client Relationship Management', 'Sales Strategy']

Match score BEFORE tailoring: 100/100
  Already in resume: ['Account Management', 'Sales Management', 'Live Sports', 'Revenue Growth', 'Client Relationship Management', 'Sales Strategy']
  Missing: []

Match score AFTER tailoring: 100/100

Tailored resume saved: /Users/openclaw/job-search-agent/resumes/tailored/amazon_sales-account-manager-live-sports.docx
Track: amazon
Using resume: master_amazon.json

Tailoring resume for: Sales Account Manager, Fashion Advertising Account Management, Fashion Advertising Account Management at Amazon Advertising LLC
Extracting keywords via Claude Haiku...
Top ATS keywords: ['Account Management', 'Sales Strategy', 'Fashion Advertising', 'Client Relationship Management', 'Revenue Growth', 'Campaign Management']

Match score BEFORE tailoring: 100/100
  Already in resume: ['Account Management', 'Sales Strategy', 'Fashion Advertising', 'Client Relationship Management', 'Revenue Growth', 'Campaign Management']
  Missing: []

Match score AFTER tailoring: 100/100

Tailored resume saved: /Users/openclaw/job-search-agent/resumes/tailored/amazon-advertising-llc_sales-account-manager-fashion-advertisin.docx
Track: amazon
Using resume: master_amazon.json

Tailoring resume for: Principal Account Manager, ISV at Amazon Web Services (AWS)
Extracting keywords via Claude Haiku...
Top ATS keywords: ['Account Management', 'ISV Strategy', 'Sales Leadership', 'Partner Development', 'Revenue Growth', 'AWS Solutions']

Match score BEFORE tailoring: 100/100
  Already in resume: ['Account Management', 'ISV Strategy', 'Sales Leadership', 'Partner Development', 'Revenue Growth', 'AWS Solutions']
  Missing: []

Match score AFTER tailoring: 100/100

Tailored resume saved: /Users/openclaw/job-search-agent/resumes/tailored/amazon-web-services-aws_principal-account-manager-isv.docx
Track: amazon
SKIP (already tailored): Sales Account Manager (Fashion, Sales, Advertising, & Account Management) at Amazon
Track: ops
Using resume: master_ops.json

Tailoring resume for: Chief Operations Officer In Residence – Startup Fintech at Scalata.ai
Extracting keywords via Claude Haiku...
Top ATS keywords: ['Operations Management', 'Fintech Experience', 'P&L Management', 'Process Optimization', 'Startup Scaling', 'Cross-Functional Leadership']

Match score BEFORE tailoring: 100/100
  Already in resume: ['Operations Management', 'Fintech Experience', 'P&L Management', 'Process Optimization', 'Startup Scaling', 'Cross-Functional Leadership']
  Missing: []

Match score AFTER tailoring: 100/100

Tailored resume saved: /Users/openclaw/job-search-agent/resumes/tailored/scalata-ai_chief-operations-officer-in-residence-st.docx
Track: ops
Using resume: master_ops.json

Tailoring resume for: Fractional CEO for Small Businesses at How to Manage a Small Law Firm II, Incorporated
Extracting keywords via Claude Haiku...
Top ATS keywords: ['Business Strategy', 'P&L Management', 'Operations Management', 'Leadership', 'Financial Planning', 'Business Development']

Match score BEFORE tailoring: 100/100
  Already in resume: ['Business Strategy', 'P&L Management', 'Operations Management', 'Leadership', 'Financial Planning', 'Business Development']
  Missing: []

Match score AFTER tailoring: 100/100

Tailored resume saved: /Users/openclaw/job-search-agent/resumes/tailored/how-to-manage-a-small-law-firm-ii-incorp_fractional-ceo-for-small-businesses.docx
Track: ops
Using resume: master_ops.json

Tailoring resume for: Manager, Digital Merchandising, Amazon at Kiss Beauty Group
Extracting keywords via Claude Haiku...
Top ATS keywords: ['Digital Merchandising', 'Amazon Platform', 'P&L Management', 'Product Strategy', 'Cross-Functional Leadership', 'KPI Optimization']

Match score BEFORE tailoring: 83/100
  Already in resume: ['Amazon Platform', 'P&L Management', 'Product Strategy', 'Cross-Functional Leadership', 'KPI Optimization']
  Missing: ['Digital Merchandising']

Match score AFTER tailoring: 100/100

Tailored resume saved: /Users/openclaw/job-search-agent/resumes/tailored/kiss-beauty-group_manager-digital-merchandising-amazon.docx
=== Tailor complete: 76 tailored, 0 failed at Wed Jul  8 03:14:46 EDT 2026 ===
[main 21f96e3] Sync tailored resumes 2026-07-08
 Committer: OpenClaw <openclaw@Sovereigns-Mac-mini.local>
Your name and email address were configured automatically based
on your username and hostname. Please check that they are accurate.
You can suppress this message by setting them explicitly. Run the
following command and follow the instructions in your editor to edit
your configuration file:

    git config --global --edit

After doing this, you may fix the identity used for this commit with:

    git commit --amend --reset-author

 19 files changed, 0 insertions(+), 0 deletions(-)
 create mode 100644 resumes/tailored/acco-brands_national-account-manager-amazon.docx
 create mode 100644 resumes/tailored/amazon-advertising-llc_sales-account-manager-fashion-advertisin.docx
 create mode 100644 resumes/tailored/amazon-web-services-aws_principal-account-manager-isv.docx
 create mode 100644 resumes/tailored/amazon_account-manager-i-hub-delivery.docx
 create mode 100644 resumes/tailored/amazon_sales-account-manager-fashion-sales-adve.docx
 create mode 100644 resumes/tailored/amazon_sales-account-manager-live-sports.docx
 create mode 100644 resumes/tailored/amazon_sr-product-marketing-manager-amazon-live.docx
 create mode 100644 resumes/tailored/amorepacific_operations-manager-social-commerce.docx
 create mode 100644 resumes/tailored/ballard-house_senior-amazon-brand-growth-lead-remote.docx
 create mode 100644 resumes/tailored/caleres-inc_director-ecommerce-stuart-weitzman.docx
 create mode 100644 resumes/tailored/event-network-llc_ecommerce-lead-ft-guggenheim.docx
 create mode 100644 resumes/tailored/herm-s_ecommerce-manager-delivery-claims-incide.docx
 create mode 100644 resumes/tailored/how-to-manage-a-small-law-firm-ii-incorp_fractional-ceo-for-small-businesses.docx
 create mode 100644 resumes/tailored/kiss-beauty-group_digital-commerce-specialist-amazon.docx
 create mode 100644 resumes/tailored/kiss-beauty-group_ecommerce-assistant-manager-amazon-focus.docx
 create mode 100644 resumes/tailored/kiss-beauty-group_ecommerce-assistant-manager.docx
 create mode 100644 resumes/tailored/kiss-beauty-group_ecommerce-specialist-amazon-focus.docx
 create mode 100644 resumes/tailored/kiss-beauty-group_manager-digital-merchandising-amazon.docx
 create mode 100644 resumes/tailored/scalata-ai_chief-operations-officer-in-residence-st.docx
failed to store: -61
To https://gitlab.com/client-os/client-os.git
   beb7111..21f96e3  main -> main
To https://github.com/angieraja23/client-os.git
   beb7111..21f96e3  main -> main
Vercel CLI 54.10.2 (Node.js 25.8.0)
Retrieving project…
Deploying angieraja23-9144s-projects/client-acquisition-os
Uploading [--------------------] (0.0B/1.1MB)
Uploading [=====---------------] (283.2KB/1.1MB)
Uploading [==========----------] (554.0KB/1.1MB)
Uploading [===============-----] (837.2KB/1.1MB)
Uploading [====================] (1.1MB/1.1MB)
  Inspect     https://vercel.com/angieraja23-9144s-projects/client-acquisition-os/CJTe4e159gytRwUjxbWqFmsX8prN
▲ Production  https://client-acquisition-dt3ksb2gr-angieraja23-9144s-projects.vercel.app
https://client-acquisition-dt3ksb2gr-angieraja23-9144s-projects.vercel.appBuilding…
Building…
Running build in Washington, D.C., USA (East) – iad1
Build machine configuration: 2 cores, 8 GB
Retrieving list of deployment files...
Previous build caches not available.
Downloading 147 deployment files...
Running "vercel build"
Vercel CLI 54.19.0
Build Completed in /vercel/output [219ms]
Deploying outputs...
[2K[1A[2K[G▲ Production  https://client-acquisition-dt3ksb2gr-angieraja23-9144s-projects.vercel.app
Completing…
▲ Aliased     https://clientos.angieraja.com

✓ Ready in 7s
=== Resumes synced and deployed ===
=== Digest sent ===
=== Run finished: Wed Jul  8 03:15:00 EDT 2026 ===
=== Run started: Fri Jul 10 03:00:00 EDT 2026 ===
PATH=/opt/homebrew/bin:/opt/homebrew/sbin:/usr/local/bin:/usr/bin:/bin:/usr/sbin:/sbin
GITLAB_TOKEN=SET
GITHUB_TOKEN=SET
ANTHROPIC_API_KEY=SET
--- Running scraper ---
[main e84d73d] Weekly refresh 2026-07-10
 Committer: OpenClaw <openclaw@Sovereigns-Mac-mini.local>
Your name and email address were configured automatically based
on your username and hostname. Please check that they are accurate.
You can suppress this message by setting them explicitly. Run the
following command and follow the instructions in your editor to edit
your configuration file:

    git config --global --edit

After doing this, you may fix the identity used for this commit with:

    git commit --amend --reset-author

 4 files changed, 733 insertions(+), 1 deletion(-)
[2026-07-10 03:00] ==================================================
[2026-07-10 03:00] Client Acquisition OS — Weekly Refresh
[2026-07-10 03:00] ── JOBS ─────────────────────────────────
[2026-07-10 03:00]   Amazon Account Manager — Remote
[2026-07-10 03:00]     0 results
[2026-07-10 03:00]   Amazon Account Manager — New York
[2026-07-10 03:00]     10 results
[2026-07-10 03:00]     + Amazon Account Strategist -  Amazon Seller & Vendor Central required! @ VENDO – A PLTFRM Company (Anywhere) [LinkedIn · Easy Apply]
[2026-07-10 03:00]   Amazon Brand Manager — Remote
[2026-07-10 03:00]     0 results
[2026-07-10 03:00]   Amazon Brand Manager — New York
[2026-07-10 03:00]     10 results
[2026-07-10 03:00]   Senior Amazon Brand Manager — Remote
[2026-07-10 03:00]     0 results
[2026-07-10 03:00]   Senior Amazon Brand Manager — New York
[2026-07-10 03:00]     10 results
[2026-07-10 03:00]   Amazon Marketplace Manager — Remote
[2026-07-10 03:00]     0 results
[2026-07-10 03:00]   Amazon Marketplace Manager — New York
[2026-07-10 03:00]     10 results
[2026-07-10 03:00]   Ecommerce Brand Manager — Remote
[2026-07-10 03:00]     0 results
[2026-07-10 03:00]   Ecommerce Brand Manager — New York
[2026-07-10 03:00]     10 results
[2026-07-10 03:00]     + E-Commerce Operations Manager @ TOM FORD FASHION (New York, NY, United States) [LinkedIn · Easy Apply]
[2026-07-10 03:00]     + Ecommerce Manager (Beauty) @ Solomon Page (New York, NY, United States)
[2026-07-10 03:00]     + Manager, Book Sales & eCommerce @ AWA Studios (New York, NY, United States) [LinkedIn · Easy Apply]
[2026-07-10 03:00]     + Ecommerce Assistant Manager @ Ivy Enterprises, Inc. (Port Washington, NY, United States) [LinkedIn · Easy Apply]
[2026-07-10 03:00]   Ecommerce Account Manager — Remote
[2026-07-10 03:00]     0 results
[2026-07-10 03:00]   Ecommerce Account Manager — New York
[2026-07-10 03:00]     0 results
[2026-07-10 03:00]   Marketplace Manager Walmart Amazon — Remote
[2026-07-10 03:00]     0 results
[2026-07-10 03:00]   Marketplace Manager Walmart Amazon — New York
[2026-07-10 03:00]     8 results
[2026-07-10 03:00]   Ecommerce Operations Manager — Remote
[2026-07-10 03:00]     0 results
[2026-07-10 03:00]   Ecommerce Operations Manager — New York
[2026-07-10 03:00]     5 results
[2026-07-10 03:00]   DTC Brand Manager — Remote
[2026-07-10 03:00]     0 results
[2026-07-10 03:00]   DTC Brand Manager — New York
[2026-07-10 03:00]     10 results
[2026-07-10 03:00]   Amazon Agency Account Manager — Remote
[2026-07-10 03:00]     0 results
[2026-07-10 03:00]   Amazon Agency Account Manager — New York
[2026-07-10 03:00]     10 results
[2026-07-10 03:01]     + Account Manager, US Govtech Mid-Market @ Amazon Web Services (AWS) (New York, NY) [LinkedIn · Easy Apply]
[2026-07-10 03:01]   Chief of Staff ecommerce — Remote
[2026-07-10 03:01]     0 results
[2026-07-10 03:01]   Chief of Staff ecommerce — New York
[2026-07-10 03:01]     3 results
[2026-07-10 03:01]   Chief of Staff startup — Remote
[2026-07-10 03:01]     0 results
[2026-07-10 03:01]   Chief of Staff startup — New York
[2026-07-10 03:01]     0 results
[2026-07-10 03:01]   Chief of Staff DTC — Remote
[2026-07-10 03:01]     0 results
[2026-07-10 03:01]   Chief of Staff DTC — New York
[2026-07-10 03:01]     1 results
[2026-07-10 03:01]   Head of Operations DTC — Remote
[2026-07-10 03:01]     0 results
[2026-07-10 03:01]   Head of Operations DTC — New York
[2026-07-10 03:01]     10 results
[2026-07-10 03:01]   Head of Operations ecommerce — Remote
[2026-07-10 03:01]     0 results
[2026-07-10 03:01]   Head of Operations ecommerce — New York
[2026-07-10 03:01]     10 results
[2026-07-10 03:02]     + eCommerce Operations Manager @ Adecco (Parsippany-Troy Hills, NJ) [LinkedIn · Easy Apply]
[2026-07-10 03:02]   Director of Operations ecommerce — Remote
[2026-07-10 03:02]     0 results
[2026-07-10 03:02]   Director of Operations ecommerce — New York
[2026-07-10 03:02]     10 results
[2026-07-10 03:02]   EOS Integrator — Remote
[2026-07-10 03:02]     0 results
[2026-07-10 03:02]   EOS Integrator — New York
[2026-07-10 03:02]     10 results
[2026-07-10 03:02]   Fractional COO — Remote
[2026-07-10 03:02]     0 results
[2026-07-10 03:02]   Fractional COO — New York
[2026-07-10 03:02]     10 results
[2026-07-10 03:02]   VP Operations DTC — Remote
[2026-07-10 03:02]     0 results
[2026-07-10 03:02]   VP Operations DTC — New York
[2026-07-10 03:02]     10 results
[2026-07-10 03:02]   Business Operations Lead startup — Remote
[2026-07-10 03:02]     0 results
[2026-07-10 03:02]   Business Operations Lead startup — New York
[2026-07-10 03:02]     10 results
[2026-07-10 03:02]   Amazon Account Manager agency client portfolio — Remote
[2026-07-10 03:02]     0 results
[2026-07-10 03:02]   Amazon Account Manager agency client portfolio — New York
[2026-07-10 03:03]     0 results
[2026-07-10 03:03]   Amazon Brand Manager Seller Central agency — Remote
[2026-07-10 03:03]     0 results
[2026-07-10 03:03]   Amazon Brand Manager Seller Central agency — New York
[2026-07-10 03:03]     2 results
[2026-07-10 03:03]   Marketplace Account Manager consumer brands — Remote
[2026-07-10 03:03]     0 results
[2026-07-10 03:03]   Marketplace Account Manager consumer brands — New York
[2026-07-10 03:03]     0 results
[2026-07-10 03:03]   Ecommerce Account Manager client facing Amazon — Remote
[2026-07-10 03:03]     0 results
[2026-07-10 03:03]   Ecommerce Account Manager client facing Amazon — New York
[2026-07-10 03:03]     1 results
[2026-07-10 03:03]   Amazon Account Director agency — Remote
[2026-07-10 03:03]     0 results
[2026-07-10 03:03]   Amazon Account Director agency — New York
[2026-07-10 03:03]     5 results
[2026-07-10 03:03]   Senior Account Manager Amazon marketplace agency — Remote
[2026-07-10 03:03]     0 results
[2026-07-10 03:03]   Senior Account Manager Amazon marketplace agency — New York
[2026-07-10 03:03]     10 results
[2026-07-10 03:03]   Brand Strategy Manager Amazon ecommerce — Remote
[2026-07-10 03:03]     0 results
[2026-07-10 03:03]   Brand Strategy Manager Amazon ecommerce — New York
[2026-07-10 03:03]     10 results
[2026-07-10 03:03]   Client Success Manager Amazon agency — Remote
[2026-07-10 03:03]     0 results
[2026-07-10 03:03]   Client Success Manager Amazon agency — New York
[2026-07-10 03:03]     4 results
[2026-07-10 03:03]   Wrote 83 jobs to data/jobs.json (7 new)
[2026-07-10 03:03] ── DEPLOYING via GitLab ──────────────────
[2026-07-10 03:03]   Pushed to GitLab
[2026-07-10 03:03]   Deployed to Vercel
[2026-07-10 03:03] Done.

Scraper exit code: 0
--- Committing and pushing ---
[main 793a2e4] Nightly auto-sync 2026-07-10
 Committer: OpenClaw <openclaw@Sovereigns-Mac-mini.local>
Your name and email address were configured automatically based
on your username and hostname. Please check that they are accurate.
You can suppress this message by setting them explicitly. Run the
following command and follow the instructions in your editor to edit
your configuration file:

    git config --global --edit

After doing this, you may fix the identity used for this commit with:

    git commit --amend --reset-author

 2 files changed, 149 insertions(+)
failed to store: -61
To https://gitlab.com/client-os/client-os.git
   e84d73d..793a2e4  main -> main
To https://github.com/angieraja23/client-os.git
   21f96e3..793a2e4  main -> main
Vercel CLI 54.10.2 (Node.js 25.8.0)
Retrieving project…
Deploying angieraja23-9144s-projects/client-acquisition-os
Uploading [--------------------] (0.0B/567.1KB)
Uploading [=====---------------] (144.0KB/567.1KB)
Uploading [==========----------] (288.0KB/567.1KB)
Uploading [===============-----] (441.2KB/567.1KB)
Uploading [====================] (567.1KB/567.1KB)
  Inspect     https://vercel.com/angieraja23-9144s-projects/client-acquisition-os/3A27T3qmN6Zs4XD4wv2piqFMFBsT
▲ Production  https://client-acquisition-omco3jqxh-angieraja23-9144s-projects.vercel.app
https://client-acquisition-omco3jqxh-angieraja23-9144s-projects.vercel.appBuilding…
Building…
Running build in Washington, D.C., USA (East) – iad1
Build machine configuration: 2 cores, 8 GB
Retrieving list of deployment files...
Previous build caches not available.
Downloading 147 deployment files...
Running "vercel build"
Vercel CLI 55.0.0
Build Completed in /vercel/output [227ms]
Deploying outputs...
[2K[1A[2K[G▲ Production  https://client-acquisition-omco3jqxh-angieraja23-9144s-projects.vercel.app
Completing…
▲ Aliased     https://clientos.angieraja.com

✓ Ready in 10s
=== Deployed: Fri Jul 10 03:04:10 EDT 2026 ===
--- Running tailor ---
=== Tailor started: Fri Jul 10 03:04:10 EDT 2026 ===
Track: ops
SKIP (already tailored): Chief of Staff at Cascade at Jack & Jill
Track: ops
SKIP (already tailored): Chief of Staff to the GM of Housing at Flex
Track: ops
SKIP (already tailored): Executive Assistant to the Chief of Staff at DEPARTMENT OF CORRECTION
Track: amazon
SKIP (already tailored): Associate Manager, Commerce Platform Logistics - Strategy and Operations at DoorDash
Track: amazon
SKIP (already tailored): Sr. Resourcing Operations Manager at MKG Productions, LLC
Track: ops
SKIP (already tailored): Logistics Operations Project Manager at Fluidstack
Track: ops
SKIP (already tailored): Manager, Enrollment Fulfillment Operations at New York Life
Track: amazon
SKIP (already tailored): Ecommerce Manager at Zachys Wine & Liquor
Track: amazon
SKIP (already tailored): Amazon Brand Manager at Cartograph
Track: amazon
SKIP (already tailored): Director of Ecommerce at SBH Fashion
Track: amazon
SKIP (already tailored): Ecommerce Marketplace Manager at Universal Perfumes & Cosmetics
Track: amazon
SKIP (already tailored): Client Account Manager, Digital Accounts at Amsive
Track: ops
SKIP (already tailored): DTC Performance & Growth Marketing Manager at Blueair North America
Track: amazon
SKIP (already tailored): AWS Sr. Enterprise Account Manager, Automotive & Manufacturing at Amazon Web Services (AWS)
Track: amazon
SKIP (already tailored): Senior Amazon Brand Manager at GNO Partners
Track: amazon
SKIP (already tailored): Campaign & Creative Manager, Campaign & Creative Management, Amazon at Amazon
Track: amazon
SKIP (already tailored): Sr. Marketing Manager, Engagement, WW Amazon Flex, Amazon Flex at Amazon
Track: amazon
SKIP (already tailored): Director, Amazon at Nécessaire, Inc.
Track: amazon
SKIP (already tailored): Amazon & Marketplace Account Growth Manager at The PCA Group
Track: amazon
SKIP (already tailored): Remote Amazon Marketplace Manager at Foxelli Group Remote at Foxelli Group
Track: amazon
SKIP (already tailored): E-commerce Growth Manager at BURDLIFE
Track: amazon
SKIP (already tailored): Marketplace Manager at PetsWorld Inc
Track: amazon
SKIP (already tailored): TikTok Shop Account Manager at KAMP Agency
Track: amazon
SKIP (already tailored): Sales Account Manager, US LCS, Consumer Electronics at Amazon
Track: amazon
SKIP (already tailored): Director of Operations — Digital & Ecommerce at Maxima Apparel
Track: amazon
SKIP (already tailored): Senior Manager, Ecommerce at SBH Fashion
Track: amazon
SKIP (already tailored): Sales Account Manager, LCS Acquisitions at Amazon
Track: ops
SKIP (already tailored): Chief of Staff - AI-native startup is rewiring a trillion-dollar consumer industry at Big Wave Digital
Track: ops
SKIP (already tailored): COO/EOS Integrator at CBIZ Talent Solutions
Track: ops
SKIP (already tailored): Office Operations at Series B AI Startup at Bloom Talent
Track: ops
SKIP (already tailored): Office & Operations Lead — Startup NYC (Equity) at The Talent Post
Track: ops
SKIP (already tailored): Jr. Amazon Account Coordinator at Tiide Commerce
Track: ops
SKIP (already tailored): Amazon Account Coordinator - Affiliate Marketing Agency at Ikon Digital Media
Track: ops
SKIP (already tailored): Manager, Amazon - Origins at DECIEM | THE ABNORMAL BEAUTY COMPANY
Track: amazon
SKIP (already tailored): Website for Amazon Account Management at Upwork
Track: amazon
SKIP (already tailored): Sr Product Marketing Manager, WW New Customer Registration, Amazon Business at Amazon
Track: amazon
SKIP (already tailored): Amazon Marketplace Specialist at Master Wholesale International, Inc.
Track: amazon
SKIP (already tailored): Senior Brand Manager, eCommerce Agency at Jobot
Track: amazon
SKIP (already tailored): Category Manager Intern (TikTok Shop - Operations) - 2026 Summer (MBA) at TikTok
Track: amazon
SKIP (already tailored): Ecommerce Optimization Manager at Clean Simple Eats, LLC.
Track: amazon
SKIP (already tailored): National Account Manager - Amazon at Scholastic
Track: amazon
SKIP (already tailored): Sales Account Manager, US LCS, Consumer Electronics at Amazon Advertising LLC
Track: ops
SKIP (already tailored): Director of Business Operations, SaaS | AI | eCommerce at Get Plus - The Autonomous Commerce OS
Track: amazon
SKIP (already tailored): AWS Account Manager, FSI at Amazon Web Services (AWS)
Track: amazon
SKIP (already tailored): Sr. Account Manager-RRT, Startups at Amazon Web Services (AWS)
Track: ops
SKIP (already tailored): Amazon Specialist at My Amazon Guy
Track: amazon
SKIP (already tailored): Strategic Account Manager, Amazon Publisher Services at Amazon
Track: amazon
SKIP (already tailored): Account Manager I, Amazon Global Logistics at Amazon Global Logistics
Track: amazon
SKIP (already tailored): VP, Ecommerce at Grüns
Track: amazon
SKIP (already tailored): Senior Director of Ecommerce & Growth at CleanBoss Inc.
Track: amazon
SKIP (already tailored): National Account Manager, Beauty (Direct eCommerce) at Dyson Direct Inc
Track: amazon
SKIP (already tailored): Sales Account Manager, Fashion Advertising Account Management, Fashion Advertising Account Management at Amazon
Track: amazon
SKIP (already tailored): Sales Account Manager, US LCS at Amazon
Track: amazon
SKIP (already tailored): Sr. Account Manager-RRT, Startups at Amazon Web Services, Inc.
Track: ops
SKIP (already tailored): Executive Assistant to Founder & Operations at Early-stage, Mission-driven Startup at Bloom Talent
Track: ops
SKIP (already tailored): Sr.  Amazon Ads Account Manager at Freshdesk
Track: amazon
SKIP (already tailored): Account Manager I, Hub Delivery at Amazon
Track: amazon
SKIP (already tailored): Sales Account Manager, Fashion, Sales, Advertising, & Account Management at Amazon
Track: amazon
SKIP (already tailored): National Account Manager, Amazon at ACCO Brands
Track: amazon
SKIP (already tailored): Sr. Product Marketing Manager , Amazon Live Creator Partnerships at Amazon
Track: amazon
SKIP (already tailored): Senior Amazon Brand Growth Lead Remote at Ballard House
Track: amazon
SKIP (already tailored): Ecommerce Assistant Manager (Amazon Focus) at Kiss Beauty Group
Track: amazon
SKIP (already tailored): Ecommerce Specialist (Amazon Focus) at Kiss Beauty Group
Track: amazon
SKIP (already tailored): Digital Commerce Specialist- Amazon at Kiss Beauty Group
Track: amazon
SKIP (already tailored): eCommerce Manager Delivery Claims & Incidents at Hermès
Track: amazon
SKIP (already tailored): Ecommerce Assistant Manager at Kiss Beauty Group
Track: amazon
SKIP (already tailored): eCommerce Lead FT @ Guggenheim at Event Network, LLC
Track: amazon
SKIP (already tailored): Director, eCommerce - Stuart Weitzman at Caleres, Inc.
Track: amazon
SKIP (already tailored): Operations Manager, Social Commerce at AMOREPACIFIC
Track: amazon
SKIP (already tailored): Sales Account Manager, Live Sports at Amazon
Track: amazon
SKIP (already tailored): Sales Account Manager, Fashion Advertising Account Management, Fashion Advertising Account Management at Amazon Advertising LLC
Track: amazon
SKIP (already tailored): Principal Account Manager, ISV at Amazon Web Services (AWS)
Track: amazon
SKIP (already tailored): Sales Account Manager (Fashion, Sales, Advertising, & Account Management) at Amazon
Track: ops
SKIP (already tailored): Chief Operations Officer In Residence – Startup Fintech at Scalata.ai
Track: ops
SKIP (already tailored): Fractional CEO for Small Businesses at How to Manage a Small Law Firm II, Incorporated
Track: ops
SKIP (already tailored): Manager, Digital Merchandising, Amazon at Kiss Beauty Group
Track: amazon
Using resume: master_amazon.json

Tailoring resume for: Amazon Account Strategist -  Amazon Seller & Vendor Central required! at VENDO – A PLTFRM Company
Extracting keywords via Claude Haiku...
Top ATS keywords: ['Amazon Seller Central', 'Amazon Vendor Central', 'Account Strategy', 'Amazon Marketplace', 'Vendor Management', 'Sales Optimization']

Match score BEFORE tailoring: 100/100
  Already in resume: ['Amazon Seller Central', 'Amazon Vendor Central', 'Account Strategy', 'Amazon Marketplace', 'Vendor Management', 'Sales Optimization']
  Missing: []

Match score AFTER tailoring: 100/100

Tailored resume saved: /Users/openclaw/job-search-agent/resumes/tailored/vendo-a-pltfrm-company_amazon-account-strategist-amazon-seller-.docx
Track: amazon
Using resume: master_amazon.json

Tailoring resume for: E-Commerce Operations Manager at TOM FORD FASHION
Extracting keywords via Claude Haiku...
Top ATS keywords: ['E-Commerce Operations', 'Inventory Management', 'Order Fulfillment', 'P&L Management', 'Cross-Functional Leadership', 'KPI Tracking']

Match score BEFORE tailoring: 100/100
  Already in resume: ['E-Commerce Operations', 'Inventory Management', 'Order Fulfillment', 'P&L Management', 'Cross-Functional Leadership', 'KPI Tracking']
  Missing: []

Match score AFTER tailoring: 100/100

Tailored resume saved: /Users/openclaw/job-search-agent/resumes/tailored/tom-ford-fashion_e-commerce-operations-manager.docx
Track: amazon
Using resume: master_amazon.json

Tailoring resume for: Ecommerce Manager (Beauty) at Solomon Page
Extracting keywords via Claude Haiku...
Top ATS keywords: ['Ecommerce Strategy', 'Beauty Industry', 'P&L Management', 'Product Listing Optimization', 'Conversion Rate Optimization', 'Vendor Management']

Match score BEFORE tailoring: 83/100
  Already in resume: ['Ecommerce Strategy', 'P&L Management', 'Product Listing Optimization', 'Conversion Rate Optimization', 'Vendor Management']
  Missing: ['Beauty Industry']

Match score AFTER tailoring: 100/100

Tailored resume saved: /Users/openclaw/job-search-agent/resumes/tailored/solomon-page_ecommerce-manager-beauty.docx
Track: amazon
Using resume: master_amazon.json

Tailoring resume for: Manager, Book Sales & eCommerce at AWA Studios
Extracting keywords via Claude Haiku...
Top ATS keywords: ['eCommerce Management', 'Book Sales', 'P&L Management', 'Channel Strategy', 'Vendor Management', 'Cross-Functional Leadership']

Match score BEFORE tailoring: 83/100
  Already in resume: ['eCommerce Management', 'P&L Management', 'Channel Strategy', 'Vendor Management', 'Cross-Functional Leadership']
  Missing: ['Book Sales']

Match score AFTER tailoring: 100/100

Tailored resume saved: /Users/openclaw/job-search-agent/resumes/tailored/awa-studios_manager-book-sales-ecommerce.docx
Track: amazon
Using resume: master_amazon.json

Tailoring resume for: Ecommerce Assistant Manager at Ivy Enterprises, Inc.
Extracting keywords via Claude Haiku...
Top ATS keywords: ['Ecommerce Operations', 'Inventory Management', 'Sales Analytics', 'Platform Management', 'Customer Service', 'Team Leadership']

Match score BEFORE tailoring: 83/100
  Already in resume: ['Ecommerce Operations', 'Inventory Management', 'Platform Management', 'Customer Service', 'Team Leadership']
  Missing: ['Sales Analytics']

Match score AFTER tailoring: 100/100

Tailored resume saved: /Users/openclaw/job-search-agent/resumes/tailored/ivy-enterprises-inc_ecommerce-assistant-manager.docx
Track: amazon
Using resume: master_amazon.json

Tailoring resume for: Account Manager, US Govtech Mid-Market at Amazon Web Services (AWS)
Extracting keywords via Claude Haiku...
Top ATS keywords: ['Government Sales', 'Account Management', 'Mid-Market', 'Cloud Solutions', 'AWS Services', 'Strategic Partnerships']

Match score BEFORE tailoring: 50/100
  Already in resume: ['Account Management', 'Cloud Solutions', 'Strategic Partnerships']
  Missing: ['Government Sales', 'Mid-Market', 'AWS Services']

Match score AFTER tailoring: 100/100

Tailored resume saved: /Users/openclaw/job-search-agent/resumes/tailored/amazon-web-services-aws_account-manager-us-govtech-mid-market.docx
Track: ops
Using resume: master_ops.json

Tailoring resume for: eCommerce Operations Manager at Adecco
Extracting keywords via Claude Haiku...
Top ATS keywords: ['eCommerce Operations', 'Inventory Management', 'P&L Management', 'Order Fulfillment', 'Cross-Functional Leadership', 'KPI Tracking']

Match score BEFORE tailoring: 100/100
  Already in resume: ['eCommerce Operations', 'Inventory Management', 'P&L Management', 'Order Fulfillment', 'Cross-Functional Leadership', 'KPI Tracking']
  Missing: []

Match score AFTER tailoring: 100/100

Tailored resume saved: /Users/openclaw/job-search-agent/resumes/tailored/adecco_ecommerce-operations-manager.docx
=== Tailor complete: 83 tailored, 0 failed at Fri Jul 10 03:14:27 EDT 2026 ===
[main dc53c16] Sync tailored resumes 2026-07-10
 Committer: OpenClaw <openclaw@Sovereigns-Mac-mini.local>
Your name and email address were configured automatically based
on your username and hostname. Please check that they are accurate.
You can suppress this message by setting them explicitly. Run the
following command and follow the instructions in your editor to edit
your configuration file:

    git config --global --edit

After doing this, you may fix the identity used for this commit with:

    git commit --amend --reset-author

 7 files changed, 0 insertions(+), 0 deletions(-)
 create mode 100644 resumes/tailored/adecco_ecommerce-operations-manager.docx
 create mode 100644 resumes/tailored/amazon-web-services-aws_account-manager-us-govtech-mid-market.docx
 create mode 100644 resumes/tailored/awa-studios_manager-book-sales-ecommerce.docx
 create mode 100644 resumes/tailored/ivy-enterprises-inc_ecommerce-assistant-manager.docx
 create mode 100644 resumes/tailored/solomon-page_ecommerce-manager-beauty.docx
 create mode 100644 resumes/tailored/tom-ford-fashion_e-commerce-operations-manager.docx
 create mode 100644 resumes/tailored/vendo-a-pltfrm-company_amazon-account-strategist-amazon-seller-.docx
failed to store: -61
To https://gitlab.com/client-os/client-os.git
   793a2e4..dc53c16  main -> main
To https://github.com/angieraja23/client-os.git
   793a2e4..dc53c16  main -> main
Vercel CLI 54.10.2 (Node.js 25.8.0)
Retrieving project…
Deploying angieraja23-9144s-projects/client-acquisition-os
Uploading [--------------------] (0.0B/663.8KB)
Uploading [=====---------------] (168.6KB/663.8KB)
Uploading [==========----------] (347.2KB/663.8KB)
Uploading [===============-----] (507.2KB/663.8KB)
Uploading [====================] (663.8KB/663.8KB)
  Inspect     https://vercel.com/angieraja23-9144s-projects/client-acquisition-os/E7ziYJ14mHaUifWuze6Kvs7ED8ix
▲ Production  https://client-acquisition-hi0oaufby-angieraja23-9144s-projects.vercel.app
https://client-acquisition-hi0oaufby-angieraja23-9144s-projects.vercel.appBuilding…
Building…
Running build in Washington, D.C., USA (East) – iad1
Build machine configuration: 2 cores, 8 GB
Retrieving list of deployment files...
Previous build caches not available.
Downloading 154 deployment files...
Running "vercel build"
Vercel CLI 55.0.0
Build Completed in /vercel/output [350ms]
Deploying outputs...
[2K[1A[2K[G▲ Production  https://client-acquisition-hi0oaufby-angieraja23-9144s-projects.vercel.app
Completing…
▲ Aliased     https://clientos.angieraja.com

✓ Ready in 11s
=== Resumes synced and deployed ===
=== Digest sent ===
=== Run finished: Fri Jul 10 03:14:45 EDT 2026 ===
=== Run started: Mon Jul 13 03:00:00 EDT 2026 ===
PATH=/opt/homebrew/bin:/opt/homebrew/sbin:/usr/local/bin:/usr/bin:/bin:/usr/sbin:/sbin
GITLAB_TOKEN=SET
GITHUB_TOKEN=SET
ANTHROPIC_API_KEY=SET
--- Running scraper ---
[2026-07-13 03:00] ==================================================
[2026-07-13 03:00] Client Acquisition OS — Weekly Refresh
[2026-07-13 03:00] ── JOBS ─────────────────────────────────
[2026-07-13 03:00]   Amazon Account Manager — Remote
[2026-07-13 03:00]     0 results
[2026-07-13 03:00]   Amazon Account Manager — New York
[2026-07-13 03:00]     10 results
[2026-07-13 03:00]     + Account Manager I, Business Development, Amazon Global Logistics @ Amazon (New York, NY) [LinkedIn · Easy Apply]
[2026-07-13 03:00]   Amazon Brand Manager — Remote
[2026-07-13 03:00]     0 results
[2026-07-13 03:00]   Amazon Brand Manager — New York
[2026-07-13 03:00]     10 results
[2026-07-13 03:00]     + Remote Amazon Brand Manager | Growth & Strategy Lead @ Tiide Commerce (California, MO)
[2026-07-13 03:00]   Senior Amazon Brand Manager — Remote
[2026-07-13 03:00]     0 results
[2026-07-13 03:00]   Senior Amazon Brand Manager — New York
[2026-07-13 03:00]     10 results
[2026-07-13 03:00]     + Senior Applied Science Manager, Amazon Sponsored Products & Brands @ Amazon (New York, NY) [LinkedIn · Easy Apply]
[2026-07-13 03:00]   Amazon Marketplace Manager — Remote
[2026-07-13 03:00]     0 results
[2026-07-13 03:00]   Amazon Marketplace Manager — New York
[2026-07-13 03:00]     10 results
[2026-07-13 03:00]     + Amazon Marketplace Manager | Amazon US & AU | PPC, SEO, Seller Central & Growth Any Posted on 2026-07-09 12:19:24 @ Amazon Marketplace Manager — Amazon US, Amazon AU & Walmart US (Anywhere)
[2026-07-13 03:00]   Ecommerce Brand Manager — Remote
[2026-07-13 03:00]     0 results
[2026-07-13 03:00]   Ecommerce Brand Manager — New York
[2026-07-13 03:00]     10 results
[2026-07-13 03:00]     + Ecommerce Merchandising Manager @ Dana-co LLC (New York, NY) [LinkedIn · Easy Apply]
[2026-07-13 03:00]     + Ecommerce Assistant Manager @ Kiss Products (Port Washington, NY) [LinkedIn · Easy Apply]
[2026-07-13 03:00]   Ecommerce Account Manager — Remote
[2026-07-13 03:00]     0 results
[2026-07-13 03:00]   Ecommerce Account Manager — New York
[2026-07-13 03:01]     10 results
[2026-07-13 03:01]     + Senior Ecommerce Account Manager, Beauty @ The PCA Companies (Islip, NY)
[2026-07-13 03:01]     + eCommerce Account Manager - Hybrid/Remote @ Vtldesign (Portsmouth, NH)
[2026-07-13 03:01]     + Strategic Ecommerce Account Manager | Growth & Partnerships @ scandiweb (Poland, NY)
[2026-07-13 03:01]   Marketplace Manager Walmart Amazon — Remote
[2026-07-13 03:01]     0 results
[2026-07-13 03:01]   Marketplace Manager Walmart Amazon — New York
[2026-07-13 03:01]     10 results
[2026-07-13 03:01]   Ecommerce Operations Manager — Remote
[2026-07-13 03:01]     0 results
[2026-07-13 03:01]   Ecommerce Operations Manager — New York
[2026-07-13 03:01]     10 results
[2026-07-13 03:01]     + Senior Manager of Ecommerce Operations @ Hadley Designs (Anywhere)
[2026-07-13 03:01]   DTC Brand Manager — Remote
[2026-07-13 03:01]     0 results
[2026-07-13 03:01]   DTC Brand Manager — New York
[2026-07-13 03:01]     10 results
[2026-07-13 03:01]   Amazon Agency Account Manager — Remote
[2026-07-13 03:01]     0 results
[2026-07-13 03:01]   Amazon Agency Account Manager — New York
[2026-07-13 03:01]     10 results
[2026-07-13 03:01]     + Sr. Account Manager, ISV, ISV @ Amazon Web Services (AWS) (New York, NY) [LinkedIn · Easy Apply]
[2026-07-13 03:01]     + AWS Sr. Enterprise Account Manager, FSI-Capital Markets, FSI-Capital Markets @ Amazon Web Services (AWS) (New York, NY) [LinkedIn · Easy Apply]
[2026-07-13 03:01]   Chief of Staff ecommerce — Remote
[2026-07-13 03:01]     0 results
[2026-07-13 03:01]   Chief of Staff ecommerce — New York
[2026-07-13 03:01]     0 results
[2026-07-13 03:01]   Chief of Staff startup — Remote
[2026-07-13 03:01]     0 results
[2026-07-13 03:01]   Chief of Staff startup — New York
[2026-07-13 03:01]     2 results
[2026-07-13 03:01]   Chief of Staff DTC — Remote
[2026-07-13 03:02]     0 results
[2026-07-13 03:02]   Chief of Staff DTC — New York
[2026-07-13 03:02]     2 results
[2026-07-13 03:02]   Head of Operations DTC — Remote
[2026-07-13 03:02]     0 results
[2026-07-13 03:02]   Head of Operations DTC — New York
[2026-07-13 03:02]     10 results
[2026-07-13 03:02]   Head of Operations ecommerce — Remote
[2026-07-13 03:02]     0 results
[2026-07-13 03:02]   Head of Operations ecommerce — New York
[2026-07-13 03:02]     10 results
[2026-07-13 03:02]   Director of Operations ecommerce — Remote
[2026-07-13 03:02]     0 results
[2026-07-13 03:02]   Director of Operations ecommerce — New York
[2026-07-13 03:02]     10 results
[2026-07-13 03:02]   EOS Integrator — Remote
[2026-07-13 03:02]     0 results
[2026-07-13 03:02]   EOS Integrator — New York
[2026-07-13 03:02]     0 results
[2026-07-13 03:02]   Fractional COO — Remote
[2026-07-13 03:02]     0 results
[2026-07-13 03:02]   Fractional COO — New York
[2026-07-13 03:02]     10 results
[2026-07-13 03:02]     + Remote Fractional COO: Scale Operations for Owners @ How To MANAGE a Small Law Firm (Miami, FL)
[2026-07-13 03:02]   VP Operations DTC — Remote
[2026-07-13 03:02]     0 results
[2026-07-13 03:02]   VP Operations DTC — New York
[2026-07-13 03:02]     0 results
[2026-07-13 03:02]   Business Operations Lead startup — Remote
[2026-07-13 03:02]     0 results
[2026-07-13 03:02]   Business Operations Lead startup — New York
[2026-07-13 03:03]     7 results
[2026-07-13 03:03]   Amazon Account Manager agency client portfolio — Remote
[2026-07-13 03:03]     0 results
[2026-07-13 03:03]   Amazon Account Manager agency client portfolio — New York
[2026-07-13 03:03]     0 results
[2026-07-13 03:03]   Amazon Brand Manager Seller Central agency — Remote
[2026-07-13 03:03]     0 results
[2026-07-13 03:03]   Amazon Brand Manager Seller Central agency — New York
[2026-07-13 03:03]     7 results
[2026-07-13 03:03]   Marketplace Account Manager consumer brands — Remote
[2026-07-13 03:03]     0 results
[2026-07-13 03:03]   Marketplace Account Manager consumer brands — New York
[2026-07-13 03:03]     0 results
[2026-07-13 03:03]   Ecommerce Account Manager client facing Amazon — Remote
[2026-07-13 03:03]     0 results
[2026-07-13 03:03]   Ecommerce Account Manager client facing Amazon — New York
[2026-07-13 03:03]     2 results
[2026-07-13 03:03]   Amazon Account Director agency — Remote
[2026-07-13 03:03]     0 results
[2026-07-13 03:03]   Amazon Account Director agency — New York
[2026-07-13 03:03]     10 results
[2026-07-13 03:03]   Senior Account Manager Amazon marketplace agency — Remote
[2026-07-13 03:03]     0 results
[2026-07-13 03:03]   Senior Account Manager Amazon marketplace agency — New York
[2026-07-13 03:04]     2 results
[2026-07-13 03:04]   Brand Strategy Manager Amazon ecommerce — Remote
[2026-07-13 03:04]     0 results
[2026-07-13 03:04]   Brand Strategy Manager Amazon ecommerce — New York
[2026-07-13 03:04]     10 results
[2026-07-13 03:04]     + Contracts Manager, Buy with Prime & Amazon Multi-Channel Fulfillment @ Amazon (New York, NY) [LinkedIn · Easy Apply]
[2026-07-13 03:04]   Client Success Manager Amazon agency — Remote
[2026-07-13 03:04]     0 results
[2026-07-13 03:04]   Client Success Manager Amazon agency — New York
[2026-07-13 03:04]     3 results
[2026-07-13 03:04]   Wrote 97 jobs to data/jobs.json (14 new)
[2026-07-13 03:04] ── CONTACTS ─────────────────────────────
[2026-07-13 03:04]   site:linkedin.com/in "amazon agency" "founder" operatio...
[2026-07-13 03:04]   site:linkedin.com/in "amazon agency" "co-founder"...
[2026-07-13 03:04]     + Michael Leahy — Founder, Amplifyr Marketing @ 
[2026-07-13 03:04]     + Juan Francisco Agolio — Co-Founder @ The 80-20 Amazon ... @ 
[2026-07-13 03:04]   site:linkedin.com/in "amazon agency" founder CEO...
[2026-07-13 03:04]   site:linkedin.com/in "ecommerce agency" founder operati...
[2026-07-13 03:04]   site:linkedin.com/in "FBA agency" founder...
[main c14c8c9] Weekly refresh 2026-07-13
 Committer: OpenClaw <openclaw@Sovereigns-Mac-mini.local>
Your name and email address were configured automatically based
on your username and hostname. Please check that they are accurate.
You can suppress this message by setting them explicitly. Run the
following command and follow the instructions in your editor to edit
your configuration file:

    git config --global --edit

After doing this, you may fix the identity used for this commit with:

    git commit --amend --reset-author

 6 files changed, 982 insertions(+), 2 deletions(-)
[2026-07-13 03:04]   site:linkedin.com/in "amazon seller" founder COO...
[2026-07-13 03:04]     + Jimi Patel — Co-founder & COO @ eStore Factory
[2026-07-13 03:04]     + Sean Anderson — Co-founder @ Fox Ecommerce @ 
[2026-07-13 03:04]     + Ash Rex — CEO @ Seller Initiative @ Pro Amazon Seller
[2026-07-13 03:04]   site:linkedin.com/in "amazon brand" founder operations...
[2026-07-13 03:04]     + Cory Martin — CEO @ Fractional Amazon 1P & 3P Leadership
[2026-07-13 03:04]     + Drew Hart — Founder & CEO, Vinculum @ Built & Exited 2 ...
[2026-07-13 03:04]   site:linkedin.com/in "amazon marketing agency" founder...
[2026-07-13 03:05]     + Muhammad Faisal — Founder @ Aduplifters @ 
[2026-07-13 03:05]     + Dylan Heathcote — Amazon seller turned founder. Built the ... @ 
[2026-07-13 03:05]   site:linkedin.com/in "ecommerce operations" founder CEO...
[2026-07-13 03:05]   site:linkedin.com/in "amazon consulting" founder OR co-...
[2026-07-13 03:05]   Added 9 contacts (total 108)
[2026-07-13 03:05] ── DEPLOYING via GitLab ──────────────────
[2026-07-13 03:05]   Pushed to GitLab
[2026-07-13 03:05]   Deployed to Vercel
[2026-07-13 03:05] Done.

Scraper exit code: 0
--- Committing and pushing ---
[main fda9706] Nightly auto-sync 2026-07-13
 Committer: OpenClaw <openclaw@Sovereigns-Mac-mini.local>
Your name and email address were configured automatically based
on your username and hostname. Please check that they are accurate.
You can suppress this message by setting them explicitly. Run the
following command and follow the instructions in your editor to edit
your configuration file:

    git config --global --edit

After doing this, you may fix the identity used for this commit with:

    git commit --amend --reset-author

 2 files changed, 39 insertions(+)
failed to store: -61
To https://gitlab.com/client-os/client-os.git
   c14c8c9..fda9706  main -> main
To https://github.com/angieraja23/client-os.git
   dc53c16..fda9706  main -> main
Vercel CLI 54.10.2 (Node.js 25.8.0)
Retrieving project…
Deploying angieraja23-9144s-projects/client-acquisition-os
Uploading [--------------------] (0.0B/603KB)
Uploading [=====---------------] (160.0KB/603KB)
Uploading [==========----------] (304.0KB/603KB)
Uploading [===============-----] (466.4KB/603KB)
Uploading [====================] (603.0KB/603KB)
  Inspect     https://vercel.com/angieraja23-9144s-projects/client-acquisition-os/A3EJCFLwWqWbx4dFF9iykwQYof2H
▲ Production  https://client-acquisition-4p36e55ay-angieraja23-9144s-projects.vercel.app
https://client-acquisition-4p36e55ay-angieraja23-9144s-projects.vercel.appBuilding…
Building…
Running build in Washington, D.C., USA (East) – iad1
Build machine configuration: 2 cores, 8 GB
Retrieving list of deployment files...
Previous build caches not available.
[2K[1A[2K[G▲ Production  https://client-acquisition-4p36e55ay-angieraja23-9144s-projects.vercel.app
Completing…
▲ Aliased     https://clientos.angieraja.com

✓ Ready in 7s
=== Deployed: Mon Jul 13 03:05:37 EDT 2026 ===
--- Running tailor ---
=== Tailor started: Mon Jul 13 03:05:37 EDT 2026 ===
Track: ops
SKIP (already tailored): Chief of Staff at Cascade at Jack & Jill
Track: ops
SKIP (already tailored): Chief of Staff to the GM of Housing at Flex
Track: ops
SKIP (already tailored): Executive Assistant to the Chief of Staff at DEPARTMENT OF CORRECTION
Track: amazon
SKIP (already tailored): Associate Manager, Commerce Platform Logistics - Strategy and Operations at DoorDash
Track: amazon
SKIP (already tailored): Sr. Resourcing Operations Manager at MKG Productions, LLC
Track: ops
SKIP (already tailored): Logistics Operations Project Manager at Fluidstack
Track: ops
SKIP (already tailored): Manager, Enrollment Fulfillment Operations at New York Life
Track: amazon
SKIP (already tailored): Ecommerce Manager at Zachys Wine & Liquor
Track: amazon
SKIP (already tailored): Amazon Brand Manager at Cartograph
Track: amazon
SKIP (already tailored): Director of Ecommerce at SBH Fashion
Track: amazon
SKIP (already tailored): Ecommerce Marketplace Manager at Universal Perfumes & Cosmetics
Track: amazon
SKIP (already tailored): Client Account Manager, Digital Accounts at Amsive
Track: ops
SKIP (already tailored): DTC Performance & Growth Marketing Manager at Blueair North America
Track: amazon
SKIP (already tailored): AWS Sr. Enterprise Account Manager, Automotive & Manufacturing at Amazon Web Services (AWS)
Track: amazon
SKIP (already tailored): Senior Amazon Brand Manager at GNO Partners
Track: amazon
SKIP (already tailored): Campaign & Creative Manager, Campaign & Creative Management, Amazon at Amazon
Track: amazon
SKIP (already tailored): Sr. Marketing Manager, Engagement, WW Amazon Flex, Amazon Flex at Amazon
Track: amazon
SKIP (already tailored): Director, Amazon at Nécessaire, Inc.
Track: amazon
SKIP (already tailored): Amazon & Marketplace Account Growth Manager at The PCA Group
Track: amazon
SKIP (already tailored): Remote Amazon Marketplace Manager at Foxelli Group Remote at Foxelli Group
Track: amazon
SKIP (already tailored): E-commerce Growth Manager at BURDLIFE
Track: amazon
SKIP (already tailored): Marketplace Manager at PetsWorld Inc
Track: amazon
SKIP (already tailored): TikTok Shop Account Manager at KAMP Agency
Track: amazon
SKIP (already tailored): Sales Account Manager, US LCS, Consumer Electronics at Amazon
Track: amazon
SKIP (already tailored): Director of Operations — Digital & Ecommerce at Maxima Apparel
Track: amazon
SKIP (already tailored): Senior Manager, Ecommerce at SBH Fashion
Track: amazon
SKIP (already tailored): Sales Account Manager, LCS Acquisitions at Amazon
Track: ops
SKIP (already tailored): Chief of Staff - AI-native startup is rewiring a trillion-dollar consumer industry at Big Wave Digital
Track: ops
SKIP (already tailored): COO/EOS Integrator at CBIZ Talent Solutions
Track: ops
SKIP (already tailored): Office Operations at Series B AI Startup at Bloom Talent
Track: ops
SKIP (already tailored): Office & Operations Lead — Startup NYC (Equity) at The Talent Post
Track: ops
SKIP (already tailored): Jr. Amazon Account Coordinator at Tiide Commerce
Track: ops
SKIP (already tailored): Amazon Account Coordinator - Affiliate Marketing Agency at Ikon Digital Media
Track: ops
SKIP (already tailored): Manager, Amazon - Origins at DECIEM | THE ABNORMAL BEAUTY COMPANY
Track: amazon
SKIP (already tailored): Website for Amazon Account Management at Upwork
Track: amazon
SKIP (already tailored): Sr Product Marketing Manager, WW New Customer Registration, Amazon Business at Amazon
Track: amazon
SKIP (already tailored): Amazon Marketplace Specialist at Master Wholesale International, Inc.
Track: amazon
SKIP (already tailored): Senior Brand Manager, eCommerce Agency at Jobot
Track: amazon
SKIP (already tailored): Category Manager Intern (TikTok Shop - Operations) - 2026 Summer (MBA) at TikTok
Track: amazon
SKIP (already tailored): Ecommerce Optimization Manager at Clean Simple Eats, LLC.
Track: amazon
SKIP (already tailored): National Account Manager - Amazon at Scholastic
Track: amazon
SKIP (already tailored): Sales Account Manager, US LCS, Consumer Electronics at Amazon Advertising LLC
Track: ops
SKIP (already tailored): Director of Business Operations, SaaS | AI | eCommerce at Get Plus - The Autonomous Commerce OS
Track: amazon
SKIP (already tailored): AWS Account Manager, FSI at Amazon Web Services (AWS)
Track: amazon
SKIP (already tailored): Sr. Account Manager-RRT, Startups at Amazon Web Services (AWS)
Track: ops
SKIP (already tailored): Amazon Specialist at My Amazon Guy
Track: amazon
SKIP (already tailored): Strategic Account Manager, Amazon Publisher Services at Amazon
Track: amazon
SKIP (already tailored): Account Manager I, Amazon Global Logistics at Amazon Global Logistics
Track: amazon
SKIP (already tailored): VP, Ecommerce at Grüns
Track: amazon
SKIP (already tailored): Senior Director of Ecommerce & Growth at CleanBoss Inc.
Track: amazon
SKIP (already tailored): National Account Manager, Beauty (Direct eCommerce) at Dyson Direct Inc
Track: amazon
SKIP (already tailored): Sales Account Manager, Fashion Advertising Account Management, Fashion Advertising Account Management at Amazon
Track: amazon
SKIP (already tailored): Sales Account Manager, US LCS at Amazon
Track: amazon
SKIP (already tailored): Sr. Account Manager-RRT, Startups at Amazon Web Services, Inc.
Track: ops
SKIP (already tailored): Executive Assistant to Founder & Operations at Early-stage, Mission-driven Startup at Bloom Talent
Track: ops
SKIP (already tailored): Sr.  Amazon Ads Account Manager at Freshdesk
Track: amazon
SKIP (already tailored): Account Manager I, Hub Delivery at Amazon
Track: amazon
SKIP (already tailored): Sales Account Manager, Fashion, Sales, Advertising, & Account Management at Amazon
Track: amazon
SKIP (already tailored): National Account Manager, Amazon at ACCO Brands
Track: amazon
SKIP (already tailored): Sr. Product Marketing Manager , Amazon Live Creator Partnerships at Amazon
Track: amazon
SKIP (already tailored): Senior Amazon Brand Growth Lead Remote at Ballard House
Track: amazon
SKIP (already tailored): Ecommerce Assistant Manager (Amazon Focus) at Kiss Beauty Group
Track: amazon
SKIP (already tailored): Ecommerce Specialist (Amazon Focus) at Kiss Beauty Group
Track: amazon
SKIP (already tailored): Digital Commerce Specialist- Amazon at Kiss Beauty Group
Track: amazon
SKIP (already tailored): eCommerce Manager Delivery Claims & Incidents at Hermès
Track: amazon
SKIP (already tailored): Ecommerce Assistant Manager at Kiss Beauty Group
Track: amazon
SKIP (already tailored): eCommerce Lead FT @ Guggenheim at Event Network, LLC
Track: amazon
SKIP (already tailored): Director, eCommerce - Stuart Weitzman at Caleres, Inc.
Track: amazon
SKIP (already tailored): Operations Manager, Social Commerce at AMOREPACIFIC
Track: amazon
SKIP (already tailored): Sales Account Manager, Live Sports at Amazon
Track: amazon
SKIP (already tailored): Sales Account Manager, Fashion Advertising Account Management, Fashion Advertising Account Management at Amazon Advertising LLC
Track: amazon
SKIP (already tailored): Principal Account Manager, ISV at Amazon Web Services (AWS)
Track: amazon
SKIP (already tailored): Sales Account Manager (Fashion, Sales, Advertising, & Account Management) at Amazon
Track: ops
SKIP (already tailored): Chief Operations Officer In Residence – Startup Fintech at Scalata.ai
Track: ops
SKIP (already tailored): Fractional CEO for Small Businesses at How to Manage a Small Law Firm II, Incorporated
Track: ops
SKIP (already tailored): Manager, Digital Merchandising, Amazon at Kiss Beauty Group
Track: amazon
SKIP (already tailored): Amazon Account Strategist -  Amazon Seller & Vendor Central required! at VENDO – A PLTFRM Company
Track: amazon
SKIP (already tailored): E-Commerce Operations Manager at TOM FORD FASHION
Track: amazon
SKIP (already tailored): Ecommerce Manager (Beauty) at Solomon Page
Track: amazon
SKIP (already tailored): Manager, Book Sales & eCommerce at AWA Studios
Track: amazon
SKIP (already tailored): Ecommerce Assistant Manager at Ivy Enterprises, Inc.
Track: amazon
SKIP (already tailored): Account Manager, US Govtech Mid-Market at Amazon Web Services (AWS)
Track: ops
SKIP (already tailored): eCommerce Operations Manager at Adecco
Track: amazon
Using resume: master_amazon.json

Tailoring resume for: Account Manager I, Business Development, Amazon Global Logistics at Amazon
Extracting keywords via Claude Haiku...
Top ATS keywords: ['Account Management', 'Business Development', 'Sales Strategy', 'Client Relationship Management', 'Logistics Operations', 'Revenue Growth']

Match score BEFORE tailoring: 100/100
  Already in resume: ['Account Management', 'Business Development', 'Sales Strategy', 'Client Relationship Management', 'Logistics Operations', 'Revenue Growth']
  Missing: []

Match score AFTER tailoring: 100/100

Tailored resume saved: /Users/openclaw/job-search-agent/resumes/tailored/amazon_account-manager-i-business-development-a.docx
Track: amazon
Using resume: master_amazon.json

Tailoring resume for: Remote Amazon Brand Manager | Growth & Strategy Lead at Tiide Commerce
Extracting keywords via Claude Haiku...
Top ATS keywords: ['Amazon Seller Central', 'Brand Strategy', 'P&L Management', 'Sales Growth', 'Marketing Analytics', 'Cross-Functional Leadership']

Match score BEFORE tailoring: 100/100
  Already in resume: ['Amazon Seller Central', 'Brand Strategy', 'P&L Management', 'Sales Growth', 'Marketing Analytics', 'Cross-Functional Leadership']
  Missing: []

Match score AFTER tailoring: 100/100

Tailored resume saved: /Users/openclaw/job-search-agent/resumes/tailored/tiide-commerce_remote-amazon-brand-manager-growth-strat.docx
Track: amazon
Using resume: master_amazon.json

Tailoring resume for: Senior Applied Science Manager, Amazon Sponsored Products & Brands at Amazon
Extracting keywords via Claude Haiku...
Top ATS keywords: ['Applied Science Leadership', 'Sponsored Products', 'Machine Learning', 'Data-Driven Decision Making', 'Cross-Functional Management', 'Performance Optimization']

Match score BEFORE tailoring: 50/100
  Already in resume: ['Applied Science Leadership', 'Cross-Functional Management', 'Performance Optimization']
  Missing: ['Sponsored Products', 'Machine Learning', 'Data-Driven Decision Making']

Match score AFTER tailoring: 100/100

Tailored resume saved: /Users/openclaw/job-search-agent/resumes/tailored/amazon_senior-applied-science-manager-amazon-sp.docx
Track: amazon
Using resume: master_amazon.json

Tailoring resume for: Amazon Marketplace Manager | Amazon US & AU | PPC, SEO, Seller Central & Growth Any Posted on 2026-07-09 12:19:24 at Amazon Marketplace Manager — Amazon US, Amazon AU & Walmart US
Extracting keywords via Claude Haiku...
Top ATS keywords: ['Amazon Seller Central', 'PPC Advertising', 'Amazon SEO', 'Marketplace Management', 'Sales Growth Strategy', 'Vendor Performance Optimization']

Match score BEFORE tailoring: 100/100
  Already in resume: ['Amazon Seller Central', 'PPC Advertising', 'Amazon SEO', 'Marketplace Management', 'Sales Growth Strategy', 'Vendor Performance Optimization']
  Missing: []

Match score AFTER tailoring: 100/100

Tailored resume saved: /Users/openclaw/job-search-agent/resumes/tailored/amazon-marketplace-manager-amazon-us-ama_amazon-marketplace-manager-amazon-us-au-.docx
Track: amazon
Using resume: master_amazon.json

Tailoring resume for: Ecommerce Merchandising Manager at Dana-co LLC
Extracting keywords via Claude Haiku...
Top ATS keywords: ['Ecommerce Merchandising', 'Product Catalog Management', 'Conversion Rate Optimization', 'Inventory Management', 'A/B Testing', 'Sales Analytics']

Match score BEFORE tailoring: 50/100
  Already in resume: ['Product Catalog Management', 'Conversion Rate Optimization', 'Inventory Management']
  Missing: ['Ecommerce Merchandising', 'A/B Testing', 'Sales Analytics']

Match score AFTER tailoring: 100/100

Tailored resume saved: /Users/openclaw/job-search-agent/resumes/tailored/dana-co-llc_ecommerce-merchandising-manager.docx
Track: amazon
Using resume: master_amazon.json

Tailoring resume for: Ecommerce Assistant Manager at Kiss Products
Extracting keywords via Claude Haiku...
Top ATS keywords: ['Ecommerce Operations', 'Inventory Management', 'P&L Management', 'Customer Service', 'Sales Analytics', 'Digital Marketing']

Match score BEFORE tailoring: 83/100
  Already in resume: ['Ecommerce Operations', 'Inventory Management', 'P&L Management', 'Customer Service', 'Digital Marketing']
  Missing: ['Sales Analytics']

Match score AFTER tailoring: 100/100

Tailored resume saved: /Users/openclaw/job-search-agent/resumes/tailored/kiss-products_ecommerce-assistant-manager.docx
Track: amazon
Using resume: master_amazon.json

Tailoring resume for: Senior Ecommerce Account Manager, Beauty at The PCA Companies
Extracting keywords via Claude Haiku...
Top ATS keywords: ['Ecommerce Account Management', 'Beauty Industry', 'P&L Management', 'Amazon Seller Central', 'Channel Strategy', 'Vendor Relations']

Match score BEFORE tailoring: 83/100
  Already in resume: ['Ecommerce Account Management', 'P&L Management', 'Amazon Seller Central', 'Channel Strategy', 'Vendor Relations']
  Missing: ['Beauty Industry']

Match score AFTER tailoring: 100/100

Tailored resume saved: /Users/openclaw/job-search-agent/resumes/tailored/the-pca-companies_senior-ecommerce-account-manager-beauty.docx
Track: amazon
Using resume: master_amazon.json

Tailoring resume for: eCommerce Account Manager - Hybrid/Remote at Vtldesign
Extracting keywords via Claude Haiku...
Top ATS keywords: ['eCommerce Account Management', 'Amazon Seller Central', 'P&L Management', 'Channel Strategy', 'KPI Tracking', 'Vendor Management']

Match score BEFORE tailoring: 100/100
  Already in resume: ['eCommerce Account Management', 'Amazon Seller Central', 'P&L Management', 'Channel Strategy', 'KPI Tracking', 'Vendor Management']
  Missing: []

Match score AFTER tailoring: 100/100

Tailored resume saved: /Users/openclaw/job-search-agent/resumes/tailored/vtldesign_ecommerce-account-manager-hybrid-remote.docx
Track: amazon
Using resume: master_amazon.json

Tailoring resume for: Strategic Ecommerce Account Manager | Growth & Partnerships at scandiweb
Extracting keywords via Claude Haiku...
Top ATS keywords: ['Ecommerce Account Management', 'Strategic Growth', 'Partnership Development', 'P&L Management', 'Channel Strategy', 'KPI Tracking']

Match score BEFORE tailoring: 100/100
  Already in resume: ['Ecommerce Account Management', 'Strategic Growth', 'Partnership Development', 'P&L Management', 'Channel Strategy', 'KPI Tracking']
  Missing: []

Match score AFTER tailoring: 100/100

Tailored resume saved: /Users/openclaw/job-search-agent/resumes/tailored/scandiweb_strategic-ecommerce-account-manager-grow.docx
Track: amazon
Using resume: master_amazon.json

Tailoring resume for: Senior Manager of Ecommerce Operations at Hadley Designs
Extracting keywords via Claude Haiku...
Top ATS keywords: ['Ecommerce Operations', 'P&L Management', 'Cross-Functional Leadership', 'KPI Tracking', 'Inventory Management', 'Channel Strategy']

Match score BEFORE tailoring: 100/100
  Already in resume: ['Ecommerce Operations', 'P&L Management', 'Cross-Functional Leadership', 'KPI Tracking', 'Inventory Management', 'Channel Strategy']
  Missing: []

Match score AFTER tailoring: 100/100

Tailored resume saved: /Users/openclaw/job-search-agent/resumes/tailored/hadley-designs_senior-manager-of-ecommerce-operations.docx
Track: amazon
Using resume: master_amazon.json

Tailoring resume for: Sr. Account Manager, ISV, ISV at Amazon Web Services (AWS)
Extracting keywords via Claude Haiku...
Top ATS keywords: ['Account Management', 'ISV Partnership', 'Sales Strategy', 'Revenue Growth', 'Strategic Planning', 'Client Relationship Management']

Match score BEFORE tailoring: 100/100
  Already in resume: ['Account Management', 'ISV Partnership', 'Sales Strategy', 'Revenue Growth', 'Strategic Planning', 'Client Relationship Management']
  Missing: []

Match score AFTER tailoring: 100/100

Tailored resume saved: /Users/openclaw/job-search-agent/resumes/tailored/amazon-web-services-aws_sr-account-manager-isv-isv.docx
Track: amazon
Using resume: master_amazon.json

Tailoring resume for: AWS Sr. Enterprise Account Manager, FSI-Capital Markets, FSI-Capital Markets at Amazon Web Services (AWS)
Extracting keywords via Claude Haiku...
Top ATS keywords: ['Enterprise Account Management', 'AWS Solutions', 'Financial Services Industry', 'Capital Markets', 'Cloud Strategy', 'Account Growth']

Match score BEFORE tailoring: 83/100
  Already in resume: ['Enterprise Account Management', 'AWS Solutions', 'Capital Markets', 'Cloud Strategy', 'Account Growth']
  Missing: ['Financial Services Industry']

Match score AFTER tailoring: 100/100

Tailored resume saved: /Users/openclaw/job-search-agent/resumes/tailored/amazon-web-services-aws_aws-sr-enterprise-account-manager-fsi-ca.docx
Track: ops
Using resume: master_ops.json

Tailoring resume for: Remote Fractional COO: Scale Operations for Owners at How To MANAGE a Small Law Firm
Extracting keywords via Claude Haiku...
Top ATS keywords: ['Operations Management', 'Process Optimization', 'P&L Management', 'Strategic Planning', 'Team Leadership', 'Business Scaling']

Match score BEFORE tailoring: 100/100
  Already in resume: ['Operations Management', 'Process Optimization', 'P&L Management', 'Strategic Planning', 'Team Leadership', 'Business Scaling']
  Missing: []

Match score AFTER tailoring: 100/100

Tailored resume saved: /Users/openclaw/job-search-agent/resumes/tailored/how-to-manage-a-small-law-firm_remote-fractional-coo-scale-operations-f.docx
Track: ops
Using resume: master_ops.json

Tailoring resume for: Contracts Manager, Buy with Prime & Amazon Multi-Channel Fulfillment at Amazon
Extracting keywords via Claude Haiku...
Top ATS keywords: ['Contract Management', 'Vendor Negotiation', 'Legal Compliance', 'Amazon Operations', 'Multi-Channel Fulfillment', 'Stakeholder Management']

Match score BEFORE tailoring: 83/100
  Already in resume: ['Contract Management', 'Vendor Negotiation', 'Amazon Operations', 'Multi-Channel Fulfillment', 'Stakeholder Management']
  Missing: ['Legal Compliance']

Match score AFTER tailoring: 100/100

Tailored resume saved: /Users/openclaw/job-search-agent/resumes/tailored/amazon_contracts-manager-buy-with-prime-amazon-.docx
=== Tailor complete: 97 tailored, 0 failed at Mon Jul 13 03:17:35 EDT 2026 ===
[main c134fdd] Sync tailored resumes 2026-07-13
 Committer: OpenClaw <openclaw@Sovereigns-Mac-mini.local>
Your name and email address were configured automatically based
on your username and hostname. Please check that they are accurate.
You can suppress this message by setting them explicitly. Run the
following command and follow the instructions in your editor to edit
your configuration file:

    git config --global --edit

After doing this, you may fix the identity used for this commit with:

    git commit --amend --reset-author

 14 files changed, 0 insertions(+), 0 deletions(-)
 create mode 100644 resumes/tailored/amazon-marketplace-manager-amazon-us-ama_amazon-marketplace-manager-amazon-us-au-.docx
 create mode 100644 resumes/tailored/amazon-web-services-aws_aws-sr-enterprise-account-manager-fsi-ca.docx
 create mode 100644 resumes/tailored/amazon-web-services-aws_sr-account-manager-isv-isv.docx
 create mode 100644 resumes/tailored/amazon_account-manager-i-business-development-a.docx
 create mode 100644 resumes/tailored/amazon_contracts-manager-buy-with-prime-amazon-.docx
 create mode 100644 resumes/tailored/amazon_senior-applied-science-manager-amazon-sp.docx
 create mode 100644 resumes/tailored/dana-co-llc_ecommerce-merchandising-manager.docx
 create mode 100644 resumes/tailored/hadley-designs_senior-manager-of-ecommerce-operations.docx
 create mode 100644 resumes/tailored/how-to-manage-a-small-law-firm_remote-fractional-coo-scale-operations-f.docx
 create mode 100644 resumes/tailored/kiss-products_ecommerce-assistant-manager.docx
 create mode 100644 resumes/tailored/scandiweb_strategic-ecommerce-account-manager-grow.docx
 create mode 100644 resumes/tailored/the-pca-companies_senior-ecommerce-account-manager-beauty.docx
 create mode 100644 resumes/tailored/tiide-commerce_remote-amazon-brand-manager-growth-strat.docx
 create mode 100644 resumes/tailored/vtldesign_ecommerce-account-manager-hybrid-remote.docx
failed to store: -61
To https://gitlab.com/client-os/client-os.git
   fda9706..c134fdd  main -> main
To https://github.com/angieraja23/client-os.git
   fda9706..c134fdd  main -> main
Vercel CLI 54.10.2 (Node.js 25.8.0)
Retrieving project…
Deploying angieraja23-9144s-projects/client-acquisition-os
Uploading [--------------------] (0.0B/964.1KB)
Uploading [=====---------------] (248.6KB/964.1KB)
Uploading [==========----------] (483.9KB/964.1KB)
Uploading [===============-----] (726.3KB/964.1KB)
Uploading [====================] (964.1KB/964.1KB)
  Inspect     https://vercel.com/angieraja23-9144s-projects/client-acquisition-os/FDTKcEetxMPm8NTPKiyECH1gUiQk
▲ Production  https://client-acquisition-l8q933msp-angieraja23-9144s-projects.vercel.app
https://client-acquisition-l8q933msp-angieraja23-9144s-projects.vercel.appBuilding…
Building…
Running build in Washington, D.C., USA (East) – iad1
Build machine configuration: 2 cores, 8 GB
Retrieving list of deployment files...
Previous build caches not available.
Downloading 168 deployment files...
[2K[1A[2K[G▲ Production  https://client-acquisition-l8q933msp-angieraja23-9144s-projects.vercel.app
Completing…
▲ Aliased     https://clientos.angieraja.com

✓ Ready in 7s
=== Resumes synced and deployed ===
=== Digest sent ===
=== Run finished: Mon Jul 13 03:17:47 EDT 2026 ===
=== Run started: Wed Jul 15 03:00:00 EDT 2026 ===
PATH=/opt/homebrew/bin:/opt/homebrew/sbin:/usr/local/bin:/usr/bin:/bin:/usr/sbin:/sbin
GITLAB_TOKEN=SET
GITHUB_TOKEN=SET
ANTHROPIC_API_KEY=SET
--- Running scraper ---
[main 569f06b] Weekly refresh 2026-07-15
 Committer: OpenClaw <openclaw@Sovereigns-Mac-mini.local>
Your name and email address were configured automatically based
on your username and hostname. Please check that they are accurate.
You can suppress this message by setting them explicitly. Run the
following command and follow the instructions in your editor to edit
your configuration file:

    git config --global --edit

After doing this, you may fix the identity used for this commit with:

    git commit --amend --reset-author

 4 files changed, 767 insertions(+), 1 deletion(-)
[2026-07-15 03:00] ==================================================
[2026-07-15 03:00] Client Acquisition OS — Weekly Refresh
[2026-07-15 03:00] ── JOBS ─────────────────────────────────
[2026-07-15 03:00]   Amazon Account Manager — Remote
[2026-07-15 03:00]     0 results
[2026-07-15 03:00]   Amazon Account Manager — New York
[2026-07-15 03:00]     10 results
[2026-07-15 03:00]   Amazon Brand Manager — Remote
[2026-07-15 03:00]     0 results
[2026-07-15 03:00]   Amazon Brand Manager — New York
[2026-07-15 03:00]     10 results
[2026-07-15 03:00]     + Global Creative Strategist, Brand Innovation Lab, Amazon Ads Brand Innovation Lab @ Amazon (New York, NY) [LinkedIn · Easy Apply]
[2026-07-15 03:00]   Senior Amazon Brand Manager — Remote
[2026-07-15 03:00]     0 results
[2026-07-15 03:00]   Senior Amazon Brand Manager — New York
[2026-07-15 03:00]     10 results
[2026-07-15 03:00]     + Sr. Paid Media Marketing Manager, Amazon Ads, Paid and Social Media Team, Amazon Ads @ Amazon (New York, NY) [LinkedIn · Easy Apply]
[2026-07-15 03:00]   Amazon Marketplace Manager — Remote
[2026-07-15 03:00]     0 results
[2026-07-15 03:00]   Amazon Marketplace Manager — New York
[2026-07-15 03:00]     10 results
[2026-07-15 03:00]   Ecommerce Brand Manager — Remote
[2026-07-15 03:00]     0 results
[2026-07-15 03:00]   Ecommerce Brand Manager — New York
[2026-07-15 03:00]     10 results
[2026-07-15 03:00]     + Head of Ecommerce @ CHARLES & KEITH GROUP (New York, NY) [LinkedIn · Easy Apply]
[2026-07-15 03:00]     + Manager, Customer Insights + Analytics (Ecommerce) @ Pandora (New York, NY) [LinkedIn · Easy Apply]
[2026-07-15 03:00]     + Junior Account Manager, Ecommerce @ Tangle Teezer Ltd (New York, NY) [LinkedIn · Easy Apply]
[2026-07-15 03:00]   Ecommerce Account Manager — Remote
[2026-07-15 03:00]     0 results
[2026-07-15 03:00]   Ecommerce Account Manager — New York
[2026-07-15 03:00]     10 results
[2026-07-15 03:00]     + Junior Ecommerce Account Manager | Hybrid Role @ BIC (New York, NY)
[2026-07-15 03:00]   Marketplace Manager Walmart Amazon — Remote
[2026-07-15 03:00]     0 results
[2026-07-15 03:00]   Marketplace Manager Walmart Amazon — New York
[2026-07-15 03:00]     10 results
[2026-07-15 03:00]   Ecommerce Operations Manager — Remote
[2026-07-15 03:01]     0 results
[2026-07-15 03:01]   Ecommerce Operations Manager — New York
[2026-07-15 03:01]     10 results
[2026-07-15 03:01]   DTC Brand Manager — Remote
[2026-07-15 03:01]     0 results
[2026-07-15 03:01]   DTC Brand Manager — New York
[2026-07-15 03:01]     10 results
[2026-07-15 03:01]   Amazon Agency Account Manager — Remote
[2026-07-15 03:01]     0 results
[2026-07-15 03:01]   Amazon Agency Account Manager — New York
[2026-07-15 03:01]     10 results
[2026-07-15 03:01]     + Senior Sales Account Manager, US LCS @ Amazon (New York, NY) [LinkedIn · Easy Apply]
[2026-07-15 03:01]     + Sr Client Account Manager, Amazon @ Pinterest (New York, NY) [LinkedIn · Easy Apply]
[2026-07-15 03:01]   Chief of Staff ecommerce — Remote
[2026-07-15 03:01]     0 results
[2026-07-15 03:01]   Chief of Staff ecommerce — New York
[2026-07-15 03:01]     2 results
[2026-07-15 03:01]   Chief of Staff startup — Remote
[2026-07-15 03:01]     0 results
[2026-07-15 03:01]   Chief of Staff startup — New York
[2026-07-15 03:01]     1 results
[2026-07-15 03:01]   Chief of Staff DTC — Remote
[2026-07-15 03:01]     0 results
[2026-07-15 03:02]   Chief of Staff DTC — New York
[2026-07-15 03:02]     2 results
[2026-07-15 03:02]   Head of Operations DTC — Remote
[2026-07-15 03:02]     0 results
[2026-07-15 03:02]   Head of Operations DTC — New York
[2026-07-15 03:02]     10 results
[2026-07-15 03:02]   Head of Operations ecommerce — Remote
[2026-07-15 03:02]     0 results
[2026-07-15 03:02]   Head of Operations ecommerce — New York
[2026-07-15 03:02]     10 results
[2026-07-15 03:02]   Director of Operations ecommerce — Remote
[2026-07-15 03:02]     0 results
[2026-07-15 03:02]   Director of Operations ecommerce — New York
[2026-07-15 03:02]     10 results
[2026-07-15 03:02]   EOS Integrator — Remote
[2026-07-15 03:02]     0 results
[2026-07-15 03:02]   EOS Integrator — New York
[2026-07-15 03:02]     0 results
[2026-07-15 03:02]   Fractional COO — Remote
[2026-07-15 03:02]     0 results
[2026-07-15 03:02]   Fractional COO — New York
[2026-07-15 03:02]     3 results
[2026-07-15 03:02]   VP Operations DTC — Remote
[2026-07-15 03:02]     0 results
[2026-07-15 03:02]   VP Operations DTC — New York
[2026-07-15 03:02]     10 results
[2026-07-15 03:02]   Business Operations Lead startup — Remote
[2026-07-15 03:03]     0 results
[2026-07-15 03:03]   Business Operations Lead startup — New York
[2026-07-15 03:03]     8 results
[2026-07-15 03:03]     + Startup Operations Lead @ Trekker Auto (New York, NY) [LinkedIn · Easy Apply]
[2026-07-15 03:03]     + Head of Operations ($150k-$195k + Equity) at well-funded healthtech startup @ Jack & Jill (New York, NY) [LinkedIn · Easy Apply]
[2026-07-15 03:03]   Amazon Account Manager agency client portfolio — Remote
[2026-07-15 03:03]     0 results
[2026-07-15 03:03]   Amazon Account Manager agency client portfolio — New York
[2026-07-15 03:03]     10 results
[2026-07-15 03:03]   Amazon Brand Manager Seller Central agency — Remote
[2026-07-15 03:03]     0 results
[2026-07-15 03:03]   Amazon Brand Manager Seller Central agency — New York
[2026-07-15 03:03]     10 results
[2026-07-15 03:03]   Marketplace Account Manager consumer brands — Remote
[2026-07-15 03:03]     0 results
[2026-07-15 03:03]   Marketplace Account Manager consumer brands — New York
[2026-07-15 03:03]     0 results
[2026-07-15 03:03]   Ecommerce Account Manager client facing Amazon — Remote
[2026-07-15 03:03]     0 results
[2026-07-15 03:03]   Ecommerce Account Manager client facing Amazon — New York
[2026-07-15 03:03]     1 results
[2026-07-15 03:03]   Amazon Account Director agency — Remote
[2026-07-15 03:03]     0 results
[2026-07-15 03:03]   Amazon Account Director agency — New York
[2026-07-15 03:03]     10 results
[2026-07-15 03:03]   Senior Account Manager Amazon marketplace agency — Remote
[2026-07-15 03:03]     0 results
[2026-07-15 03:03]   Senior Account Manager Amazon marketplace agency — New York
[2026-07-15 03:03]     7 results
[2026-07-15 03:03]     + Amazon Advertising Manager @ Cartograph (Anywhere) [LinkedIn · Easy Apply]
[2026-07-15 03:03]   Brand Strategy Manager Amazon ecommerce — Remote
[2026-07-15 03:04]   SerpAPI error: The read operation timed out
[2026-07-15 03:04]     0 results
[2026-07-15 03:04]   Brand Strategy Manager Amazon ecommerce — New York
[2026-07-15 03:04]     10 results
[2026-07-15 03:04]   Client Success Manager Amazon agency — Remote
[2026-07-15 03:04]     0 results
[2026-07-15 03:04]   Client Success Manager Amazon agency — New York
[2026-07-15 03:04]     4 results
[2026-07-15 03:04]   Wrote 108 jobs to data/jobs.json (11 new)
[2026-07-15 03:04] ── DEPLOYING via GitLab ──────────────────
[2026-07-15 03:04]   Pushed to GitLab
[2026-07-15 03:04]   Deployed to Vercel
[2026-07-15 03:04] Done.

Scraper exit code: 0
--- Committing and pushing ---
[main 310cd21] Nightly auto-sync 2026-07-15
 Committer: OpenClaw <openclaw@Sovereigns-Mac-mini.local>
Your name and email address were configured automatically based
on your username and hostname. Please check that they are accurate.
You can suppress this message by setting them explicitly. Run the
following command and follow the instructions in your editor to edit
your configuration file:

    git config --global --edit

After doing this, you may fix the identity used for this commit with:

    git commit --amend --reset-author

 2 files changed, 154 insertions(+)
failed to store: -61
To https://gitlab.com/client-os/client-os.git
   569f06b..310cd21  main -> main
To https://github.com/angieraja23/client-os.git
   c134fdd..310cd21  main -> main
Vercel CLI 54.10.2 (Node.js 25.8.0)
Retrieving project…
Deploying angieraja23-9144s-projects/client-acquisition-os
Uploading [--------------------] (0.0B/641.2KB)
Uploading [=====---------------] (176.0KB/641.2KB)
Uploading [==========----------] (336.0KB/641.2KB)
Uploading [===============-----] (489.5KB/641.2KB)
Uploading [====================] (641.2KB/641.2KB)
  Inspect     https://vercel.com/angieraja23-9144s-projects/client-acquisition-os/6aSch6LnNgcFUtJXqqNvbSSwHFXW
▲ Production  https://client-acquisition-hlqzbcshc-angieraja23-9144s-projects.vercel.app
https://client-acquisition-hlqzbcshc-angieraja23-9144s-projects.vercel.appBuilding…
Building…
Running build in Washington, D.C., USA (East) – iad1
Build machine configuration: 2 cores, 8 GB
Retrieving list of deployment files...
Previous build caches not available.
Downloading 168 deployment files...
[2K[1A[2K[G▲ Production  https://client-acquisition-hlqzbcshc-angieraja23-9144s-projects.vercel.app
Completing…
▲ Aliased     https://clientos.angieraja.com

✓ Ready in 7s
=== Deployed: Wed Jul 15 03:05:06 EDT 2026 ===
--- Running tailor ---
=== Tailor started: Wed Jul 15 03:05:06 EDT 2026 ===
Track: ops
SKIP (already tailored): Chief of Staff at Cascade at Jack & Jill
Track: ops
SKIP (already tailored): Chief of Staff to the GM of Housing at Flex
Track: ops
SKIP (already tailored): Executive Assistant to the Chief of Staff at DEPARTMENT OF CORRECTION
Track: amazon
SKIP (already tailored): Associate Manager, Commerce Platform Logistics - Strategy and Operations at DoorDash
Track: amazon
SKIP (already tailored): Sr. Resourcing Operations Manager at MKG Productions, LLC
Track: ops
SKIP (already tailored): Logistics Operations Project Manager at Fluidstack
Track: ops
SKIP (already tailored): Manager, Enrollment Fulfillment Operations at New York Life
Track: amazon
SKIP (already tailored): Ecommerce Manager at Zachys Wine & Liquor
Track: amazon
SKIP (already tailored): Amazon Brand Manager at Cartograph
Track: amazon
SKIP (already tailored): Director of Ecommerce at SBH Fashion
Track: amazon
SKIP (already tailored): Ecommerce Marketplace Manager at Universal Perfumes & Cosmetics
Track: amazon
SKIP (already tailored): Client Account Manager, Digital Accounts at Amsive
Track: ops
SKIP (already tailored): DTC Performance & Growth Marketing Manager at Blueair North America
Track: amazon
SKIP (already tailored): AWS Sr. Enterprise Account Manager, Automotive & Manufacturing at Amazon Web Services (AWS)
Track: amazon
SKIP (already tailored): Senior Amazon Brand Manager at GNO Partners
Track: amazon
SKIP (already tailored): Campaign & Creative Manager, Campaign & Creative Management, Amazon at Amazon
Track: amazon
SKIP (already tailored): Sr. Marketing Manager, Engagement, WW Amazon Flex, Amazon Flex at Amazon
Track: amazon
SKIP (already tailored): Director, Amazon at Nécessaire, Inc.
Track: amazon
SKIP (already tailored): Amazon & Marketplace Account Growth Manager at The PCA Group
Track: amazon
SKIP (already tailored): Remote Amazon Marketplace Manager at Foxelli Group Remote at Foxelli Group
Track: amazon
SKIP (already tailored): E-commerce Growth Manager at BURDLIFE
Track: amazon
SKIP (already tailored): Marketplace Manager at PetsWorld Inc
Track: amazon
SKIP (already tailored): TikTok Shop Account Manager at KAMP Agency
Track: amazon
SKIP (already tailored): Sales Account Manager, US LCS, Consumer Electronics at Amazon
Track: amazon
SKIP (already tailored): Director of Operations — Digital & Ecommerce at Maxima Apparel
Track: amazon
SKIP (already tailored): Senior Manager, Ecommerce at SBH Fashion
Track: amazon
SKIP (already tailored): Sales Account Manager, LCS Acquisitions at Amazon
Track: ops
SKIP (already tailored): Chief of Staff - AI-native startup is rewiring a trillion-dollar consumer industry at Big Wave Digital
Track: ops
SKIP (already tailored): COO/EOS Integrator at CBIZ Talent Solutions
Track: ops
SKIP (already tailored): Office Operations at Series B AI Startup at Bloom Talent
Track: ops
SKIP (already tailored): Office & Operations Lead — Startup NYC (Equity) at The Talent Post
Track: ops
SKIP (already tailored): Jr. Amazon Account Coordinator at Tiide Commerce
Track: ops
SKIP (already tailored): Amazon Account Coordinator - Affiliate Marketing Agency at Ikon Digital Media
Track: ops
SKIP (already tailored): Manager, Amazon - Origins at DECIEM | THE ABNORMAL BEAUTY COMPANY
Track: amazon
SKIP (already tailored): Website for Amazon Account Management at Upwork
Track: amazon
SKIP (already tailored): Sr Product Marketing Manager, WW New Customer Registration, Amazon Business at Amazon
Track: amazon
SKIP (already tailored): Amazon Marketplace Specialist at Master Wholesale International, Inc.
Track: amazon
SKIP (already tailored): Senior Brand Manager, eCommerce Agency at Jobot
Track: amazon
SKIP (already tailored): Category Manager Intern (TikTok Shop - Operations) - 2026 Summer (MBA) at TikTok
Track: amazon
SKIP (already tailored): Ecommerce Optimization Manager at Clean Simple Eats, LLC.
Track: amazon
SKIP (already tailored): National Account Manager - Amazon at Scholastic
Track: amazon
SKIP (already tailored): Sales Account Manager, US LCS, Consumer Electronics at Amazon Advertising LLC
Track: ops
SKIP (already tailored): Director of Business Operations, SaaS | AI | eCommerce at Get Plus - The Autonomous Commerce OS
Track: amazon
SKIP (already tailored): AWS Account Manager, FSI at Amazon Web Services (AWS)
Track: amazon
SKIP (already tailored): Sr. Account Manager-RRT, Startups at Amazon Web Services (AWS)
Track: ops
SKIP (already tailored): Amazon Specialist at My Amazon Guy
Track: amazon
SKIP (already tailored): Strategic Account Manager, Amazon Publisher Services at Amazon
Track: amazon
SKIP (already tailored): Account Manager I, Amazon Global Logistics at Amazon Global Logistics
Track: amazon
SKIP (already tailored): VP, Ecommerce at Grüns
Track: amazon
SKIP (already tailored): Senior Director of Ecommerce & Growth at CleanBoss Inc.
Track: amazon
SKIP (already tailored): National Account Manager, Beauty (Direct eCommerce) at Dyson Direct Inc
Track: amazon
SKIP (already tailored): Sales Account Manager, Fashion Advertising Account Management, Fashion Advertising Account Management at Amazon
Track: amazon
SKIP (already tailored): Sales Account Manager, US LCS at Amazon
Track: amazon
SKIP (already tailored): Sr. Account Manager-RRT, Startups at Amazon Web Services, Inc.
Track: ops
SKIP (already tailored): Executive Assistant to Founder & Operations at Early-stage, Mission-driven Startup at Bloom Talent
Track: ops
SKIP (already tailored): Sr.  Amazon Ads Account Manager at Freshdesk
Track: amazon
SKIP (already tailored): Account Manager I, Hub Delivery at Amazon
Track: amazon
SKIP (already tailored): Sales Account Manager, Fashion, Sales, Advertising, & Account Management at Amazon
Track: amazon
SKIP (already tailored): National Account Manager, Amazon at ACCO Brands
Track: amazon
SKIP (already tailored): Sr. Product Marketing Manager , Amazon Live Creator Partnerships at Amazon
Track: amazon
SKIP (already tailored): Senior Amazon Brand Growth Lead Remote at Ballard House
Track: amazon
SKIP (already tailored): Ecommerce Assistant Manager (Amazon Focus) at Kiss Beauty Group
Track: amazon
SKIP (already tailored): Ecommerce Specialist (Amazon Focus) at Kiss Beauty Group
Track: amazon
SKIP (already tailored): Digital Commerce Specialist- Amazon at Kiss Beauty Group
Track: amazon
SKIP (already tailored): eCommerce Manager Delivery Claims & Incidents at Hermès
Track: amazon
SKIP (already tailored): Ecommerce Assistant Manager at Kiss Beauty Group
Track: amazon
SKIP (already tailored): eCommerce Lead FT @ Guggenheim at Event Network, LLC
Track: amazon
SKIP (already tailored): Director, eCommerce - Stuart Weitzman at Caleres, Inc.
Track: amazon
SKIP (already tailored): Operations Manager, Social Commerce at AMOREPACIFIC
Track: amazon
SKIP (already tailored): Sales Account Manager, Live Sports at Amazon
Track: amazon
SKIP (already tailored): Sales Account Manager, Fashion Advertising Account Management, Fashion Advertising Account Management at Amazon Advertising LLC
Track: amazon
SKIP (already tailored): Principal Account Manager, ISV at Amazon Web Services (AWS)
Track: amazon
SKIP (already tailored): Sales Account Manager (Fashion, Sales, Advertising, & Account Management) at Amazon
Track: ops
SKIP (already tailored): Chief Operations Officer In Residence – Startup Fintech at Scalata.ai
Track: ops
SKIP (already tailored): Fractional CEO for Small Businesses at How to Manage a Small Law Firm II, Incorporated
Track: ops
SKIP (already tailored): Manager, Digital Merchandising, Amazon at Kiss Beauty Group
Track: amazon
SKIP (already tailored): Amazon Account Strategist -  Amazon Seller & Vendor Central required! at VENDO – A PLTFRM Company
Track: amazon
SKIP (already tailored): E-Commerce Operations Manager at TOM FORD FASHION
Track: amazon
SKIP (already tailored): Ecommerce Manager (Beauty) at Solomon Page
Track: amazon
SKIP (already tailored): Manager, Book Sales & eCommerce at AWA Studios
Track: amazon
SKIP (already tailored): Ecommerce Assistant Manager at Ivy Enterprises, Inc.
Track: amazon
SKIP (already tailored): Account Manager, US Govtech Mid-Market at Amazon Web Services (AWS)
Track: ops
SKIP (already tailored): eCommerce Operations Manager at Adecco
Track: amazon
SKIP (already tailored): Account Manager I, Business Development, Amazon Global Logistics at Amazon
Track: amazon
SKIP (already tailored): Remote Amazon Brand Manager | Growth & Strategy Lead at Tiide Commerce
Track: amazon
SKIP (already tailored): Senior Applied Science Manager, Amazon Sponsored Products & Brands at Amazon
Track: amazon
SKIP (already tailored): Amazon Marketplace Manager | Amazon US & AU | PPC, SEO, Seller Central & Growth Any Posted on 2026-07-09 12:19:24 at Amazon Marketplace Manager — Amazon US, Amazon AU & Walmart US
Track: amazon
SKIP (already tailored): Ecommerce Merchandising Manager at Dana-co LLC
Track: amazon
SKIP (already tailored): Ecommerce Assistant Manager at Kiss Products
Track: amazon
SKIP (already tailored): Senior Ecommerce Account Manager, Beauty at The PCA Companies
Track: amazon
SKIP (already tailored): eCommerce Account Manager - Hybrid/Remote at Vtldesign
Track: amazon
SKIP (already tailored): Strategic Ecommerce Account Manager | Growth & Partnerships at scandiweb
Track: amazon
SKIP (already tailored): Senior Manager of Ecommerce Operations at Hadley Designs
Track: amazon
SKIP (already tailored): Sr. Account Manager, ISV, ISV at Amazon Web Services (AWS)
Track: amazon
SKIP (already tailored): AWS Sr. Enterprise Account Manager, FSI-Capital Markets, FSI-Capital Markets at Amazon Web Services (AWS)
Track: ops
SKIP (already tailored): Remote Fractional COO: Scale Operations for Owners at How To MANAGE a Small Law Firm
Track: ops
SKIP (already tailored): Contracts Manager, Buy with Prime & Amazon Multi-Channel Fulfillment at Amazon
Track: amazon
Using resume: master_amazon.json

Tailoring resume for: Global Creative Strategist, Brand Innovation Lab, Amazon Ads Brand Innovation Lab at Amazon
Extracting keywords via Claude Haiku...
Top ATS keywords: ['Brand Strategy', 'Creative Development', 'Global Marketing', 'Cross-Functional Leadership', 'Campaign Strategy', 'Innovation Management']

Match score BEFORE tailoring: 100/100
  Already in resume: ['Brand Strategy', 'Creative Development', 'Global Marketing', 'Cross-Functional Leadership', 'Campaign Strategy', 'Innovation Management']
  Missing: []

Match score AFTER tailoring: 100/100

Tailored resume saved: /Users/openclaw/job-search-agent/resumes/tailored/amazon_global-creative-strategist-brand-innovat.docx
Track: amazon
Using resume: master_amazon.json

Tailoring resume for: Sr. Paid Media Marketing Manager, Amazon Ads, Paid and Social Media Team, Amazon Ads at Amazon
Extracting keywords via Claude Haiku...
Top ATS keywords: ['Amazon Ads', 'Paid Media Management', 'Social Media Strategy', 'Campaign Optimization', 'Performance Analytics', 'Budget Management']

Match score BEFORE tailoring: 100/100
  Already in resume: ['Amazon Ads', 'Paid Media Management', 'Social Media Strategy', 'Campaign Optimization', 'Performance Analytics', 'Budget Management']
  Missing: []

Match score AFTER tailoring: 100/100

Tailored resume saved: /Users/openclaw/job-search-agent/resumes/tailored/amazon_sr-paid-media-marketing-manager-amazon-a.docx
Track: amazon
Using resume: master_amazon.json

Tailoring resume for: Head of Ecommerce at CHARLES & KEITH GROUP
Extracting keywords via Claude Haiku...
Top ATS keywords: ['Ecommerce Strategy', 'P&L Management', 'Team Leadership', 'Digital Marketing', 'Platform Management', 'Sales Growth']

Match score BEFORE tailoring: 100/100
  Already in resume: ['Ecommerce Strategy', 'P&L Management', 'Team Leadership', 'Digital Marketing', 'Platform Management', 'Sales Growth']
  Missing: []

Match score AFTER tailoring: 100/100

Tailored resume saved: /Users/openclaw/job-search-agent/resumes/tailored/charles-keith-group_head-of-ecommerce.docx
Track: amazon
Using resume: master_amazon.json

Tailoring resume for: Manager, Customer Insights + Analytics (Ecommerce) at Pandora
Extracting keywords via Claude Haiku...
Top ATS keywords: ['Customer Analytics', 'Ecommerce Data Analysis', 'KPI Development', 'Cross-Functional Leadership', 'Business Intelligence', 'Customer Insights Strategy']

Match score BEFORE tailoring: 100/100
  Already in resume: ['Customer Analytics', 'Ecommerce Data Analysis', 'KPI Development', 'Cross-Functional Leadership', 'Business Intelligence', 'Customer Insights Strategy']
  Missing: []

Match score AFTER tailoring: 100/100

Tailored resume saved: /Users/openclaw/job-search-agent/resumes/tailored/pandora_manager-customer-insights-analytics-ecom.docx
Track: amazon
Using resume: master_amazon.json

Tailoring resume for: Junior Account Manager, Ecommerce at Tangle Teezer Ltd
Extracting keywords via Claude Haiku...
Top ATS keywords: ['Account Management', 'Ecommerce', 'Sales', 'Customer Relationship Management', 'Inventory Management', 'Vendor Relations']

Match score BEFORE tailoring: 66/100
  Already in resume: ['Account Management', 'Customer Relationship Management', 'Inventory Management', 'Vendor Relations']
  Missing: ['Ecommerce', 'Sales']

Match score AFTER tailoring: 100/100

Tailored resume saved: /Users/openclaw/job-search-agent/resumes/tailored/tangle-teezer-ltd_junior-account-manager-ecommerce.docx
Track: amazon
Using resume: master_amazon.json

Tailoring resume for: Junior Ecommerce Account Manager | Hybrid Role at BIC
Extracting keywords via Claude Haiku...
Top ATS keywords: ['Ecommerce Account Management', 'Amazon Seller Central', 'P&L Management', 'KPI Tracking', 'Channel Strategy', 'Cross-Functional Collaboration']

Match score BEFORE tailoring: 100/100
  Already in resume: ['Ecommerce Account Management', 'Amazon Seller Central', 'P&L Management', 'KPI Tracking', 'Channel Strategy', 'Cross-Functional Collaboration']
  Missing: []

Match score AFTER tailoring: 100/100

Tailored resume saved: /Users/openclaw/job-search-agent/resumes/tailored/bic_junior-ecommerce-account-manager-hybrid-.docx
Track: amazon
Using resume: master_amazon.json

Tailoring resume for: Senior Sales Account Manager, US LCS at Amazon
Extracting keywords via Claude Haiku...
Top ATS keywords: ['Account Management', 'Sales Strategy', 'Customer Relationship Management', 'Revenue Growth', 'Strategic Partnerships', 'Sales Performance Metrics']

Match score BEFORE tailoring: 100/100
  Already in resume: ['Account Management', 'Sales Strategy', 'Customer Relationship Management', 'Revenue Growth', 'Strategic Partnerships', 'Sales Performance Metrics']
  Missing: []

Match score AFTER tailoring: 100/100

Tailored resume saved: /Users/openclaw/job-search-agent/resumes/tailored/amazon_senior-sales-account-manager-us-lcs.docx
Track: amazon
Using resume: master_amazon.json

Tailoring resume for: Sr Client Account Manager, Amazon at Pinterest
Extracting keywords via Claude Haiku...
Top ATS keywords: ['Account Management', 'Client Relationship Management', 'Amazon', 'Sales Strategy', 'Cross-Functional Leadership', 'Revenue Growth']

Match score BEFORE tailoring: 100/100
  Already in resume: ['Account Management', 'Client Relationship Management', 'Amazon', 'Sales Strategy', 'Cross-Functional Leadership', 'Revenue Growth']
  Missing: []

Match score AFTER tailoring: 100/100

Tailored resume saved: /Users/openclaw/job-search-agent/resumes/tailored/pinterest_sr-client-account-manager-amazon.docx
Track: ops
Using resume: master_ops.json

Tailoring resume for: Startup Operations Lead at Trekker Auto
Extracting keywords via Claude Haiku...
Top ATS keywords: ['Operations Management', 'Startup Experience', 'P&L Management', 'Process Optimization', 'Cross-Functional Leadership', 'Vendor Management']

Match score BEFORE tailoring: 100/100
  Already in resume: ['Operations Management', 'Startup Experience', 'P&L Management', 'Process Optimization', 'Cross-Functional Leadership', 'Vendor Management']
  Missing: []

Match score AFTER tailoring: 100/100

Tailored resume saved: /Users/openclaw/job-search-agent/resumes/tailored/trekker-auto_startup-operations-lead.docx
Track: ops
Using resume: master_ops.json

Tailoring resume for: Head of Operations ($150k-$195k + Equity) at well-funded healthtech startup at Jack & Jill
Extracting keywords via Claude Haiku...
Top ATS keywords: ['Operations Management', 'P&L Management', 'Process Optimization', 'Cross-Functional Leadership', 'Healthcare Industry', 'Startup Scaling']

Match score BEFORE tailoring: 83/100
  Already in resume: ['Operations Management', 'P&L Management', 'Process Optimization', 'Cross-Functional Leadership', 'Startup Scaling']
  Missing: ['Healthcare Industry']

Match score AFTER tailoring: 100/100

Tailored resume saved: /Users/openclaw/job-search-agent/resumes/tailored/jack-jill_head-of-operations-150k-195k-equity-at-w.docx
Track: ops
Using resume: master_ops.json

Tailoring resume for: Amazon Advertising Manager at Cartograph
Extracting keywords via Claude Haiku...
Top ATS keywords: ['Amazon Advertising', 'Campaign Management', 'PPC Strategy', 'Budget Optimization', 'Performance Analytics', 'Amazon Seller Central']

Match score BEFORE tailoring: 100/100
  Already in resume: ['Amazon Advertising', 'Campaign Management', 'PPC Strategy', 'Budget Optimization', 'Performance Analytics', 'Amazon Seller Central']
  Missing: []

Match score AFTER tailoring: 100/100

Tailored resume saved: /Users/openclaw/job-search-agent/resumes/tailored/cartograph_amazon-advertising-manager.docx
=== Tailor complete: 108 tailored, 0 failed at Wed Jul 15 03:18:37 EDT 2026 ===
[main 03e278d] Sync tailored resumes 2026-07-15
 Committer: OpenClaw <openclaw@Sovereigns-Mac-mini.local>
Your name and email address were configured automatically based
on your username and hostname. Please check that they are accurate.
You can suppress this message by setting them explicitly. Run the
following command and follow the instructions in your editor to edit
your configuration file:

    git config --global --edit

After doing this, you may fix the identity used for this commit with:

    git commit --amend --reset-author

 11 files changed, 0 insertions(+), 0 deletions(-)
 create mode 100644 resumes/tailored/amazon_global-creative-strategist-brand-innovat.docx
 create mode 100644 resumes/tailored/amazon_senior-sales-account-manager-us-lcs.docx
 create mode 100644 resumes/tailored/amazon_sr-paid-media-marketing-manager-amazon-a.docx
 create mode 100644 resumes/tailored/bic_junior-ecommerce-account-manager-hybrid-.docx
 create mode 100644 resumes/tailored/cartograph_amazon-advertising-manager.docx
 create mode 100644 resumes/tailored/charles-keith-group_head-of-ecommerce.docx
 create mode 100644 resumes/tailored/jack-jill_head-of-operations-150k-195k-equity-at-w.docx
 create mode 100644 resumes/tailored/pandora_manager-customer-insights-analytics-ecom.docx
 create mode 100644 resumes/tailored/pinterest_sr-client-account-manager-amazon.docx
 create mode 100644 resumes/tailored/tangle-teezer-ltd_junior-account-manager-ecommerce.docx
 create mode 100644 resumes/tailored/trekker-auto_startup-operations-lead.docx
failed to store: -61
To https://gitlab.com/client-os/client-os.git
   310cd21..03e278d  main -> main
To https://github.com/angieraja23/client-os.git
   310cd21..03e278d  main -> main
Vercel CLI 54.10.2 (Node.js 25.8.0)
Retrieving project…
Deploying angieraja23-9144s-projects/client-acquisition-os
Uploading [--------------------] (0.0B/879.5KB)
Uploading [=====---------------] (222.8KB/879.5KB)
Uploading [==========----------] (445.6KB/879.5KB)
Uploading [===============-----] (659.8KB/879.5KB)
Uploading [====================] (879.5KB/879.5KB)
  Inspect     https://vercel.com/angieraja23-9144s-projects/client-acquisition-os/6V7XzNk25jbBjfw8bQ5oWofH1FXL
▲ Production  https://client-acquisition-kcdnnney5-angieraja23-9144s-projects.vercel.app
https://client-acquisition-kcdnnney5-angieraja23-9144s-projects.vercel.appBuilding…
Building…
Running build in Washington, D.C., USA (East) – iad1
Build machine configuration: 2 cores, 8 GB
Retrieving list of deployment files...
Previous build caches not available.
[2K[1A[2K[G▲ Production  https://client-acquisition-kcdnnney5-angieraja23-9144s-projects.vercel.app
Completing…
▲ Aliased     https://clientos.angieraja.com

✓ Ready in 7s
=== Resumes synced and deployed ===
=== Digest sent ===
=== Run finished: Wed Jul 15 03:18:51 EDT 2026 ===
=== Run started: Fri Jul 17 03:00:00 EDT 2026 ===
PATH=/opt/homebrew/bin:/opt/homebrew/sbin:/usr/local/bin:/usr/bin:/bin:/usr/sbin:/sbin
GITLAB_TOKEN=SET
GITHUB_TOKEN=SET
ANTHROPIC_API_KEY=SET
--- Running scraper ---
[main d72b6a3] Weekly refresh 2026-07-17
 Committer: OpenClaw <openclaw@Sovereigns-Mac-mini.local>
Your name and email address were configured automatically based
on your username and hostname. Please check that they are accurate.
You can suppress this message by setting them explicitly. Run the
following command and follow the instructions in your editor to edit
your configuration file:

    git config --global --edit

After doing this, you may fix the identity used for this commit with:

    git commit --amend --reset-author

 4 files changed, 733 insertions(+), 1 deletion(-)
[2026-07-17 03:00] ==================================================
[2026-07-17 03:00] Client Acquisition OS — Weekly Refresh
[2026-07-17 03:00] ── JOBS ─────────────────────────────────
[2026-07-17 03:00]   Amazon Account Manager — Remote
[2026-07-17 03:00]     0 results
[2026-07-17 03:00]   Amazon Account Manager — New York
[2026-07-17 03:00]     10 results
[2026-07-17 03:00]     + Account Manager, Telecom @ Amazon (New York, NY, United States) [LinkedIn · Easy Apply]
[2026-07-17 03:00]     + Strategic Account Manager, Amazon @ Eaton Corporation (Anywhere)
[2026-07-17 03:00]   Amazon Brand Manager — Remote
[2026-07-17 03:00]     0 results
[2026-07-17 03:00]   Amazon Brand Manager — New York
[2026-07-17 03:00]     10 results
[2026-07-17 03:00]   Senior Amazon Brand Manager — Remote
[2026-07-17 03:00]     0 results
[2026-07-17 03:00]   Senior Amazon Brand Manager — New York
[2026-07-17 03:00]     10 results
[2026-07-17 03:00]     + Senior IT&S Project Manager @ Northwell Careers (Lake Success, NY) [LinkedIn · Easy Apply]
[2026-07-17 03:00]   Amazon Marketplace Manager — Remote
[2026-07-17 03:00]     0 results
[2026-07-17 03:00]   Amazon Marketplace Manager — New York
[2026-07-17 03:00]     10 results
[2026-07-17 03:00]   Ecommerce Brand Manager — Remote
[2026-07-17 03:00]     0 results
[2026-07-17 03:00]   Ecommerce Brand Manager — New York
[2026-07-17 03:00]     0 results
[2026-07-17 03:00]   Ecommerce Account Manager — Remote
[2026-07-17 03:00]     0 results
[2026-07-17 03:00]   Ecommerce Account Manager — New York
[2026-07-17 03:00]     10 results
[2026-07-17 03:00]     + Account Manager - E-Comm and Design @ DADA Goldberg (New York, NY) [LinkedIn · Easy Apply]
[2026-07-17 03:00]     + Ecommerce Account Manager, Amazon @ Justrite Safety Group (Anywhere)
[2026-07-17 03:00]   Marketplace Manager Walmart Amazon — Remote
[2026-07-17 03:00]     0 results
[2026-07-17 03:00]   Marketplace Manager Walmart Amazon — New York
[2026-07-17 03:00]     5 results
[2026-07-17 03:00]   Ecommerce Operations Manager — Remote
[2026-07-17 03:00]     0 results
[2026-07-17 03:00]   Ecommerce Operations Manager — New York
[2026-07-17 03:01]     10 results
[2026-07-17 03:01]   DTC Brand Manager — Remote
[2026-07-17 03:01]     0 results
[2026-07-17 03:01]   DTC Brand Manager — New York
[2026-07-17 03:01]     0 results
[2026-07-17 03:01]   Amazon Agency Account Manager — Remote
[2026-07-17 03:01]     0 results
[2026-07-17 03:01]   Amazon Agency Account Manager — New York
[2026-07-17 03:01]     10 results
[2026-07-17 03:01]     + Senior Sales Account Manager, Sponsored Ads (Paid Search), Large Customer Sales Advertising @ Amazon (New York, NY) [LinkedIn · Easy Apply]
[2026-07-17 03:01]   Chief of Staff ecommerce — Remote
[2026-07-17 03:01]     0 results
[2026-07-17 03:01]   Chief of Staff ecommerce — New York
[2026-07-17 03:01]     5 results
[2026-07-17 03:01]     + Global SVP eCommerce Solutions @ NielsenIQ (Nueva York, NY, Estados Unidos) [LinkedIn · Easy Apply]
[2026-07-17 03:01]   Chief of Staff startup — Remote
[2026-07-17 03:01]     0 results
[2026-07-17 03:01]   Chief of Staff startup — New York
[2026-07-17 03:01]     2 results
[2026-07-17 03:01]   Chief of Staff DTC — Remote
[2026-07-17 03:01]     0 results
[2026-07-17 03:01]   Chief of Staff DTC — New York
[2026-07-17 03:01]     2 results
[2026-07-17 03:01]   Head of Operations DTC — Remote
[2026-07-17 03:02]     0 results
[2026-07-17 03:02]   Head of Operations DTC — New York
[2026-07-17 03:02]     9 results
[2026-07-17 03:02]   Head of Operations ecommerce — Remote
[2026-07-17 03:02]     0 results
[2026-07-17 03:02]   Head of Operations ecommerce — New York
[2026-07-17 03:02]     10 results
[2026-07-17 03:02]   Director of Operations ecommerce — Remote
[2026-07-17 03:02]     0 results
[2026-07-17 03:02]   Director of Operations ecommerce — New York
[2026-07-17 03:02]     10 results
[2026-07-17 03:02]     + Director of International Ecommerce @ Veronica Beard (Нью-Йорк, NY, Соединенные Штаты) [LinkedIn · Easy Apply]
[2026-07-17 03:02]     + Manager of Ecommerce @ SBH Fashion (Нью-Йорк, NY, Соединенные Штаты) [LinkedIn · Easy Apply]
[2026-07-17 03:02]     + Chief Operations Officer, Marketing, Advertising & eCommerce @ Confidential (Нью-Йорк, NY, Соединенные Штаты)
[2026-07-17 03:02]   EOS Integrator — Remote
[2026-07-17 03:02]     0 results
[2026-07-17 03:02]   EOS Integrator — New York
[2026-07-17 03:02]     4 results
[2026-07-17 03:02]   Fractional COO — Remote
[2026-07-17 03:02]     0 results
[2026-07-17 03:02]   Fractional COO — New York
[2026-07-17 03:02]     0 results
[2026-07-17 03:02]   VP Operations DTC — Remote
[2026-07-17 03:02]     0 results
[2026-07-17 03:02]   VP Operations DTC — New York
[2026-07-17 03:02]     10 results
[2026-07-17 03:02]   Business Operations Lead startup — Remote
[2026-07-17 03:03]     0 results
[2026-07-17 03:03]   Business Operations Lead startup — New York
[2026-07-17 03:03]     7 results
[2026-07-17 03:03]   Amazon Account Manager agency client portfolio — Remote
[2026-07-17 03:03]     0 results
[2026-07-17 03:03]   Amazon Account Manager agency client portfolio — New York
[2026-07-17 03:03]     0 results
[2026-07-17 03:03]   Amazon Brand Manager Seller Central agency — Remote
[2026-07-17 03:03]     0 results
[2026-07-17 03:03]   Amazon Brand Manager Seller Central agency — New York
[2026-07-17 03:03]     2 results
[2026-07-17 03:03]   Marketplace Account Manager consumer brands — Remote
[2026-07-17 03:03]     0 results
[2026-07-17 03:03]   Marketplace Account Manager consumer brands — New York
[2026-07-17 03:03]     0 results
[2026-07-17 03:03]   Ecommerce Account Manager client facing Amazon — Remote
[2026-07-17 03:03]     0 results
[2026-07-17 03:03]   Ecommerce Account Manager client facing Amazon — New York
[2026-07-17 03:03]     2 results
[2026-07-17 03:03]   Amazon Account Director agency — Remote
[2026-07-17 03:04]     0 results
[2026-07-17 03:04]   Amazon Account Director agency — New York
[2026-07-17 03:04]     10 results
[2026-07-17 03:04]   Senior Account Manager Amazon marketplace agency — Remote
[2026-07-17 03:04]     0 results
[2026-07-17 03:04]   Senior Account Manager Amazon marketplace agency — New York
[2026-07-17 03:04]     0 results
[2026-07-17 03:04]   Brand Strategy Manager Amazon ecommerce — Remote
[2026-07-17 03:04]     0 results
[2026-07-17 03:04]   Brand Strategy Manager Amazon ecommerce — New York
[2026-07-17 03:04]     10 results
[2026-07-17 03:04]   Client Success Manager Amazon agency — Remote
[2026-07-17 03:04]     0 results
[2026-07-17 03:04]   Client Success Manager Amazon agency — New York
[2026-07-17 03:04]     7 results
[2026-07-17 03:04]   Wrote 118 jobs to data/jobs.json (10 new)
[2026-07-17 03:04] ── DEPLOYING via GitLab ──────────────────
[2026-07-17 03:04]   Pushed to GitLab
[2026-07-17 03:04]   Deployed to Vercel
[2026-07-17 03:04] Done.

Scraper exit code: 0
--- Committing and pushing ---
[main 1ed5294] Nightly auto-sync 2026-07-17
 Committer: OpenClaw <openclaw@Sovereigns-Mac-mini.local>
Your name and email address were configured automatically based
on your username and hostname. Please check that they are accurate.
You can suppress this message by setting them explicitly. Run the
following command and follow the instructions in your editor to edit
your configuration file:

    git config --global --edit

After doing this, you may fix the identity used for this commit with:

    git commit --amend --reset-author

 2 files changed, 152 insertions(+)
failed to store: -61
To https://gitlab.com/client-os/client-os.git
   d72b6a3..1ed5294  main -> main
To https://github.com/angieraja23/client-os.git
   03e278d..1ed5294  main -> main
Vercel CLI 54.10.2 (Node.js 25.8.0)
Retrieving project…
Deploying angieraja23-9144s-projects/client-acquisition-os
Uploading [--------------------] (0.0B/678KB)
Uploading [=====---------------] (176.0KB/678KB)
Uploading [==========----------] (352.0KB/678KB)
Uploading [===============-----] (512.0KB/678KB)
Uploading [====================] (678.0KB/678KB)
  Inspect     https://vercel.com/angieraja23-9144s-projects/client-acquisition-os/B6BDfX7V9HtqnaXDyE2PGeYiSzSD
▲ Production  https://client-acquisition-6m0nspq6i-angieraja23-9144s-projects.vercel.app
https://client-acquisition-6m0nspq6i-angieraja23-9144s-projects.vercel.appBuilding…
Building…
Running build in Washington, D.C., USA (East) – iad1
Build machine configuration: 2 cores, 8 GB
Retrieving list of deployment files...
Previous build caches not available.
Downloading 179 deployment files...
Running "vercel build"
Vercel CLI 56.2.0
Build Completed in /vercel/output [203ms]
Deploying outputs...
[2K[1A[2K[G▲ Production  https://client-acquisition-6m0nspq6i-angieraja23-9144s-projects.vercel.app
Completing…
▲ Aliased     https://clientos.angieraja.com

✓ Ready in 18s
=== Deployed: Fri Jul 17 03:05:07 EDT 2026 ===
--- Running tailor ---
=== Tailor started: Fri Jul 17 03:05:07 EDT 2026 ===
Track: ops
SKIP (already tailored): Chief of Staff at Cascade at Jack & Jill
Track: ops
SKIP (already tailored): Chief of Staff to the GM of Housing at Flex
Track: ops
SKIP (already tailored): Executive Assistant to the Chief of Staff at DEPARTMENT OF CORRECTION
Track: amazon
SKIP (already tailored): Associate Manager, Commerce Platform Logistics - Strategy and Operations at DoorDash
Track: amazon
SKIP (already tailored): Sr. Resourcing Operations Manager at MKG Productions, LLC
Track: ops
SKIP (already tailored): Logistics Operations Project Manager at Fluidstack
Track: ops
SKIP (already tailored): Manager, Enrollment Fulfillment Operations at New York Life
Track: amazon
SKIP (already tailored): Ecommerce Manager at Zachys Wine & Liquor
Track: amazon
SKIP (already tailored): Amazon Brand Manager at Cartograph
Track: amazon
SKIP (already tailored): Director of Ecommerce at SBH Fashion
Track: amazon
SKIP (already tailored): Ecommerce Marketplace Manager at Universal Perfumes & Cosmetics
Track: amazon
SKIP (already tailored): Client Account Manager, Digital Accounts at Amsive
Track: ops
SKIP (already tailored): DTC Performance & Growth Marketing Manager at Blueair North America
Track: amazon
SKIP (already tailored): AWS Sr. Enterprise Account Manager, Automotive & Manufacturing at Amazon Web Services (AWS)
Track: amazon
SKIP (already tailored): Senior Amazon Brand Manager at GNO Partners
Track: amazon
SKIP (already tailored): Campaign & Creative Manager, Campaign & Creative Management, Amazon at Amazon
Track: amazon
SKIP (already tailored): Sr. Marketing Manager, Engagement, WW Amazon Flex, Amazon Flex at Amazon
Track: amazon
SKIP (already tailored): Director, Amazon at Nécessaire, Inc.
Track: amazon
SKIP (already tailored): Amazon & Marketplace Account Growth Manager at The PCA Group
Track: amazon
SKIP (already tailored): Remote Amazon Marketplace Manager at Foxelli Group Remote at Foxelli Group
Track: amazon
SKIP (already tailored): E-commerce Growth Manager at BURDLIFE
Track: amazon
SKIP (already tailored): Marketplace Manager at PetsWorld Inc
Track: amazon
SKIP (already tailored): TikTok Shop Account Manager at KAMP Agency
Track: amazon
SKIP (already tailored): Sales Account Manager, US LCS, Consumer Electronics at Amazon
Track: amazon
SKIP (already tailored): Director of Operations — Digital & Ecommerce at Maxima Apparel
Track: amazon
SKIP (already tailored): Senior Manager, Ecommerce at SBH Fashion
Track: amazon
SKIP (already tailored): Sales Account Manager, LCS Acquisitions at Amazon
Track: ops
SKIP (already tailored): Chief of Staff - AI-native startup is rewiring a trillion-dollar consumer industry at Big Wave Digital
Track: ops
SKIP (already tailored): COO/EOS Integrator at CBIZ Talent Solutions
Track: ops
SKIP (already tailored): Office Operations at Series B AI Startup at Bloom Talent
Track: ops
SKIP (already tailored): Office & Operations Lead — Startup NYC (Equity) at The Talent Post
Track: ops
SKIP (already tailored): Jr. Amazon Account Coordinator at Tiide Commerce
Track: ops
SKIP (already tailored): Amazon Account Coordinator - Affiliate Marketing Agency at Ikon Digital Media
Track: ops
SKIP (already tailored): Manager, Amazon - Origins at DECIEM | THE ABNORMAL BEAUTY COMPANY
Track: amazon
SKIP (already tailored): Website for Amazon Account Management at Upwork
Track: amazon
SKIP (already tailored): Sr Product Marketing Manager, WW New Customer Registration, Amazon Business at Amazon
Track: amazon
SKIP (already tailored): Amazon Marketplace Specialist at Master Wholesale International, Inc.
Track: amazon
SKIP (already tailored): Senior Brand Manager, eCommerce Agency at Jobot
Track: amazon
SKIP (already tailored): Category Manager Intern (TikTok Shop - Operations) - 2026 Summer (MBA) at TikTok
Track: amazon
SKIP (already tailored): Ecommerce Optimization Manager at Clean Simple Eats, LLC.
Track: amazon
SKIP (already tailored): National Account Manager - Amazon at Scholastic
Track: amazon
SKIP (already tailored): Sales Account Manager, US LCS, Consumer Electronics at Amazon Advertising LLC
Track: ops
SKIP (already tailored): Director of Business Operations, SaaS | AI | eCommerce at Get Plus - The Autonomous Commerce OS
Track: amazon
SKIP (already tailored): AWS Account Manager, FSI at Amazon Web Services (AWS)
Track: amazon
SKIP (already tailored): Sr. Account Manager-RRT, Startups at Amazon Web Services (AWS)
Track: ops
SKIP (already tailored): Amazon Specialist at My Amazon Guy
Track: amazon
SKIP (already tailored): Strategic Account Manager, Amazon Publisher Services at Amazon
Track: amazon
SKIP (already tailored): Account Manager I, Amazon Global Logistics at Amazon Global Logistics
Track: amazon
SKIP (already tailored): VP, Ecommerce at Grüns
Track: amazon
SKIP (already tailored): Senior Director of Ecommerce & Growth at CleanBoss Inc.
Track: amazon
SKIP (already tailored): National Account Manager, Beauty (Direct eCommerce) at Dyson Direct Inc
Track: amazon
SKIP (already tailored): Sales Account Manager, Fashion Advertising Account Management, Fashion Advertising Account Management at Amazon
Track: amazon
SKIP (already tailored): Sales Account Manager, US LCS at Amazon
Track: amazon
SKIP (already tailored): Sr. Account Manager-RRT, Startups at Amazon Web Services, Inc.
Track: ops
SKIP (already tailored): Executive Assistant to Founder & Operations at Early-stage, Mission-driven Startup at Bloom Talent
Track: ops
SKIP (already tailored): Sr.  Amazon Ads Account Manager at Freshdesk
Track: amazon
SKIP (already tailored): Account Manager I, Hub Delivery at Amazon
Track: amazon
SKIP (already tailored): Sales Account Manager, Fashion, Sales, Advertising, & Account Management at Amazon
Track: amazon
SKIP (already tailored): National Account Manager, Amazon at ACCO Brands
Track: amazon
SKIP (already tailored): Sr. Product Marketing Manager , Amazon Live Creator Partnerships at Amazon
Track: amazon
SKIP (already tailored): Senior Amazon Brand Growth Lead Remote at Ballard House
Track: amazon
SKIP (already tailored): Ecommerce Assistant Manager (Amazon Focus) at Kiss Beauty Group
Track: amazon
SKIP (already tailored): Ecommerce Specialist (Amazon Focus) at Kiss Beauty Group
Track: amazon
SKIP (already tailored): Digital Commerce Specialist- Amazon at Kiss Beauty Group
Track: amazon
SKIP (already tailored): eCommerce Manager Delivery Claims & Incidents at Hermès
Track: amazon
SKIP (already tailored): Ecommerce Assistant Manager at Kiss Beauty Group
Track: amazon
SKIP (already tailored): eCommerce Lead FT @ Guggenheim at Event Network, LLC
Track: amazon
SKIP (already tailored): Director, eCommerce - Stuart Weitzman at Caleres, Inc.
Track: amazon
SKIP (already tailored): Operations Manager, Social Commerce at AMOREPACIFIC
Track: amazon
SKIP (already tailored): Sales Account Manager, Live Sports at Amazon
Track: amazon
SKIP (already tailored): Sales Account Manager, Fashion Advertising Account Management, Fashion Advertising Account Management at Amazon Advertising LLC
Track: amazon
SKIP (already tailored): Principal Account Manager, ISV at Amazon Web Services (AWS)
Track: amazon
SKIP (already tailored): Sales Account Manager (Fashion, Sales, Advertising, & Account Management) at Amazon
Track: ops
SKIP (already tailored): Chief Operations Officer In Residence – Startup Fintech at Scalata.ai
Track: ops
SKIP (already tailored): Fractional CEO for Small Businesses at How to Manage a Small Law Firm II, Incorporated
Track: ops
SKIP (already tailored): Manager, Digital Merchandising, Amazon at Kiss Beauty Group
Track: amazon
SKIP (already tailored): Amazon Account Strategist -  Amazon Seller & Vendor Central required! at VENDO – A PLTFRM Company
Track: amazon
SKIP (already tailored): E-Commerce Operations Manager at TOM FORD FASHION
Track: amazon
SKIP (already tailored): Ecommerce Manager (Beauty) at Solomon Page
Track: amazon
SKIP (already tailored): Manager, Book Sales & eCommerce at AWA Studios
Track: amazon
SKIP (already tailored): Ecommerce Assistant Manager at Ivy Enterprises, Inc.
Track: amazon
SKIP (already tailored): Account Manager, US Govtech Mid-Market at Amazon Web Services (AWS)
Track: ops
SKIP (already tailored): eCommerce Operations Manager at Adecco
Track: amazon
SKIP (already tailored): Account Manager I, Business Development, Amazon Global Logistics at Amazon
Track: amazon
SKIP (already tailored): Remote Amazon Brand Manager | Growth & Strategy Lead at Tiide Commerce
Track: amazon
SKIP (already tailored): Senior Applied Science Manager, Amazon Sponsored Products & Brands at Amazon
Track: amazon
SKIP (already tailored): Amazon Marketplace Manager | Amazon US & AU | PPC, SEO, Seller Central & Growth Any Posted on 2026-07-09 12:19:24 at Amazon Marketplace Manager — Amazon US, Amazon AU & Walmart US
Track: amazon
SKIP (already tailored): Ecommerce Merchandising Manager at Dana-co LLC
Track: amazon
SKIP (already tailored): Ecommerce Assistant Manager at Kiss Products
Track: amazon
SKIP (already tailored): Senior Ecommerce Account Manager, Beauty at The PCA Companies
Track: amazon
SKIP (already tailored): eCommerce Account Manager - Hybrid/Remote at Vtldesign
Track: amazon
SKIP (already tailored): Strategic Ecommerce Account Manager | Growth & Partnerships at scandiweb
Track: amazon
SKIP (already tailored): Senior Manager of Ecommerce Operations at Hadley Designs
Track: amazon
SKIP (already tailored): Sr. Account Manager, ISV, ISV at Amazon Web Services (AWS)
Track: amazon
SKIP (already tailored): AWS Sr. Enterprise Account Manager, FSI-Capital Markets, FSI-Capital Markets at Amazon Web Services (AWS)
Track: ops
SKIP (already tailored): Remote Fractional COO: Scale Operations for Owners at How To MANAGE a Small Law Firm
Track: ops
SKIP (already tailored): Contracts Manager, Buy with Prime & Amazon Multi-Channel Fulfillment at Amazon
Track: amazon
SKIP (already tailored): Global Creative Strategist, Brand Innovation Lab, Amazon Ads Brand Innovation Lab at Amazon
Track: amazon
SKIP (already tailored): Sr. Paid Media Marketing Manager, Amazon Ads, Paid and Social Media Team, Amazon Ads at Amazon
Track: amazon
SKIP (already tailored): Head of Ecommerce at CHARLES & KEITH GROUP
Track: amazon
SKIP (already tailored): Manager, Customer Insights + Analytics (Ecommerce) at Pandora
Track: amazon
SKIP (already tailored): Junior Account Manager, Ecommerce at Tangle Teezer Ltd
Track: amazon
SKIP (already tailored): Junior Ecommerce Account Manager | Hybrid Role at BIC
Track: amazon
SKIP (already tailored): Senior Sales Account Manager, US LCS at Amazon
Track: amazon
SKIP (already tailored): Sr Client Account Manager, Amazon at Pinterest
Track: ops
SKIP (already tailored): Startup Operations Lead at Trekker Auto
Track: ops
SKIP (already tailored): Head of Operations ($150k-$195k + Equity) at well-funded healthtech startup at Jack & Jill
Track: ops
SKIP (already tailored): Amazon Advertising Manager at Cartograph
Track: amazon
Using resume: master_amazon.json

Tailoring resume for: Account Manager, Telecom at Amazon
Extracting keywords via Claude Haiku...
Top ATS keywords: ['Account Management', 'Telecom Industry', 'Sales Growth', 'Client Relationship Management', 'Revenue Management', 'Contract Negotiation']

Match score BEFORE tailoring: 66/100
  Already in resume: ['Account Management', 'Sales Growth', 'Client Relationship Management', 'Revenue Management']
  Missing: ['Telecom Industry', 'Contract Negotiation']

Match score AFTER tailoring: 100/100

Tailored resume saved: /Users/openclaw/job-search-agent/resumes/tailored/amazon_account-manager-telecom.docx
Track: amazon
Using resume: master_amazon.json

Tailoring resume for: Strategic Account Manager, Amazon at Eaton Corporation
Extracting keywords via Claude Haiku...
Top ATS keywords: ['Strategic Account Management', 'Amazon Business', 'Sales Strategy', 'Customer Relationship Management', 'Revenue Growth', 'Key Account Management']

Match score BEFORE tailoring: 100/100
  Already in resume: ['Strategic Account Management', 'Amazon Business', 'Sales Strategy', 'Customer Relationship Management', 'Revenue Growth', 'Key Account Management']
  Missing: []

Match score AFTER tailoring: 100/100

Tailored resume saved: /Users/openclaw/job-search-agent/resumes/tailored/eaton-corporation_strategic-account-manager-amazon.docx
Track: amazon
Using resume: master_amazon.json

Tailoring resume for: Senior IT&S Project Manager at Northwell Careers
Extracting keywords via Claude Haiku...
Top ATS keywords: ['Project Management', 'IT Infrastructure', 'Stakeholder Management', 'Budget Planning', 'Risk Management', 'Agile Methodology']

Match score BEFORE tailoring: 66/100
  Already in resume: ['Project Management', 'Stakeholder Management', 'Budget Planning', 'Risk Management']
  Missing: ['IT Infrastructure', 'Agile Methodology']

Match score AFTER tailoring: 100/100

Tailored resume saved: /Users/openclaw/job-search-agent/resumes/tailored/northwell-careers_senior-it-s-project-manager.docx
Track: amazon
Using resume: master_amazon.json

Tailoring resume for: Account Manager - E-Comm and Design at DADA Goldberg
Extracting keywords via Claude Haiku...
Top ATS keywords: ['Account Management', 'E-Commerce', 'Design', 'Sales', 'Client Relations', 'Digital Marketing']

Match score BEFORE tailoring: 83/100
  Already in resume: ['Account Management', 'E-Commerce', 'Design', 'Client Relations', 'Digital Marketing']
  Missing: ['Sales']

Match score AFTER tailoring: 100/100

Tailored resume saved: /Users/openclaw/job-search-agent/resumes/tailored/dada-goldberg_account-manager-e-comm-and-design.docx
Track: amazon
Using resume: master_amazon.json

Tailoring resume for: Ecommerce Account Manager, Amazon at Justrite Safety Group
Extracting keywords via Claude Haiku...
Top ATS keywords: ['Amazon Seller Central', 'Ecommerce Account Management', 'P&L Management', 'Amazon Advertising', 'Inventory Management', 'Sales Strategy']

Match score BEFORE tailoring: 100/100
  Already in resume: ['Amazon Seller Central', 'Ecommerce Account Management', 'P&L Management', 'Amazon Advertising', 'Inventory Management', 'Sales Strategy']
  Missing: []

Match score AFTER tailoring: 100/100

Tailored resume saved: /Users/openclaw/job-search-agent/resumes/tailored/justrite-safety-group_ecommerce-account-manager-amazon.docx
Track: amazon
Using resume: master_amazon.json

Tailoring resume for: Senior Sales Account Manager, Sponsored Ads (Paid Search), Large Customer Sales Advertising at Amazon
Extracting keywords via Claude Haiku...
Top ATS keywords: ['Paid Search Advertising', 'Account Management', 'Sales Strategy', 'Large Account Sales', 'P&L Management', 'Client Relationship Management']

Match score BEFORE tailoring: 100/100
  Already in resume: ['Paid Search Advertising', 'Account Management', 'Sales Strategy', 'Large Account Sales', 'P&L Management', 'Client Relationship Management']
  Missing: []

Match score AFTER tailoring: 100/100

Tailored resume saved: /Users/openclaw/job-search-agent/resumes/tailored/amazon_senior-sales-account-manager-sponsored-a.docx
Track: ops
Using resume: master_ops.json

Tailoring resume for: Global SVP eCommerce Solutions at NielsenIQ
Extracting keywords via Claude Haiku...
Top ATS keywords: ['eCommerce Strategy', 'P&L Management', 'Cross-Functional Leadership', 'Digital Transformation', 'Channel Management', 'Global Operations']

Match score BEFORE tailoring: 83/100
  Already in resume: ['eCommerce Strategy', 'P&L Management', 'Cross-Functional Leadership', 'Channel Management', 'Global Operations']
  Missing: ['Digital Transformation']

Match score AFTER tailoring: 100/100

Tailored resume saved: /Users/openclaw/job-search-agent/resumes/tailored/nielseniq_global-svp-ecommerce-solutions.docx
Track: ops
Using resume: master_ops.json

Tailoring resume for: Director of International Ecommerce at Veronica Beard
Extracting keywords via Claude Haiku...
Top ATS keywords: ['International Ecommerce Strategy', 'P&L Management', 'Cross-Functional Leadership', 'Digital Marketing', 'Supply Chain Management', 'KPI Tracking']

Match score BEFORE tailoring: 100/100
  Already in resume: ['International Ecommerce Strategy', 'P&L Management', 'Cross-Functional Leadership', 'Digital Marketing', 'Supply Chain Management', 'KPI Tracking']
  Missing: []

Match score AFTER tailoring: 100/100

Tailored resume saved: /Users/openclaw/job-search-agent/resumes/tailored/veronica-beard_director-of-international-ecommerce.docx
Track: ops
Using resume: master_ops.json

Tailoring resume for: Manager of Ecommerce at SBH Fashion
Extracting keywords via Claude Haiku...
Top ATS keywords: ['Ecommerce Management', 'P&L Management', 'Digital Strategy', 'Channel Optimization', 'Team Leadership', 'Sales Growth']

Match score BEFORE tailoring: 100/100
  Already in resume: ['Ecommerce Management', 'P&L Management', 'Digital Strategy', 'Channel Optimization', 'Team Leadership', 'Sales Growth']
  Missing: []

Match score AFTER tailoring: 100/100

Tailored resume saved: /Users/openclaw/job-search-agent/resumes/tailored/sbh-fashion_manager-of-ecommerce.docx
Track: ops
Using resume: master_ops.json

Tailoring resume for: Chief Operations Officer, Marketing, Advertising & eCommerce at Confidential
Extracting keywords via Claude Haiku...
Top ATS keywords: ['Operations Management', 'Marketing Strategy', 'eCommerce', 'P&L Management', 'Cross-Functional Leadership', 'Budget Management']

Match score BEFORE tailoring: 83/100
  Already in resume: ['Operations Management', 'Marketing Strategy', 'P&L Management', 'Cross-Functional Leadership', 'Budget Management']
  Missing: ['eCommerce']

Match score AFTER tailoring: 100/100

Tailored resume saved: /Users/openclaw/job-search-agent/resumes/tailored/confidential_chief-operations-officer-marketing-adver.docx
=== Tailor complete: 118 tailored, 0 failed at Fri Jul 17 03:19:38 EDT 2026 ===
[main bbc15d2] Sync tailored resumes 2026-07-17
 Committer: OpenClaw <openclaw@Sovereigns-Mac-mini.local>
Your name and email address were configured automatically based
on your username and hostname. Please check that they are accurate.
You can suppress this message by setting them explicitly. Run the
following command and follow the instructions in your editor to edit
your configuration file:

    git config --global --edit

After doing this, you may fix the identity used for this commit with:

    git commit --amend --reset-author

 10 files changed, 0 insertions(+), 0 deletions(-)
 create mode 100644 resumes/tailored/amazon_account-manager-telecom.docx
 create mode 100644 resumes/tailored/amazon_senior-sales-account-manager-sponsored-a.docx
 create mode 100644 resumes/tailored/confidential_chief-operations-officer-marketing-adver.docx
 create mode 100644 resumes/tailored/dada-goldberg_account-manager-e-comm-and-design.docx
 create mode 100644 resumes/tailored/eaton-corporation_strategic-account-manager-amazon.docx
 create mode 100644 resumes/tailored/justrite-safety-group_ecommerce-account-manager-amazon.docx
 create mode 100644 resumes/tailored/nielseniq_global-svp-ecommerce-solutions.docx
 create mode 100644 resumes/tailored/northwell-careers_senior-it-s-project-manager.docx
 create mode 100644 resumes/tailored/sbh-fashion_manager-of-ecommerce.docx
 create mode 100644 resumes/tailored/veronica-beard_director-of-international-ecommerce.docx
failed to store: -61
To https://gitlab.com/client-os/client-os.git
   1ed5294..bbc15d2  main -> main
To https://github.com/angieraja23/client-os.git
   1ed5294..bbc15d2  main -> main
Vercel CLI 54.10.2 (Node.js 25.8.0)
Retrieving project…
Deploying angieraja23-9144s-projects/client-acquisition-os
Uploading [--------------------] (0.0B/871.5KB)
Uploading [=====---------------] (222.9KB/871.5KB)
Uploading [==========----------] (445.7KB/871.5KB)
Uploading [===============-----] (653.7KB/871.5KB)
Uploading [====================] (871.5KB/871.5KB)
  Inspect     https://vercel.com/angieraja23-9144s-projects/client-acquisition-os/Bb9UMvppSmPGHgZJWs2sj8td96TN
▲ Production  https://client-acquisition-lxbt0o879-angieraja23-9144s-projects.vercel.app
https://client-acquisition-lxbt0o879-angieraja23-9144s-projects.vercel.appBuilding…
Running build in Washington, D.C., USA (East) – iad1
Build machine configuration: 2 cores, 8 GB
Retrieving list of deployment files...
Previous build caches not available.
Downloading 189 deployment files...
Running "vercel build"
Vercel CLI 56.2.0
[2K[1A[2K[G▲ Production  https://client-acquisition-lxbt0o879-angieraja23-9144s-projects.vercel.app
Completing…
▲ Aliased     https://clientos.angieraja.com

✓ Ready in 8s
=== Resumes synced and deployed ===
=== Digest sent ===
=== Run finished: Fri Jul 17 03:19:53 EDT 2026 ===
=== Run started: Mon Jul 20 03:00:00 EDT 2026 ===
PATH=/opt/homebrew/bin:/opt/homebrew/sbin:/usr/local/bin:/usr/bin:/bin:/usr/sbin:/sbin
GITLAB_TOKEN=SET
GITHUB_TOKEN=SET
ANTHROPIC_API_KEY=SET
--- Running scraper ---
[2026-07-20 03:00] ==================================================
[2026-07-20 03:00] Client Acquisition OS — Weekly Refresh
[2026-07-20 03:00] ── JOBS ─────────────────────────────────
[2026-07-20 03:00]   Amazon Account Manager — Remote
[2026-07-20 03:00]     0 results
[2026-07-20 03:00]   Amazon Account Manager — New York
[2026-07-20 03:00]     10 results
[2026-07-20 03:00]   Amazon Brand Manager — Remote
[2026-07-20 03:00]     0 results
[2026-07-20 03:00]   Amazon Brand Manager — New York
[2026-07-20 03:00]     10 results
[2026-07-20 03:00]   Senior Amazon Brand Manager — Remote
[2026-07-20 03:00]     0 results
[2026-07-20 03:00]   Senior Amazon Brand Manager — New York
[2026-07-20 03:00]     10 results
[2026-07-20 03:00]     + Sr. Marketing Manager, GTM, Amazon Flex, Amazon Flex @ Amazon (New York, NY) [LinkedIn · Easy Apply]
[2026-07-20 03:00]   Amazon Marketplace Manager — Remote
[2026-07-20 03:00]     0 results
[2026-07-20 03:00]   Amazon Marketplace Manager — New York
[2026-07-20 03:00]     10 results
[2026-07-20 03:00]     + Director, Marketplace NAM @ Pandora (New York, NY) [LinkedIn · Easy Apply]
[2026-07-20 03:00]   Ecommerce Brand Manager — Remote
[2026-07-20 03:00]     0 results
[2026-07-20 03:00]   Ecommerce Brand Manager — New York
[2026-07-20 03:00]     10 results
[2026-07-20 03:00]     + Senior eCommerce Analyst - Tommy Hilfiger @ PVH (New York, NY) [LinkedIn · Easy Apply]
[2026-07-20 03:00]   Ecommerce Account Manager — Remote
[2026-07-20 03:00]     0 results
[2026-07-20 03:00]   Ecommerce Account Manager — New York
[2026-07-20 03:00]     10 results
[2026-07-20 03:00]   Marketplace Manager Walmart Amazon — Remote
[2026-07-20 03:00]     0 results
[2026-07-20 03:00]   Marketplace Manager Walmart Amazon — New York
[2026-07-20 03:01]     9 results
[2026-07-20 03:01]     + E-Commerce Marketplace Specialist @ JW Mobile (Brooklyn, NY)
[2026-07-20 03:01]   Ecommerce Operations Manager — Remote
[2026-07-20 03:01]     0 results
[2026-07-20 03:01]   Ecommerce Operations Manager — New York
[2026-07-20 03:01]     10 results
[2026-07-20 03:01]     + LatAm Ecommerce Operations Manager Contract @ Rad-Hires (Kota New York, NY, Amerika Serikat)
[2026-07-20 03:01]   DTC Brand Manager — Remote
[2026-07-20 03:01]     0 results
[2026-07-20 03:01]   DTC Brand Manager — New York
[2026-07-20 03:01]     0 results
[2026-07-20 03:01]   Amazon Agency Account Manager — Remote
[2026-07-20 03:01]     0 results
[2026-07-20 03:01]   Amazon Agency Account Manager — New York
[2026-07-20 03:01]     10 results
[2026-07-20 03:01]     + Senior Sales Account Manager, Sponsored Ads (Paid Search), Large Customer Sales Advertising @ Amazon Advertising LLC (New York, NY) [LinkedIn · Easy Apply]
[2026-07-20 03:01]     + TAM Manager, Video Advertising, Amazon Prime Video Ads @ Amazon (New York, NY) [LinkedIn · Easy Apply]
[2026-07-20 03:01]   Chief of Staff ecommerce — Remote
[2026-07-20 03:01]     0 results
[2026-07-20 03:01]   Chief of Staff ecommerce — New York
[2026-07-20 03:01]     1 results
[2026-07-20 03:01]   Chief of Staff startup — Remote
[2026-07-20 03:01]     0 results
[2026-07-20 03:01]   Chief of Staff startup — New York
[2026-07-20 03:01]     1 results
[2026-07-20 03:01]   Chief of Staff DTC — Remote
[2026-07-20 03:01]     0 results
[2026-07-20 03:01]   Chief of Staff DTC — New York
[2026-07-20 03:01]     0 results
[2026-07-20 03:01]   Head of Operations DTC — Remote
[2026-07-20 03:02]     0 results
[2026-07-20 03:02]   Head of Operations DTC — New York
[2026-07-20 03:02]     10 results
[2026-07-20 03:02]   Head of Operations ecommerce — Remote
[2026-07-20 03:02]     0 results
[2026-07-20 03:02]   Head of Operations ecommerce — New York
[2026-07-20 03:02]     10 results
[2026-07-20 03:02]   Director of Operations ecommerce — Remote
[2026-07-20 03:02]     0 results
[2026-07-20 03:02]   Director of Operations ecommerce — New York
[2026-07-20 03:02]     10 results
[2026-07-20 03:02]   EOS Integrator — Remote
[2026-07-20 03:02]     0 results
[2026-07-20 03:02]   EOS Integrator — New York
[2026-07-20 03:02]     10 results
[2026-07-20 03:02]   Fractional COO — Remote
[2026-07-20 03:02]     0 results
[2026-07-20 03:02]   Fractional COO — New York
[2026-07-20 03:02]     10 results
[2026-07-20 03:02]     + Head of Operations / VP of Operations @ Go Fractional (New York, NY) [LinkedIn · Easy Apply]
[2026-07-20 03:02]   VP Operations DTC — Remote
[2026-07-20 03:02]     0 results
[2026-07-20 03:02]   VP Operations DTC — New York
[2026-07-20 03:02]     10 results
[2026-07-20 03:02]   Business Operations Lead startup — Remote
[2026-07-20 03:02]     0 results
[2026-07-20 03:02]   Business Operations Lead startup — New York
[2026-07-20 03:03]     9 results
[2026-07-20 03:03]     + Business Operations Lead @ Castle (Бруклин, NY, Соединенные Штаты)
[2026-07-20 03:03]     + People Operations Lead — Startup HR Leader (Hybrid) @ Clarity Recruiting (Нью-Йорк, NY, Соединенные Штаты)
[2026-07-20 03:03]   Amazon Account Manager agency client portfolio — Remote
[2026-07-20 03:03]     0 results
[2026-07-20 03:03]   Amazon Account Manager agency client portfolio — New York
[2026-07-20 03:03]     0 results
[2026-07-20 03:03]   Amazon Brand Manager Seller Central agency — Remote
[2026-07-20 03:03]     0 results
[2026-07-20 03:03]   Amazon Brand Manager Seller Central agency — New York
[2026-07-20 03:03]     4 results
[2026-07-20 03:03]   Marketplace Account Manager consumer brands — Remote
[2026-07-20 03:03]     0 results
[2026-07-20 03:03]   Marketplace Account Manager consumer brands — New York
[2026-07-20 03:03]     0 results
[2026-07-20 03:03]   Ecommerce Account Manager client facing Amazon — Remote
[2026-07-20 03:03]     0 results
[2026-07-20 03:03]   Ecommerce Account Manager client facing Amazon — New York
[2026-07-20 03:03]     2 results
[2026-07-20 03:03]   Amazon Account Director agency — Remote
[2026-07-20 03:03]     0 results
[2026-07-20 03:03]   Amazon Account Director agency — New York
[2026-07-20 03:03]     10 results
[2026-07-20 03:03]     + Account Executive - Public Sector, Enterprise - New York, Amazon Web Services @ Amazon Web Services (AWS) (New York, NY) [LinkedIn · Easy Apply]
[2026-07-20 03:03]   Senior Account Manager Amazon marketplace agency — Remote
[2026-07-20 03:03]     0 results
[2026-07-20 03:03]   Senior Account Manager Amazon marketplace agency — New York
[2026-07-20 03:03]     1 results
[2026-07-20 03:03]   Brand Strategy Manager Amazon ecommerce — Remote
[2026-07-20 03:03]     0 results
[2026-07-20 03:03]   Brand Strategy Manager Amazon ecommerce — New York
[2026-07-20 03:03]     10 results
[2026-07-20 03:03]   Client Success Manager Amazon agency — Remote
[2026-07-20 03:03]     0 results
[2026-07-20 03:03]   Client Success Manager Amazon agency — New York
[2026-07-20 03:03]     5 results
[2026-07-20 03:03]   Wrote 129 jobs to data/jobs.json (11 new)
[2026-07-20 03:03] ── CONTACTS ─────────────────────────────
[2026-07-20 03:03]   site:linkedin.com/in "amazon agency" "founder" operatio...
[2026-07-20 03:03]   site:linkedin.com/in "amazon agency" "co-founder"...
[2026-07-20 03:04]   site:linkedin.com/in "amazon agency" founder CEO...
[2026-07-20 03:04]   site:linkedin.com/in "ecommerce agency" founder operati...
[2026-07-20 03:04]     + Mike Hoagland — Founder @ Dapper Moose @ 
[2026-07-20 03:04]     + Contact — Co-Founder @ SpectrumBPO.com agency
[2026-07-20 03:04]   site:linkedin.com/in "FBA agency" founder...
[2026-07-20 03:04]   site:linkedin.com/in "amazon seller" founder COO...
[2026-07-20 03:04]   site:linkedin.com/in "amazon brand" founder operations...
[2026-07-20 03:04]     + Josh Shaw — Co-Founder & Amazon Brand Specialist ... @ 
[2026-07-20 03:04]   site:linkedin.com/in "amazon marketing agency" founder...
[2026-07-20 03:04]   site:linkedin.com/in "ecommerce operations" founder CEO...
[main db078fa] Weekly refresh 2026-07-20
 Committer: OpenClaw <openclaw@Sovereigns-Mac-mini.local>
Your name and email address were configured automatically based
on your username and hostname. Please check that they are accurate.
You can suppress this message by setting them explicitly. Run the
following command and follow the instructions in your editor to edit
your configuration file:

    git config --global --edit

After doing this, you may fix the identity used for this commit with:

    git commit --amend --reset-author

 6 files changed, 1014 insertions(+), 2 deletions(-)
[2026-07-20 03:04]     + Joseph Anderson — Founder & CEO @ Connex
[2026-07-20 03:04]     + Contact — Co-Founder & CEO @ Progressoedge @ 
[2026-07-20 03:04]     + Jon Jessup — Founder & CEO @ 1440.io. We help brands ...
[2026-07-20 03:04]   site:linkedin.com/in "amazon consulting" founder OR co-...
[2026-07-20 03:04]     + Fahad Rabbani — Founder & Amazon Seller Consultant @ 
[2026-07-20 03:04]   Added 7 contacts (total 115)
[2026-07-20 03:04] ── DEPLOYING via GitLab ──────────────────
[2026-07-20 03:04]   Pushed to GitLab
[2026-07-20 03:04]   Deployed to Vercel
[2026-07-20 03:04] Done.

Scraper exit code: 0
--- Committing and pushing ---
[main 4af5dbc] Nightly auto-sync 2026-07-20
 Committer: OpenClaw <openclaw@Sovereigns-Mac-mini.local>
Your name and email address were configured automatically based
on your username and hostname. Please check that they are accurate.
You can suppress this message by setting them explicitly. Run the
following command and follow the instructions in your editor to edit
your configuration file:

    git config --global --edit

After doing this, you may fix the identity used for this commit with:

    git commit --amend --reset-author

 2 files changed, 32 insertions(+)
failed to store: -61
To https://gitlab.com/client-os/client-os.git
   db078fa..4af5dbc  main -> main
To https://github.com/angieraja23/client-os.git
   bbc15d2..4af5dbc  main -> main
Vercel CLI 54.10.2 (Node.js 25.8.0)
Retrieving project…
Deploying angieraja23-9144s-projects/client-acquisition-os
Uploading [--------------------] (0.0B/718.2KB)
Uploading [=====---------------] (192.0KB/718.2KB)
Uploading [==========----------] (368.0KB/718.2KB)
Uploading [===============-----] (553.1KB/718.2KB)
Uploading [====================] (718.2KB/718.2KB)
  Inspect     https://vercel.com/angieraja23-9144s-projects/client-acquisition-os/2oD73HCbFJKsHUKBrc9EeC6k6rcD
▲ Production  https://client-acquisition-96baz28ng-angieraja23-9144s-projects.vercel.app
https://client-acquisition-96baz28ng-angieraja23-9144s-projects.vercel.appBuilding…
Building…
Running build in Washington, D.C., USA (East) – iad1
Build machine configuration: 2 cores, 8 GB
Retrieving list of deployment files...
Previous build caches not available.
Downloading 189 deployment files...
Running "vercel build"
Vercel CLI 56.2.0
[2K[1A[2K[G▲ Production  https://client-acquisition-96baz28ng-angieraja23-9144s-projects.vercel.app
Completing…
▲ Aliased     https://clientos.angieraja.com

✓ Ready in 7s
=== Deployed: Mon Jul 20 03:05:10 EDT 2026 ===
--- Running tailor ---
=== Tailor started: Mon Jul 20 03:05:10 EDT 2026 ===
Track: ops
SKIP (already tailored): Chief of Staff at Cascade at Jack & Jill
Track: ops
SKIP (already tailored): Chief of Staff to the GM of Housing at Flex
Track: ops
SKIP (already tailored): Executive Assistant to the Chief of Staff at DEPARTMENT OF CORRECTION
Track: amazon
SKIP (already tailored): Associate Manager, Commerce Platform Logistics - Strategy and Operations at DoorDash
Track: amazon
SKIP (already tailored): Sr. Resourcing Operations Manager at MKG Productions, LLC
Track: ops
SKIP (already tailored): Logistics Operations Project Manager at Fluidstack
Track: ops
SKIP (already tailored): Manager, Enrollment Fulfillment Operations at New York Life
Track: amazon
SKIP (already tailored): Ecommerce Manager at Zachys Wine & Liquor
Track: amazon
SKIP (already tailored): Amazon Brand Manager at Cartograph
Track: amazon
SKIP (already tailored): Director of Ecommerce at SBH Fashion
Track: amazon
SKIP (already tailored): Ecommerce Marketplace Manager at Universal Perfumes & Cosmetics
Track: amazon
SKIP (already tailored): Client Account Manager, Digital Accounts at Amsive
Track: ops
SKIP (already tailored): DTC Performance & Growth Marketing Manager at Blueair North America
Track: amazon
SKIP (already tailored): AWS Sr. Enterprise Account Manager, Automotive & Manufacturing at Amazon Web Services (AWS)
Track: amazon
SKIP (already tailored): Senior Amazon Brand Manager at GNO Partners
Track: amazon
SKIP (already tailored): Campaign & Creative Manager, Campaign & Creative Management, Amazon at Amazon
Track: amazon
SKIP (already tailored): Sr. Marketing Manager, Engagement, WW Amazon Flex, Amazon Flex at Amazon
Track: amazon
SKIP (already tailored): Director, Amazon at Nécessaire, Inc.
Track: amazon
SKIP (already tailored): Amazon & Marketplace Account Growth Manager at The PCA Group
Track: amazon
SKIP (already tailored): Remote Amazon Marketplace Manager at Foxelli Group Remote at Foxelli Group
Track: amazon
SKIP (already tailored): E-commerce Growth Manager at BURDLIFE
Track: amazon
SKIP (already tailored): Marketplace Manager at PetsWorld Inc
Track: amazon
SKIP (already tailored): TikTok Shop Account Manager at KAMP Agency
Track: amazon
SKIP (already tailored): Sales Account Manager, US LCS, Consumer Electronics at Amazon
Track: amazon
SKIP (already tailored): Director of Operations — Digital & Ecommerce at Maxima Apparel
Track: amazon
SKIP (already tailored): Senior Manager, Ecommerce at SBH Fashion
Track: amazon
SKIP (already tailored): Sales Account Manager, LCS Acquisitions at Amazon
Track: ops
SKIP (already tailored): Chief of Staff - AI-native startup is rewiring a trillion-dollar consumer industry at Big Wave Digital
Track: ops
SKIP (already tailored): COO/EOS Integrator at CBIZ Talent Solutions
Track: ops
SKIP (already tailored): Office Operations at Series B AI Startup at Bloom Talent
Track: ops
SKIP (already tailored): Office & Operations Lead — Startup NYC (Equity) at The Talent Post
Track: ops
SKIP (already tailored): Jr. Amazon Account Coordinator at Tiide Commerce
Track: ops
SKIP (already tailored): Amazon Account Coordinator - Affiliate Marketing Agency at Ikon Digital Media
Track: ops
SKIP (already tailored): Manager, Amazon - Origins at DECIEM | THE ABNORMAL BEAUTY COMPANY
Track: amazon
SKIP (already tailored): Website for Amazon Account Management at Upwork
Track: amazon
SKIP (already tailored): Sr Product Marketing Manager, WW New Customer Registration, Amazon Business at Amazon
Track: amazon
SKIP (already tailored): Amazon Marketplace Specialist at Master Wholesale International, Inc.
Track: amazon
SKIP (already tailored): Senior Brand Manager, eCommerce Agency at Jobot
Track: amazon
SKIP (already tailored): Category Manager Intern (TikTok Shop - Operations) - 2026 Summer (MBA) at TikTok
Track: amazon
SKIP (already tailored): Ecommerce Optimization Manager at Clean Simple Eats, LLC.
Track: amazon
SKIP (already tailored): National Account Manager - Amazon at Scholastic
Track: amazon
SKIP (already tailored): Sales Account Manager, US LCS, Consumer Electronics at Amazon Advertising LLC
Track: ops
SKIP (already tailored): Director of Business Operations, SaaS | AI | eCommerce at Get Plus - The Autonomous Commerce OS
Track: amazon
SKIP (already tailored): AWS Account Manager, FSI at Amazon Web Services (AWS)
Track: amazon
SKIP (already tailored): Sr. Account Manager-RRT, Startups at Amazon Web Services (AWS)
Track: ops
SKIP (already tailored): Amazon Specialist at My Amazon Guy
Track: amazon
SKIP (already tailored): Strategic Account Manager, Amazon Publisher Services at Amazon
Track: amazon
SKIP (already tailored): Account Manager I, Amazon Global Logistics at Amazon Global Logistics
Track: amazon
SKIP (already tailored): VP, Ecommerce at Grüns
Track: amazon
SKIP (already tailored): Senior Director of Ecommerce & Growth at CleanBoss Inc.
Track: amazon
SKIP (already tailored): National Account Manager, Beauty (Direct eCommerce) at Dyson Direct Inc
Track: amazon
SKIP (already tailored): Sales Account Manager, Fashion Advertising Account Management, Fashion Advertising Account Management at Amazon
Track: amazon
SKIP (already tailored): Sales Account Manager, US LCS at Amazon
Track: amazon
SKIP (already tailored): Sr. Account Manager-RRT, Startups at Amazon Web Services, Inc.
Track: ops
SKIP (already tailored): Executive Assistant to Founder & Operations at Early-stage, Mission-driven Startup at Bloom Talent
Track: ops
SKIP (already tailored): Sr.  Amazon Ads Account Manager at Freshdesk
Track: amazon
SKIP (already tailored): Account Manager I, Hub Delivery at Amazon
Track: amazon
SKIP (already tailored): Sales Account Manager, Fashion, Sales, Advertising, & Account Management at Amazon
Track: amazon
SKIP (already tailored): National Account Manager, Amazon at ACCO Brands
Track: amazon
SKIP (already tailored): Sr. Product Marketing Manager , Amazon Live Creator Partnerships at Amazon
Track: amazon
SKIP (already tailored): Senior Amazon Brand Growth Lead Remote at Ballard House
Track: amazon
SKIP (already tailored): Ecommerce Assistant Manager (Amazon Focus) at Kiss Beauty Group
Track: amazon
SKIP (already tailored): Ecommerce Specialist (Amazon Focus) at Kiss Beauty Group
Track: amazon
SKIP (already tailored): Digital Commerce Specialist- Amazon at Kiss Beauty Group
Track: amazon
SKIP (already tailored): eCommerce Manager Delivery Claims & Incidents at Hermès
Track: amazon
SKIP (already tailored): Ecommerce Assistant Manager at Kiss Beauty Group
Track: amazon
SKIP (already tailored): eCommerce Lead FT @ Guggenheim at Event Network, LLC
Track: amazon
SKIP (already tailored): Director, eCommerce - Stuart Weitzman at Caleres, Inc.
Track: amazon
SKIP (already tailored): Operations Manager, Social Commerce at AMOREPACIFIC
Track: amazon
SKIP (already tailored): Sales Account Manager, Live Sports at Amazon
Track: amazon
SKIP (already tailored): Sales Account Manager, Fashion Advertising Account Management, Fashion Advertising Account Management at Amazon Advertising LLC
Track: amazon
SKIP (already tailored): Principal Account Manager, ISV at Amazon Web Services (AWS)
Track: amazon
SKIP (already tailored): Sales Account Manager (Fashion, Sales, Advertising, & Account Management) at Amazon
Track: ops
SKIP (already tailored): Chief Operations Officer In Residence – Startup Fintech at Scalata.ai
Track: ops
SKIP (already tailored): Fractional CEO for Small Businesses at How to Manage a Small Law Firm II, Incorporated
Track: ops
SKIP (already tailored): Manager, Digital Merchandising, Amazon at Kiss Beauty Group
Track: amazon
SKIP (already tailored): Amazon Account Strategist -  Amazon Seller & Vendor Central required! at VENDO – A PLTFRM Company
Track: amazon
SKIP (already tailored): E-Commerce Operations Manager at TOM FORD FASHION
Track: amazon
SKIP (already tailored): Ecommerce Manager (Beauty) at Solomon Page
Track: amazon
SKIP (already tailored): Manager, Book Sales & eCommerce at AWA Studios
Track: amazon
SKIP (already tailored): Ecommerce Assistant Manager at Ivy Enterprises, Inc.
Track: amazon
SKIP (already tailored): Account Manager, US Govtech Mid-Market at Amazon Web Services (AWS)
Track: ops
SKIP (already tailored): eCommerce Operations Manager at Adecco
Track: amazon
SKIP (already tailored): Account Manager I, Business Development, Amazon Global Logistics at Amazon
Track: amazon
SKIP (already tailored): Remote Amazon Brand Manager | Growth & Strategy Lead at Tiide Commerce
Track: amazon
SKIP (already tailored): Senior Applied Science Manager, Amazon Sponsored Products & Brands at Amazon
Track: amazon
SKIP (already tailored): Amazon Marketplace Manager | Amazon US & AU | PPC, SEO, Seller Central & Growth Any Posted on 2026-07-09 12:19:24 at Amazon Marketplace Manager — Amazon US, Amazon AU & Walmart US
Track: amazon
SKIP (already tailored): Ecommerce Merchandising Manager at Dana-co LLC
Track: amazon
SKIP (already tailored): Ecommerce Assistant Manager at Kiss Products
Track: amazon
SKIP (already tailored): Senior Ecommerce Account Manager, Beauty at The PCA Companies
Track: amazon
SKIP (already tailored): eCommerce Account Manager - Hybrid/Remote at Vtldesign
Track: amazon
SKIP (already tailored): Strategic Ecommerce Account Manager | Growth & Partnerships at scandiweb
Track: amazon
SKIP (already tailored): Senior Manager of Ecommerce Operations at Hadley Designs
Track: amazon
SKIP (already tailored): Sr. Account Manager, ISV, ISV at Amazon Web Services (AWS)
Track: amazon
SKIP (already tailored): AWS Sr. Enterprise Account Manager, FSI-Capital Markets, FSI-Capital Markets at Amazon Web Services (AWS)
Track: ops
SKIP (already tailored): Remote Fractional COO: Scale Operations for Owners at How To MANAGE a Small Law Firm
Track: ops
SKIP (already tailored): Contracts Manager, Buy with Prime & Amazon Multi-Channel Fulfillment at Amazon
Track: amazon
SKIP (already tailored): Global Creative Strategist, Brand Innovation Lab, Amazon Ads Brand Innovation Lab at Amazon
Track: amazon
SKIP (already tailored): Sr. Paid Media Marketing Manager, Amazon Ads, Paid and Social Media Team, Amazon Ads at Amazon
Track: amazon
SKIP (already tailored): Head of Ecommerce at CHARLES & KEITH GROUP
Track: amazon
SKIP (already tailored): Manager, Customer Insights + Analytics (Ecommerce) at Pandora
Track: amazon
SKIP (already tailored): Junior Account Manager, Ecommerce at Tangle Teezer Ltd
Track: amazon
SKIP (already tailored): Junior Ecommerce Account Manager | Hybrid Role at BIC
Track: amazon
SKIP (already tailored): Senior Sales Account Manager, US LCS at Amazon
Track: amazon
SKIP (already tailored): Sr Client Account Manager, Amazon at Pinterest
Track: ops
SKIP (already tailored): Startup Operations Lead at Trekker Auto
Track: ops
SKIP (already tailored): Head of Operations ($150k-$195k + Equity) at well-funded healthtech startup at Jack & Jill
Track: ops
SKIP (already tailored): Amazon Advertising Manager at Cartograph
Track: amazon
SKIP (already tailored): Account Manager, Telecom at Amazon
Track: amazon
SKIP (already tailored): Strategic Account Manager, Amazon at Eaton Corporation
Track: amazon
SKIP (already tailored): Senior IT&S Project Manager at Northwell Careers
Track: amazon
SKIP (already tailored): Account Manager - E-Comm and Design at DADA Goldberg
Track: amazon
SKIP (already tailored): Ecommerce Account Manager, Amazon at Justrite Safety Group
Track: amazon
SKIP (already tailored): Senior Sales Account Manager, Sponsored Ads (Paid Search), Large Customer Sales Advertising at Amazon
Track: ops
SKIP (already tailored): Global SVP eCommerce Solutions at NielsenIQ
Track: ops
SKIP (already tailored): Director of International Ecommerce at Veronica Beard
Track: ops
SKIP (already tailored): Manager of Ecommerce at SBH Fashion
Track: ops
SKIP (already tailored): Chief Operations Officer, Marketing, Advertising & eCommerce at Confidential
Track: amazon
Using resume: master_amazon.json

Tailoring resume for: Sr. Marketing Manager, GTM, Amazon Flex, Amazon Flex at Amazon
Extracting keywords via Claude Haiku...
Top ATS keywords: ['Go-To-Market Strategy', 'Product Launch', 'Cross-Functional Leadership', 'Marketing Analytics', 'Amazon Flex', 'Campaign Management']

Match score BEFORE tailoring: 100/100
  Already in resume: ['Go-To-Market Strategy', 'Product Launch', 'Cross-Functional Leadership', 'Marketing Analytics', 'Amazon Flex', 'Campaign Management']
  Missing: []

Match score AFTER tailoring: 100/100

Tailored resume saved: /Users/openclaw/job-search-agent/resumes/tailored/amazon_sr-marketing-manager-gtm-amazon-flex-ama.docx
Track: amazon
Using resume: master_amazon.json

Tailoring resume for: Director, Marketplace NAM at Pandora
Extracting keywords via Claude Haiku...
Top ATS keywords: ['Marketplace Strategy', 'Revenue Growth', 'Vendor Management', 'P&L Management', 'Cross-Functional Leadership', 'Sales Operations']

Match score BEFORE tailoring: 100/100
  Already in resume: ['Marketplace Strategy', 'Revenue Growth', 'Vendor Management', 'P&L Management', 'Cross-Functional Leadership', 'Sales Operations']
  Missing: []

Match score AFTER tailoring: 100/100

Tailored resume saved: /Users/openclaw/job-search-agent/resumes/tailored/pandora_director-marketplace-nam.docx
Track: amazon
Using resume: master_amazon.json

Tailoring resume for: Senior eCommerce Analyst - Tommy Hilfiger at PVH
Extracting keywords via Claude Haiku...
Top ATS keywords: ['eCommerce Analytics', 'KPI Management', 'Data Analysis', 'Digital Strategy', 'Omnichannel Marketing', 'SQL']

Match score BEFORE tailoring: 66/100
  Already in resume: ['KPI Management', 'Data Analysis', 'Digital Strategy', 'Omnichannel Marketing']
  Missing: ['eCommerce Analytics', 'SQL']

Match score AFTER tailoring: 100/100

Tailored resume saved: /Users/openclaw/job-search-agent/resumes/tailored/pvh_senior-ecommerce-analyst-tommy-hilfiger.docx
Track: amazon
Using resume: master_amazon.json

Tailoring resume for: E-Commerce Marketplace Specialist at JW Mobile
Extracting keywords via Claude Haiku...
Top ATS keywords: ['E-Commerce Marketplace', 'Amazon Seller Central', 'Inventory Management', 'Product Listing Optimization', 'Sales Analytics', 'Vendor Management']

Match score BEFORE tailoring: 83/100
  Already in resume: ['E-Commerce Marketplace', 'Amazon Seller Central', 'Inventory Management', 'Product Listing Optimization', 'Vendor Management']
  Missing: ['Sales Analytics']

Match score AFTER tailoring: 100/100

Tailored resume saved: /Users/openclaw/job-search-agent/resumes/tailored/jw-mobile_e-commerce-marketplace-specialist.docx
Track: amazon
Using resume: master_amazon.json

Tailoring resume for: LatAm Ecommerce Operations Manager Contract at Rad-Hires
Extracting keywords via Claude Haiku...
Top ATS keywords: ['Ecommerce Operations', 'LatAm Regional Experience', 'P&L Management', 'Inventory Management', 'Cross-Functional Leadership', 'Sales Channel Strategy']

Match score BEFORE tailoring: 100/100
  Already in resume: ['Ecommerce Operations', 'LatAm Regional Experience', 'P&L Management', 'Inventory Management', 'Cross-Functional Leadership', 'Sales Channel Strategy']
  Missing: []

Match score AFTER tailoring: 100/100

Tailored resume saved: /Users/openclaw/job-search-agent/resumes/tailored/rad-hires_latam-ecommerce-operations-manager-contr.docx
Track: amazon
Using resume: master_amazon.json

Tailoring resume for: Senior Sales Account Manager, Sponsored Ads (Paid Search), Large Customer Sales Advertising at Amazon Advertising LLC
Extracting keywords via Claude Haiku...
Top ATS keywords: ['Paid Search Advertising', 'Account Management', 'Sales Leadership', 'Large Account Management', 'Sponsored Ads', 'Revenue Growth']

Match score BEFORE tailoring: 83/100
  Already in resume: ['Paid Search Advertising', 'Account Management', 'Sales Leadership', 'Large Account Management', 'Revenue Growth']
  Missing: ['Sponsored Ads']

Match score AFTER tailoring: 100/100

Tailored resume saved: /Users/openclaw/job-search-agent/resumes/tailored/amazon-advertising-llc_senior-sales-account-manager-sponsored-a.docx
Track: amazon
Using resume: master_amazon.json

Tailoring resume for: TAM Manager, Video Advertising, Amazon Prime Video Ads at Amazon
Extracting keywords via Claude Haiku...
Top ATS keywords: ['Video Advertising', 'TAM Analysis', 'Account Management', 'Amazon Prime Video', 'Sales Strategy', 'Revenue Growth']

Match score BEFORE tailoring: 100/100
  Already in resume: ['Video Advertising', 'TAM Analysis', 'Account Management', 'Amazon Prime Video', 'Sales Strategy', 'Revenue Growth']
  Missing: []

Match score AFTER tailoring: 100/100

Tailored resume saved: /Users/openclaw/job-search-agent/resumes/tailored/amazon_tam-manager-video-advertising-amazon-pri.docx
Track: ops
Using resume: master_ops.json

Tailoring resume for: Head of Operations / VP of Operations at Go Fractional
Extracting keywords via Claude Haiku...
Top ATS keywords: ['Operations Management', 'P&L Management', 'Process Optimization', 'Cross-Functional Leadership', 'Strategic Planning', 'KPI Management']

Match score BEFORE tailoring: 100/100
  Already in resume: ['Operations Management', 'P&L Management', 'Process Optimization', 'Cross-Functional Leadership', 'Strategic Planning', 'KPI Management']
  Missing: []

Match score AFTER tailoring: 100/100

Tailored resume saved: /Users/openclaw/job-search-agent/resumes/tailored/go-fractional_head-of-operations-vp-of-operations.docx
Track: ops
Using resume: master_ops.json

Tailoring resume for: Business Operations Lead at Castle
Extracting keywords via Claude Haiku...
Top ATS keywords: ['Business Operations', 'Process Improvement', 'Cross-Functional Leadership', 'P&L Management', 'KPI Tracking', 'Project Management']

Match score BEFORE tailoring: 100/100
  Already in resume: ['Business Operations', 'Process Improvement', 'Cross-Functional Leadership', 'P&L Management', 'KPI Tracking', 'Project Management']
  Missing: []

Match score AFTER tailoring: 100/100

Tailored resume saved: /Users/openclaw/job-search-agent/resumes/tailored/castle_business-operations-lead.docx
Track: ops
Using resume: master_ops.json

Tailoring resume for: People Operations Lead — Startup HR Leader (Hybrid) at Clarity Recruiting
Extracting keywords via Claude Haiku...
Top ATS keywords: ['People Operations', 'HR Strategy', 'Startup Experience', 'Employee Relations', 'Talent Management', 'Cross-Functional Leadership']

Match score BEFORE tailoring: 100/100
  Already in resume: ['People Operations', 'HR Strategy', 'Startup Experience', 'Employee Relations', 'Talent Management', 'Cross-Functional Leadership']
  Missing: []

Match score AFTER tailoring: 100/100

Tailored resume saved: /Users/openclaw/job-search-agent/resumes/tailored/clarity-recruiting_people-operations-lead-startup-hr-leader.docx
Track: ops
Using resume: master_ops.json

Tailoring resume for: Account Executive - Public Sector, Enterprise - New York, Amazon Web Services at Amazon Web Services (AWS)
Extracting keywords via Claude Haiku...
Top ATS keywords: ['Enterprise Sales', 'Public Sector', 'Account Management', 'Solution Selling', 'Government Sales', 'Cloud Computing']

Match score BEFORE tailoring: 50/100
  Already in resume: ['Public Sector', 'Account Management', 'Solution Selling']
  Missing: ['Enterprise Sales', 'Government Sales', 'Cloud Computing']

Match score AFTER tailoring: 100/100

Tailored resume saved: /Users/openclaw/job-search-agent/resumes/tailored/amazon-web-services-aws_account-executive-public-sector-enterpri.docx
=== Tailor complete: 129 tailored, 0 failed at Mon Jul 20 03:20:57 EDT 2026 ===
[main 4773efb] Sync tailored resumes 2026-07-20
 Committer: OpenClaw <openclaw@Sovereigns-Mac-mini.local>
Your name and email address were configured automatically based
on your username and hostname. Please check that they are accurate.
You can suppress this message by setting them explicitly. Run the
following command and follow the instructions in your editor to edit
your configuration file:

    git config --global --edit

After doing this, you may fix the identity used for this commit with:

    git commit --amend --reset-author

 11 files changed, 0 insertions(+), 0 deletions(-)
 create mode 100644 resumes/tailored/amazon-advertising-llc_senior-sales-account-manager-sponsored-a.docx
 create mode 100644 resumes/tailored/amazon-web-services-aws_account-executive-public-sector-enterpri.docx
 create mode 100644 resumes/tailored/amazon_sr-marketing-manager-gtm-amazon-flex-ama.docx
 create mode 100644 resumes/tailored/amazon_tam-manager-video-advertising-amazon-pri.docx
 create mode 100644 resumes/tailored/castle_business-operations-lead.docx
 create mode 100644 resumes/tailored/clarity-recruiting_people-operations-lead-startup-hr-leader.docx
 create mode 100644 resumes/tailored/go-fractional_head-of-operations-vp-of-operations.docx
 create mode 100644 resumes/tailored/jw-mobile_e-commerce-marketplace-specialist.docx
 create mode 100644 resumes/tailored/pandora_director-marketplace-nam.docx
 create mode 100644 resumes/tailored/pvh_senior-ecommerce-analyst-tommy-hilfiger.docx
 create mode 100644 resumes/tailored/rad-hires_latam-ecommerce-operations-manager-contr.docx
failed to store: -61
To https://gitlab.com/client-os/client-os.git
   4af5dbc..4773efb  main -> main
To https://github.com/angieraja23/client-os.git
   4af5dbc..4773efb  main -> main
Vercel CLI 54.10.2 (Node.js 25.8.0)
Retrieving project…
Deploying angieraja23-9144s-projects/client-acquisition-os
Uploading [--------------------] (0.0B/943KB)
Uploading [=====---------------] (248.7KB/943KB)
Uploading [==========----------] (477.7KB/943KB)
Uploading [===============-----] (707.9KB/943KB)
Uploading [====================] (943.0KB/943KB)
  Inspect     https://vercel.com/angieraja23-9144s-projects/client-acquisition-os/JbSXe27br2TCyw9emcD68UPKJhw4
▲ Production  https://client-acquisition-dpwpruyvs-angieraja23-9144s-projects.vercel.app
https://client-acquisition-dpwpruyvs-angieraja23-9144s-projects.vercel.appBuilding…
Building…
Running build in Washington, D.C., USA (East) – iad1
Build machine configuration: 2 cores, 8 GB
Retrieving list of deployment files...
Previous build caches not available.
Downloading 200 deployment files...
Running "vercel build"
Vercel CLI 56.2.0
Build Completed in /vercel/output [171ms]
Deploying outputs...
[2K[1A[2K[G▲ Production  https://client-acquisition-dpwpruyvs-angieraja23-9144s-projects.vercel.app
Completing…
▲ Aliased     https://clientos.angieraja.com

✓ Ready in 15s
=== Resumes synced and deployed ===
=== Digest sent ===
=== Run finished: Mon Jul 20 03:21:18 EDT 2026 ===
=== Run started: Wed Jul 22 03:00:00 EDT 2026 ===
PATH=/opt/homebrew/bin:/opt/homebrew/sbin:/usr/local/bin:/usr/bin:/bin:/usr/sbin:/sbin
GITLAB_TOKEN=SET
GITHUB_TOKEN=SET
ANTHROPIC_API_KEY=SET
--- Running scraper ---
[main 110aece] Weekly refresh 2026-07-22
 Committer: OpenClaw <openclaw@Sovereigns-Mac-mini.local>
Your name and email address were configured automatically based
on your username and hostname. Please check that they are accurate.
You can suppress this message by setting them explicitly. Run the
following command and follow the instructions in your editor to edit
your configuration file:

    git config --global --edit

After doing this, you may fix the identity used for this commit with:

    git commit --amend --reset-author

 4 files changed, 782 insertions(+), 1 deletion(-)
[2026-07-22 03:00] ==================================================
[2026-07-22 03:00] Client Acquisition OS — Weekly Refresh
[2026-07-22 03:00] ── JOBS ─────────────────────────────────
[2026-07-22 03:00]   Amazon Account Manager — Remote
[2026-07-22 03:00]     0 results
[2026-07-22 03:00]   Amazon Account Manager — New York
[2026-07-22 03:00]     10 results
[2026-07-22 03:00]   Amazon Brand Manager — Remote
[2026-07-22 03:00]     0 results
[2026-07-22 03:00]   Amazon Brand Manager — New York
[2026-07-22 03:00]     10 results
[2026-07-22 03:00]     + Sr. Amazon Brand Manager @ Upwork (Anywhere) [LinkedIn · Easy Apply]
[2026-07-22 03:00]   Senior Amazon Brand Manager — Remote
[2026-07-22 03:00]     0 results
[2026-07-22 03:00]   Senior Amazon Brand Manager — New York
[2026-07-22 03:00]     10 results
[2026-07-22 03:00]   Amazon Marketplace Manager — Remote
[2026-07-22 03:00]     0 results
[2026-07-22 03:00]   Amazon Marketplace Manager — New York
[2026-07-22 03:00]     10 results
[2026-07-22 03:00]     + Manager - Amazon eCommerce (WCB) @ L'Oréal (New York, NY) [LinkedIn · Easy Apply]
[2026-07-22 03:00]     + Senior Specialist, Customer Experience, Amazon - Marketplace Partnership @ Front Row (New York, NY) [LinkedIn · Easy Apply]
[2026-07-22 03:00]     + Amazon Marketplace Growth & Global Sourcing Manager (Full-Time, Remote) Full Time Posted on 2026-07-20 13:52:54 $7 per hour @ Amazon Marketplace Growth & Global Sourcing Manager (Full-Time, Remote) (Anywhere)
[2026-07-22 03:00]   Ecommerce Brand Manager — Remote
[2026-07-22 03:00]     0 results
[2026-07-22 03:00]   Ecommerce Brand Manager — New York
[2026-07-22 03:01]     10 results
[2026-07-22 03:01]     + Director of Ecommerce @ Outdoor Collective (نيويورك, NY، الولايات المتحدة) [LinkedIn · Easy Apply]
[2026-07-22 03:01]     + Director eCommerce Capabilities @ TeHiring.com (نيويورك, NY، الولايات المتحدة) [LinkedIn · Easy Apply]
[2026-07-22 03:01]   Ecommerce Account Manager — Remote
[2026-07-22 03:01]     0 results
[2026-07-22 03:01]   Ecommerce Account Manager — New York
[2026-07-22 03:01]     10 results
[2026-07-22 03:01]   Marketplace Manager Walmart Amazon — Remote
[2026-07-22 03:01]     0 results
[2026-07-22 03:01]   Marketplace Manager Walmart Amazon — New York
[2026-07-22 03:01]     6 results
[2026-07-22 03:01]   Ecommerce Operations Manager — Remote
[2026-07-22 03:01]     0 results
[2026-07-22 03:01]   Ecommerce Operations Manager — New York
[2026-07-22 03:01]     0 results
[2026-07-22 03:01]   DTC Brand Manager — Remote
[2026-07-22 03:01]     0 results
[2026-07-22 03:01]   DTC Brand Manager — New York
[2026-07-22 03:01]     0 results
[2026-07-22 03:01]   Amazon Agency Account Manager — Remote
[2026-07-22 03:01]     0 results
[2026-07-22 03:01]   Amazon Agency Account Manager — New York
[2026-07-22 03:01]     10 results
[2026-07-22 03:01]   Chief of Staff ecommerce — Remote
[2026-07-22 03:02]     0 results
[2026-07-22 03:02]   Chief of Staff ecommerce — New York
[2026-07-22 03:02]     1 results
[2026-07-22 03:02]   Chief of Staff startup — Remote
[2026-07-22 03:02]     0 results
[2026-07-22 03:02]   Chief of Staff startup — New York
[2026-07-22 03:02]     1 results
[2026-07-22 03:02]   Chief of Staff DTC — Remote
[2026-07-22 03:02]     0 results
[2026-07-22 03:02]   Chief of Staff DTC — New York
[2026-07-22 03:02]     2 results
[2026-07-22 03:02]   Head of Operations DTC — Remote
[2026-07-22 03:02]     0 results
[2026-07-22 03:02]   Head of Operations DTC — New York
[2026-07-22 03:02]     10 results
[2026-07-22 03:02]   Head of Operations ecommerce — Remote
[2026-07-22 03:02]     0 results
[2026-07-22 03:02]   Head of Operations ecommerce — New York
[2026-07-22 03:02]     10 results
[2026-07-22 03:02]   Director of Operations ecommerce — Remote
[2026-07-22 03:02]     0 results
[2026-07-22 03:02]   Director of Operations ecommerce — New York
[2026-07-22 03:02]     10 results
[2026-07-22 03:02]   EOS Integrator — Remote
[2026-07-22 03:02]     0 results
[2026-07-22 03:02]   EOS Integrator — New York
[2026-07-22 03:02]     8 results
[2026-07-22 03:02]   Fractional COO — Remote
[2026-07-22 03:02]     0 results
[2026-07-22 03:02]   Fractional COO — New York
[2026-07-22 03:02]     0 results
[2026-07-22 03:02]   VP Operations DTC — Remote
[2026-07-22 03:02]     0 results
[2026-07-22 03:02]   VP Operations DTC — New York
[2026-07-22 03:02]     10 results
[2026-07-22 03:02]   Business Operations Lead startup — Remote
[2026-07-22 03:03]     0 results
[2026-07-22 03:03]   Business Operations Lead startup — New York
[2026-07-22 03:03]     10 results
[2026-07-22 03:03]     + Associate Tech Strategy and Business Operations @ Fanatics Collectibles (New York, NY)
[2026-07-22 03:03]   Amazon Account Manager agency client portfolio — Remote
[2026-07-22 03:03]     0 results
[2026-07-22 03:03]   Amazon Account Manager agency client portfolio — New York
[2026-07-22 03:03]     10 results
[2026-07-22 03:03]   Amazon Brand Manager Seller Central agency — Remote
[2026-07-22 03:03]     0 results
[2026-07-22 03:03]   Amazon Brand Manager Seller Central agency — New York
[2026-07-22 03:03]     10 results
[2026-07-22 03:03]     + Retail Media Account Manager (Amazon and TikTok Shop) @ WITHIN (Nueva York, NY, Estados Unidos) [LinkedIn · Easy Apply]
[2026-07-22 03:03]   Marketplace Account Manager consumer brands — Remote
[2026-07-22 03:03]     0 results
[2026-07-22 03:03]   Marketplace Account Manager consumer brands — New York
[2026-07-22 03:03]     0 results
[2026-07-22 03:03]   Ecommerce Account Manager client facing Amazon — Remote
[2026-07-22 03:03]     0 results
[2026-07-22 03:03]   Ecommerce Account Manager client facing Amazon — New York
[2026-07-22 03:03]     2 results
[2026-07-22 03:03]   Amazon Account Director agency — Remote
[2026-07-22 03:03]     0 results
[2026-07-22 03:03]   Amazon Account Director agency — New York
[2026-07-22 03:04]     7 results
[2026-07-22 03:04]     + Programmatic Solutions Consultant, Amazon Ads @ Amazon (New York, NY) [LinkedIn · Easy Apply]
[2026-07-22 03:04]   Senior Account Manager Amazon marketplace agency — Remote
[2026-07-22 03:04]     0 results
[2026-07-22 03:04]   Senior Account Manager Amazon marketplace agency — New York
[2026-07-22 03:04]     2 results
[2026-07-22 03:04]   Brand Strategy Manager Amazon ecommerce — Remote
[2026-07-22 03:04]     0 results
[2026-07-22 03:04]   Brand Strategy Manager Amazon ecommerce — New York
[2026-07-22 03:04]     10 results
[2026-07-22 03:04]     + Marketing Manager, Amazon Pickup Program , PARP Traffic @ Amazon (New York, NY) [LinkedIn · Easy Apply]
[2026-07-22 03:04]   Client Success Manager Amazon agency — Remote
[2026-07-22 03:04]     0 results
[2026-07-22 03:04]   Client Success Manager Amazon agency — New York
[2026-07-22 03:04]     4 results
[2026-07-22 03:04]   Wrote 139 jobs to data/jobs.json (10 new)
[2026-07-22 03:04] ── DEPLOYING via GitLab ──────────────────
[2026-07-22 03:04]   Push done
[2026-07-22 03:04]   Deployed to Vercel
[2026-07-22 03:04] Done.

Scraper exit code: 0
--- Committing and pushing ---
[main 14114ec] Nightly auto-sync 2026-07-22
 Committer: OpenClaw <openclaw@Sovereigns-Mac-mini.local>
Your name and email address were configured automatically based
on your username and hostname. Please check that they are accurate.
You can suppress this message by setting them explicitly. Run the
following command and follow the instructions in your editor to edit
your configuration file:

    git config --global --edit

After doing this, you may fix the identity used for this commit with:

    git commit --amend --reset-author

 2 files changed, 152 insertions(+)
failed to store: -61
To https://gitlab.com/client-os/client-os.git
 ! [rejected]        main -> main (fetch first)
error: failed to push some refs to 'https://gitlab.com/client-os/client-os.git'
hint: Updates were rejected because the remote contains work that you do not
hint: have locally. This is usually caused by another repository pushing to
hint: the same ref. If you want to integrate the remote changes, use
hint: 'git pull' before pushing again.
hint: See the 'Note about fast-forwards' in 'git push --help' for details.
To https://github.com/angieraja23/client-os.git
   4773efb..14114ec  main -> main
Vercel CLI 56.4.1 (Node.js 25.8.0)
Retrieving project…
Deploying angieraja23-9144s-projects/client-acquisition-os
Uploading [--------------------] (0.0B/757.7KB)
Uploading [=====---------------] (192.0KB/757.7KB)
Uploading [==========----------] (384.2KB/757.7KB)
Uploading [===============-----] (576.2KB/757.7KB)
Uploading [====================] (757.7KB/757.7KB)
  Inspect         https://vercel.com/angieraja23-9144s-projects/client-acquisition-os/F6FhKaVc6LY1LVNzafmYiJ6hQgQh
  Production      https://client-acquisition-o2fzm1pkh-angieraja23-9144s-projects.vercel.app
https://client-acquisition-o2fzm1pkh-angieraja23-9144s-projects.vercel.appBuilding…
Building…
Running build in Washington, D.C., USA (East) – iad1
Build machine configuration: 2 cores, 8 GB
Retrieving list of deployment files...
Previous build caches not available.
Downloading 200 deployment files...
Running "vercel build"
Vercel CLI 56.4.0
Build Completed in /vercel/output [161ms]
Deploying outputs...
[2K[1A[2K[G  Production      https://client-acquisition-o2fzm1pkh-angieraja23-9144s-projects.vercel.app
Completing…
▲ Aliased         https://clientos.angieraja.com

✓ Ready in 15s
=== Deployed: Wed Jul 22 03:05:17 EDT 2026 ===
--- Running tailor ---
=== Tailor started: Wed Jul 22 03:05:17 EDT 2026 ===
Track: ops
SKIP (already tailored): Chief of Staff at Cascade at Jack & Jill
Track: ops
SKIP (already tailored): Chief of Staff to the GM of Housing at Flex
Track: ops
SKIP (already tailored): Executive Assistant to the Chief of Staff at DEPARTMENT OF CORRECTION
Track: amazon
SKIP (already tailored): Associate Manager, Commerce Platform Logistics - Strategy and Operations at DoorDash
Track: amazon
SKIP (already tailored): Sr. Resourcing Operations Manager at MKG Productions, LLC
Track: ops
SKIP (already tailored): Logistics Operations Project Manager at Fluidstack
Track: ops
SKIP (already tailored): Manager, Enrollment Fulfillment Operations at New York Life
Track: amazon
SKIP (already tailored): Ecommerce Manager at Zachys Wine & Liquor
Track: amazon
SKIP (already tailored): Amazon Brand Manager at Cartograph
Track: amazon
SKIP (already tailored): Director of Ecommerce at SBH Fashion
Track: amazon
SKIP (already tailored): Ecommerce Marketplace Manager at Universal Perfumes & Cosmetics
Track: amazon
SKIP (already tailored): Client Account Manager, Digital Accounts at Amsive
Track: ops
SKIP (already tailored): DTC Performance & Growth Marketing Manager at Blueair North America
Track: amazon
SKIP (already tailored): AWS Sr. Enterprise Account Manager, Automotive & Manufacturing at Amazon Web Services (AWS)
Track: amazon
SKIP (already tailored): Senior Amazon Brand Manager at GNO Partners
Track: amazon
SKIP (already tailored): Campaign & Creative Manager, Campaign & Creative Management, Amazon at Amazon
Track: amazon
SKIP (already tailored): Sr. Marketing Manager, Engagement, WW Amazon Flex, Amazon Flex at Amazon
Track: amazon
SKIP (already tailored): Director, Amazon at Nécessaire, Inc.
Track: amazon
SKIP (already tailored): Amazon & Marketplace Account Growth Manager at The PCA Group
Track: amazon
SKIP (already tailored): Remote Amazon Marketplace Manager at Foxelli Group Remote at Foxelli Group
Track: amazon
SKIP (already tailored): E-commerce Growth Manager at BURDLIFE
Track: amazon
SKIP (already tailored): Marketplace Manager at PetsWorld Inc
Track: amazon
SKIP (already tailored): TikTok Shop Account Manager at KAMP Agency
Track: amazon
SKIP (already tailored): Sales Account Manager, US LCS, Consumer Electronics at Amazon
Track: amazon
SKIP (already tailored): Director of Operations — Digital & Ecommerce at Maxima Apparel
Track: amazon
SKIP (already tailored): Senior Manager, Ecommerce at SBH Fashion
Track: amazon
SKIP (already tailored): Sales Account Manager, LCS Acquisitions at Amazon
Track: ops
SKIP (already tailored): Chief of Staff - AI-native startup is rewiring a trillion-dollar consumer industry at Big Wave Digital
Track: ops
SKIP (already tailored): COO/EOS Integrator at CBIZ Talent Solutions
Track: ops
SKIP (already tailored): Office Operations at Series B AI Startup at Bloom Talent
Track: ops
SKIP (already tailored): Office & Operations Lead — Startup NYC (Equity) at The Talent Post
Track: ops
SKIP (already tailored): Jr. Amazon Account Coordinator at Tiide Commerce
Track: ops
SKIP (already tailored): Amazon Account Coordinator - Affiliate Marketing Agency at Ikon Digital Media
Track: ops
SKIP (already tailored): Manager, Amazon - Origins at DECIEM | THE ABNORMAL BEAUTY COMPANY
Track: amazon
SKIP (already tailored): Website for Amazon Account Management at Upwork
Track: amazon
SKIP (already tailored): Sr Product Marketing Manager, WW New Customer Registration, Amazon Business at Amazon
Track: amazon
SKIP (already tailored): Amazon Marketplace Specialist at Master Wholesale International, Inc.
Track: amazon
SKIP (already tailored): Senior Brand Manager, eCommerce Agency at Jobot
Track: amazon
SKIP (already tailored): Category Manager Intern (TikTok Shop - Operations) - 2026 Summer (MBA) at TikTok
Track: amazon
SKIP (already tailored): Ecommerce Optimization Manager at Clean Simple Eats, LLC.
Track: amazon
SKIP (already tailored): National Account Manager - Amazon at Scholastic
Track: amazon
SKIP (already tailored): Sales Account Manager, US LCS, Consumer Electronics at Amazon Advertising LLC
Track: ops
SKIP (already tailored): Director of Business Operations, SaaS | AI | eCommerce at Get Plus - The Autonomous Commerce OS
Track: amazon
SKIP (already tailored): AWS Account Manager, FSI at Amazon Web Services (AWS)
Track: amazon
SKIP (already tailored): Sr. Account Manager-RRT, Startups at Amazon Web Services (AWS)
Track: ops
SKIP (already tailored): Amazon Specialist at My Amazon Guy
Track: amazon
SKIP (already tailored): Strategic Account Manager, Amazon Publisher Services at Amazon
Track: amazon
SKIP (already tailored): Account Manager I, Amazon Global Logistics at Amazon Global Logistics
Track: amazon
SKIP (already tailored): VP, Ecommerce at Grüns
Track: amazon
SKIP (already tailored): Senior Director of Ecommerce & Growth at CleanBoss Inc.
Track: amazon
SKIP (already tailored): National Account Manager, Beauty (Direct eCommerce) at Dyson Direct Inc
Track: amazon
SKIP (already tailored): Sales Account Manager, Fashion Advertising Account Management, Fashion Advertising Account Management at Amazon
Track: amazon
SKIP (already tailored): Sales Account Manager, US LCS at Amazon
Track: amazon
SKIP (already tailored): Sr. Account Manager-RRT, Startups at Amazon Web Services, Inc.
Track: ops
SKIP (already tailored): Executive Assistant to Founder & Operations at Early-stage, Mission-driven Startup at Bloom Talent
Track: ops
SKIP (already tailored): Sr.  Amazon Ads Account Manager at Freshdesk
Track: amazon
SKIP (already tailored): Account Manager I, Hub Delivery at Amazon
Track: amazon
SKIP (already tailored): Sales Account Manager, Fashion, Sales, Advertising, & Account Management at Amazon
Track: amazon
SKIP (already tailored): National Account Manager, Amazon at ACCO Brands
Track: amazon
SKIP (already tailored): Sr. Product Marketing Manager , Amazon Live Creator Partnerships at Amazon
Track: amazon
SKIP (already tailored): Senior Amazon Brand Growth Lead Remote at Ballard House
Track: amazon
SKIP (already tailored): Ecommerce Assistant Manager (Amazon Focus) at Kiss Beauty Group
Track: amazon
SKIP (already tailored): Ecommerce Specialist (Amazon Focus) at Kiss Beauty Group
Track: amazon
SKIP (already tailored): Digital Commerce Specialist- Amazon at Kiss Beauty Group
Track: amazon
SKIP (already tailored): eCommerce Manager Delivery Claims & Incidents at Hermès
Track: amazon
SKIP (already tailored): Ecommerce Assistant Manager at Kiss Beauty Group
Track: amazon
SKIP (already tailored): eCommerce Lead FT @ Guggenheim at Event Network, LLC
Track: amazon
SKIP (already tailored): Director, eCommerce - Stuart Weitzman at Caleres, Inc.
Track: amazon
SKIP (already tailored): Operations Manager, Social Commerce at AMOREPACIFIC
Track: amazon
SKIP (already tailored): Sales Account Manager, Live Sports at Amazon
Track: amazon
SKIP (already tailored): Sales Account Manager, Fashion Advertising Account Management, Fashion Advertising Account Management at Amazon Advertising LLC
Track: amazon
SKIP (already tailored): Principal Account Manager, ISV at Amazon Web Services (AWS)
Track: amazon
SKIP (already tailored): Sales Account Manager (Fashion, Sales, Advertising, & Account Management) at Amazon
Track: ops
SKIP (already tailored): Chief Operations Officer In Residence – Startup Fintech at Scalata.ai
Track: ops
SKIP (already tailored): Fractional CEO for Small Businesses at How to Manage a Small Law Firm II, Incorporated
Track: ops
SKIP (already tailored): Manager, Digital Merchandising, Amazon at Kiss Beauty Group
Track: amazon
SKIP (already tailored): Amazon Account Strategist -  Amazon Seller & Vendor Central required! at VENDO – A PLTFRM Company
Track: amazon
SKIP (already tailored): E-Commerce Operations Manager at TOM FORD FASHION
Track: amazon
SKIP (already tailored): Ecommerce Manager (Beauty) at Solomon Page
Track: amazon
SKIP (already tailored): Manager, Book Sales & eCommerce at AWA Studios
Track: amazon
SKIP (already tailored): Ecommerce Assistant Manager at Ivy Enterprises, Inc.
Track: amazon
SKIP (already tailored): Account Manager, US Govtech Mid-Market at Amazon Web Services (AWS)
Track: ops
SKIP (already tailored): eCommerce Operations Manager at Adecco
Track: amazon
SKIP (already tailored): Account Manager I, Business Development, Amazon Global Logistics at Amazon
Track: amazon
SKIP (already tailored): Remote Amazon Brand Manager | Growth & Strategy Lead at Tiide Commerce
Track: amazon
SKIP (already tailored): Senior Applied Science Manager, Amazon Sponsored Products & Brands at Amazon
Track: amazon
SKIP (already tailored): Amazon Marketplace Manager | Amazon US & AU | PPC, SEO, Seller Central & Growth Any Posted on 2026-07-09 12:19:24 at Amazon Marketplace Manager — Amazon US, Amazon AU & Walmart US
Track: amazon
SKIP (already tailored): Ecommerce Merchandising Manager at Dana-co LLC
Track: amazon
SKIP (already tailored): Ecommerce Assistant Manager at Kiss Products
Track: amazon
SKIP (already tailored): Senior Ecommerce Account Manager, Beauty at The PCA Companies
Track: amazon
SKIP (already tailored): eCommerce Account Manager - Hybrid/Remote at Vtldesign
Track: amazon
SKIP (already tailored): Strategic Ecommerce Account Manager | Growth & Partnerships at scandiweb
Track: amazon
SKIP (already tailored): Senior Manager of Ecommerce Operations at Hadley Designs
Track: amazon
SKIP (already tailored): Sr. Account Manager, ISV, ISV at Amazon Web Services (AWS)
Track: amazon
SKIP (already tailored): AWS Sr. Enterprise Account Manager, FSI-Capital Markets, FSI-Capital Markets at Amazon Web Services (AWS)
Track: ops
SKIP (already tailored): Remote Fractional COO: Scale Operations for Owners at How To MANAGE a Small Law Firm
Track: ops
SKIP (already tailored): Contracts Manager, Buy with Prime & Amazon Multi-Channel Fulfillment at Amazon
Track: amazon
SKIP (already tailored): Global Creative Strategist, Brand Innovation Lab, Amazon Ads Brand Innovation Lab at Amazon
Track: amazon
SKIP (already tailored): Sr. Paid Media Marketing Manager, Amazon Ads, Paid and Social Media Team, Amazon Ads at Amazon
Track: amazon
SKIP (already tailored): Head of Ecommerce at CHARLES & KEITH GROUP
Track: amazon
SKIP (already tailored): Manager, Customer Insights + Analytics (Ecommerce) at Pandora
Track: amazon
SKIP (already tailored): Junior Account Manager, Ecommerce at Tangle Teezer Ltd
Track: amazon
SKIP (already tailored): Junior Ecommerce Account Manager | Hybrid Role at BIC
Track: amazon
SKIP (already tailored): Senior Sales Account Manager, US LCS at Amazon
Track: amazon
SKIP (already tailored): Sr Client Account Manager, Amazon at Pinterest
Track: ops
SKIP (already tailored): Startup Operations Lead at Trekker Auto
Track: ops
SKIP (already tailored): Head of Operations ($150k-$195k + Equity) at well-funded healthtech startup at Jack & Jill
Track: ops
SKIP (already tailored): Amazon Advertising Manager at Cartograph
Track: amazon
SKIP (already tailored): Account Manager, Telecom at Amazon
Track: amazon
SKIP (already tailored): Strategic Account Manager, Amazon at Eaton Corporation
Track: amazon
SKIP (already tailored): Senior IT&S Project Manager at Northwell Careers
Track: amazon
SKIP (already tailored): Account Manager - E-Comm and Design at DADA Goldberg
Track: amazon
SKIP (already tailored): Ecommerce Account Manager, Amazon at Justrite Safety Group
Track: amazon
SKIP (already tailored): Senior Sales Account Manager, Sponsored Ads (Paid Search), Large Customer Sales Advertising at Amazon
Track: ops
SKIP (already tailored): Global SVP eCommerce Solutions at NielsenIQ
Track: ops
SKIP (already tailored): Director of International Ecommerce at Veronica Beard
Track: ops
SKIP (already tailored): Manager of Ecommerce at SBH Fashion
Track: ops
SKIP (already tailored): Chief Operations Officer, Marketing, Advertising & eCommerce at Confidential
Track: amazon
SKIP (already tailored): Sr. Marketing Manager, GTM, Amazon Flex, Amazon Flex at Amazon
Track: amazon
SKIP (already tailored): Director, Marketplace NAM at Pandora
Track: amazon
SKIP (already tailored): Senior eCommerce Analyst - Tommy Hilfiger at PVH
Track: amazon
SKIP (already tailored): E-Commerce Marketplace Specialist at JW Mobile
Track: amazon
SKIP (already tailored): LatAm Ecommerce Operations Manager Contract at Rad-Hires
Track: amazon
SKIP (already tailored): Senior Sales Account Manager, Sponsored Ads (Paid Search), Large Customer Sales Advertising at Amazon Advertising LLC
Track: amazon
SKIP (already tailored): TAM Manager, Video Advertising, Amazon Prime Video Ads at Amazon
Track: ops
SKIP (already tailored): Head of Operations / VP of Operations at Go Fractional
Track: ops
SKIP (already tailored): Business Operations Lead at Castle
Track: ops
SKIP (already tailored): People Operations Lead — Startup HR Leader (Hybrid) at Clarity Recruiting
Track: ops
SKIP (already tailored): Account Executive - Public Sector, Enterprise - New York, Amazon Web Services at Amazon Web Services (AWS)
Track: amazon
Using resume: master_amazon.json

Tailoring resume for: Sr. Amazon Brand Manager at Upwork
Extracting keywords via Claude Haiku...
Top ATS keywords: ['Amazon Brand Management', 'Amazon Seller Central', 'P&L Management', 'Channel Strategy', 'Cross-Functional Leadership', 'Performance Analytics']

Match score BEFORE tailoring: 100/100
  Already in resume: ['Amazon Brand Management', 'Amazon Seller Central', 'P&L Management', 'Channel Strategy', 'Cross-Functional Leadership', 'Performance Analytics']
  Missing: []

Match score AFTER tailoring: 100/100

Tailored resume saved: /Users/openclaw/job-search-agent/resumes/tailored/upwork_sr-amazon-brand-manager.docx
Track: amazon
Using resume: master_amazon.json

Tailoring resume for: Manager - Amazon eCommerce (WCB) at L'Oréal
Extracting keywords via Claude Haiku...
Top ATS keywords: ['Amazon Seller Central', 'eCommerce Management', 'P&L Management', 'Channel Strategy', 'Vendor Management', 'Cross-Functional Leadership']

Match score BEFORE tailoring: 100/100
  Already in resume: ['Amazon Seller Central', 'eCommerce Management', 'P&L Management', 'Channel Strategy', 'Vendor Management', 'Cross-Functional Leadership']
  Missing: []

Match score AFTER tailoring: 100/100

Tailored resume saved: /Users/openclaw/job-search-agent/resumes/tailored/l-or-al_manager-amazon-ecommerce-wcb.docx
Track: amazon
Using resume: master_amazon.json

Tailoring resume for: Senior Specialist, Customer Experience, Amazon - Marketplace Partnership at Front Row
Extracting keywords via Claude Haiku...
Top ATS keywords: ['Customer Experience Strategy', 'Marketplace Operations', 'Amazon Seller Central', 'Cross-Functional Leadership', 'Performance Analytics', 'Vendor Partnership Management']

Match score BEFORE tailoring: 100/100
  Already in resume: ['Customer Experience Strategy', 'Marketplace Operations', 'Amazon Seller Central', 'Cross-Functional Leadership', 'Performance Analytics', 'Vendor Partnership Management']
  Missing: []

Match score AFTER tailoring: 100/100

Tailored resume saved: /Users/openclaw/job-search-agent/resumes/tailored/front-row_senior-specialist-customer-experience-am.docx
Track: amazon
Using resume: master_amazon.json

Tailoring resume for: Amazon Marketplace Growth & Global Sourcing Manager (Full-Time, Remote) Full Time Posted on 2026-07-20 13:52:54 $7 per hour at Amazon Marketplace Growth & Global Sourcing Manager (Full-Time, Remote)
Extracting keywords via Claude Haiku...
Top ATS keywords: ['Amazon Marketplace', 'Global Sourcing', 'Marketplace Growth', 'Vendor Management', 'Supply Chain Management', 'Sales Strategy']

Match score BEFORE tailoring: 100/100
  Already in resume: ['Amazon Marketplace', 'Global Sourcing', 'Marketplace Growth', 'Vendor Management', 'Supply Chain Management', 'Sales Strategy']
  Missing: []

Match score AFTER tailoring: 100/100

Tailored resume saved: /Users/openclaw/job-search-agent/resumes/tailored/amazon-marketplace-growth-global-sourcin_amazon-marketplace-growth-global-sourcin.docx
Track: amazon
Using resume: master_amazon.json

Tailoring resume for: Director of Ecommerce at Outdoor Collective
Extracting keywords via Claude Haiku...
Top ATS keywords: ['Ecommerce Strategy', 'P&L Management', 'Digital Marketing', 'Cross-Functional Leadership', 'KPI Optimization', 'Platform Management']

Match score BEFORE tailoring: 100/100
  Already in resume: ['Ecommerce Strategy', 'P&L Management', 'Digital Marketing', 'Cross-Functional Leadership', 'KPI Optimization', 'Platform Management']
  Missing: []

Match score AFTER tailoring: 100/100

Tailored resume saved: /Users/openclaw/job-search-agent/resumes/tailored/outdoor-collective_director-of-ecommerce.docx
Track: amazon
Using resume: master_amazon.json

Tailoring resume for: Director eCommerce Capabilities at TeHiring.com
Extracting keywords via Claude Haiku...
Top ATS keywords: ['eCommerce Strategy', 'Digital Commerce Leadership', 'Platform Management', 'Cross-Functional Team Leadership', 'Performance Analytics', 'Vendor Management']

Match score BEFORE tailoring: 100/100
  Already in resume: ['eCommerce Strategy', 'Digital Commerce Leadership', 'Platform Management', 'Cross-Functional Team Leadership', 'Performance Analytics', 'Vendor Management']
  Missing: []

Match score AFTER tailoring: 100/100

Tailored resume saved: /Users/openclaw/job-search-agent/resumes/tailored/tehiring-com_director-ecommerce-capabilities.docx
Track: ops
Using resume: master_ops.json

Tailoring resume for: Associate Tech Strategy and Business Operations at Fanatics Collectibles
Extracting keywords via Claude Haiku...
Top ATS keywords: ['Business Strategy', 'Operations Management', 'Data Analysis', 'Process Improvement', 'Stakeholder Management', 'Project Management']

Match score BEFORE tailoring: 100/100
  Already in resume: ['Business Strategy', 'Operations Management', 'Data Analysis', 'Process Improvement', 'Stakeholder Management', 'Project Management']
  Missing: []

Match score AFTER tailoring: 100/100

Tailored resume saved: /Users/openclaw/job-search-agent/resumes/tailored/fanatics-collectibles_associate-tech-strategy-and-business-ope.docx
Track: ops
Using resume: master_ops.json

Tailoring resume for: Retail Media Account Manager (Amazon and TikTok Shop) at WITHIN
Extracting keywords via Claude Haiku...
Top ATS keywords: ['Retail Media Management', 'Amazon Advertising', 'TikTok Shop', 'Account Management', 'Campaign Optimization', 'Performance Analytics']

Match score BEFORE tailoring: 100/100
  Already in resume: ['Retail Media Management', 'Amazon Advertising', 'TikTok Shop', 'Account Management', 'Campaign Optimization', 'Performance Analytics']
  Missing: []

Match score AFTER tailoring: 100/100

Tailored resume saved: /Users/openclaw/job-search-agent/resumes/tailored/within_retail-media-account-manager-amazon-and-.docx
Track: ops
Using resume: master_ops.json

Tailoring resume for: Programmatic Solutions Consultant, Amazon Ads at Amazon
Extracting keywords via Claude Haiku...
Top ATS keywords: ['Programmatic Advertising', 'Amazon Ads', 'Solutions Consulting', 'Campaign Management', 'Data Analysis', 'Client Strategy']

Match score BEFORE tailoring: 100/100
  Already in resume: ['Programmatic Advertising', 'Amazon Ads', 'Solutions Consulting', 'Campaign Management', 'Data Analysis', 'Client Strategy']
  Missing: []

Match score AFTER tailoring: 100/100

Tailored resume saved: /Users/openclaw/job-search-agent/resumes/tailored/amazon_programmatic-solutions-consultant-amazon.docx
Track: ops
Using resume: master_ops.json

Tailoring resume for: Marketing Manager, Amazon Pickup Program , PARP Traffic at Amazon
Extracting keywords via Claude Haiku...
Top ATS keywords: ['Program Marketing', 'Amazon Operations', 'Traffic Growth', 'Campaign Management', 'Data Analytics', 'Cross-Functional Leadership']

Match score BEFORE tailoring: 83/100
  Already in resume: ['Program Marketing', 'Amazon Operations', 'Traffic Growth', 'Campaign Management', 'Cross-Functional Leadership']
  Missing: ['Data Analytics']

Match score AFTER tailoring: 100/100

Tailored resume saved: /Users/openclaw/job-search-agent/resumes/tailored/amazon_marketing-manager-amazon-pickup-program-.docx
=== Tailor complete: 139 tailored, 0 failed at Wed Jul 22 03:22:14 EDT 2026 ===
[main 51651c9] Sync tailored resumes 2026-07-22
 Committer: OpenClaw <openclaw@Sovereigns-Mac-mini.local>
Your name and email address were configured automatically based
on your username and hostname. Please check that they are accurate.
You can suppress this message by setting them explicitly. Run the
following command and follow the instructions in your editor to edit
your configuration file:

    git config --global --edit

After doing this, you may fix the identity used for this commit with:

    git commit --amend --reset-author

 10 files changed, 0 insertions(+), 0 deletions(-)
 create mode 100644 resumes/tailored/amazon-marketplace-growth-global-sourcin_amazon-marketplace-growth-global-sourcin.docx
 create mode 100644 resumes/tailored/amazon_marketing-manager-amazon-pickup-program-.docx
 create mode 100644 resumes/tailored/amazon_programmatic-solutions-consultant-amazon.docx
 create mode 100644 resumes/tailored/fanatics-collectibles_associate-tech-strategy-and-business-ope.docx
 create mode 100644 resumes/tailored/front-row_senior-specialist-customer-experience-am.docx
 create mode 100644 resumes/tailored/l-or-al_manager-amazon-ecommerce-wcb.docx
 create mode 100644 resumes/tailored/outdoor-collective_director-of-ecommerce.docx
 create mode 100644 resumes/tailored/tehiring-com_director-ecommerce-capabilities.docx
 create mode 100644 resumes/tailored/upwork_sr-amazon-brand-manager.docx
 create mode 100644 resumes/tailored/within_retail-media-account-manager-amazon-and-.docx
failed to store: -61
To https://gitlab.com/client-os/client-os.git
 ! [rejected]        main -> main (fetch first)
error: failed to push some refs to 'https://gitlab.com/client-os/client-os.git'
hint: Updates were rejected because the remote contains work that you do not
hint: have locally. This is usually caused by another repository pushing to
hint: the same ref. If you want to integrate the remote changes, use
hint: 'git pull' before pushing again.
hint: See the 'Note about fast-forwards' in 'git push --help' for details.
To https://github.com/angieraja23/client-os.git
   14114ec..51651c9  main -> main
Vercel CLI 56.4.1 (Node.js 25.8.0)
Retrieving project…
Deploying angieraja23-9144s-projects/client-acquisition-os
Uploading [--------------------] (0.0B/938.3KB)
Uploading [=====---------------] (248.6KB/938.3KB)
Uploading [==========----------] (477.7KB/938.3KB)
Uploading [===============-----] (717.7KB/938.3KB)
Uploading [====================] (938.3KB/938.3KB)
  Inspect         https://vercel.com/angieraja23-9144s-projects/client-acquisition-os/V9teM8KXyGEA6JiSRCxwXmkFxb4S
  Production      https://client-acquisition-ncrnh8ph2-angieraja23-9144s-projects.vercel.app
https://client-acquisition-ncrnh8ph2-angieraja23-9144s-projects.vercel.appBuilding…
Building…
Running build in Washington, D.C., USA (East) – iad1
Build machine configuration: 2 cores, 8 GB
Retrieving list of deployment files...
Previous build caches not available.
Downloading 210 deployment files...
Running "vercel build"
Vercel CLI 56.4.0
Build Completed in /vercel/output [187ms]
Deploying outputs...
[2K[1A[2K[G  Production      https://client-acquisition-ncrnh8ph2-angieraja23-9144s-projects.vercel.app
Completing…
▲ Aliased         https://clientos.angieraja.com

✓ Ready in 49s
=== Resumes synced and deployed ===
=== Digest sent ===
=== Run finished: Wed Jul 22 03:23:08 EDT 2026 ===
=== Run started: Fri Jul 24 03:00:00 EDT 2026 ===
PATH=/opt/homebrew/bin:/opt/homebrew/sbin:/usr/local/bin:/usr/bin:/bin:/usr/sbin:/sbin
GITLAB_TOKEN=SET
GITHUB_TOKEN=SET
ANTHROPIC_API_KEY=SET
--- Running scraper ---
[main 82ce52f] Weekly refresh 2026-07-24
 Committer: OpenClaw <openclaw@Sovereigns-Mac-mini.local>
Your name and email address were configured automatically based
on your username and hostname. Please check that they are accurate.
You can suppress this message by setting them explicitly. Run the
following command and follow the instructions in your editor to edit
your configuration file:

    git config --global --edit

After doing this, you may fix the identity used for this commit with:

    git commit --amend --reset-author

 4 files changed, 899 insertions(+), 1 deletion(-)
[2026-07-24 03:00] ==================================================
[2026-07-24 03:00] Client Acquisition OS — Weekly Refresh
[2026-07-24 03:00] ── JOBS ─────────────────────────────────
[2026-07-24 03:00]   Amazon Account Manager — Remote
[2026-07-24 03:00]     0 results
[2026-07-24 03:00]   Amazon Account Manager — New York
[2026-07-24 03:00]     10 results
[2026-07-24 03:00]     + Amazon 1P Vendor Account Manager | Brooklyn, NY · $175K–$200K + Commission - 2447 @ Bhired (New York, NY)
[2026-07-24 03:00]   Amazon Brand Manager — Remote
[2026-07-24 03:00]     0 results
[2026-07-24 03:00]   Amazon Brand Manager — New York
[2026-07-24 03:00]     10 results
[2026-07-24 03:00]   Senior Amazon Brand Manager — Remote
[2026-07-24 03:00]     0 results
[2026-07-24 03:00]   Senior Amazon Brand Manager — New York
[2026-07-24 03:00]     10 results
[2026-07-24 03:00]   Amazon Marketplace Manager — Remote
[2026-07-24 03:00]     0 results
[2026-07-24 03:00]   Amazon Marketplace Manager — New York
[2026-07-24 03:00]     10 results
[2026-07-24 03:00]     + Amazon Marketplace Director – remote freelance @ 24 Seven Talent (Marina Del Rey, CA) [LinkedIn · Easy Apply]
[2026-07-24 03:00]   Ecommerce Brand Manager — Remote
[2026-07-24 03:00]     0 results
[2026-07-24 03:00]   Ecommerce Brand Manager — New York
[2026-07-24 03:00]     10 results
[2026-07-24 03:00]     + Ecommerce Manager, Amazon & eRetailers (Hybrid Role - New York) @ OLAPLEX (New York, NY, United States) [LinkedIn · Easy Apply]
[2026-07-24 03:00]     + US Market + Marketing Manager (m/f/d) - 3x German Shopify E-Commerce Brands - 100% remote @ Lyto Brands Group GmbH (New York, NY, United States) [LinkedIn · Easy Apply]
[2026-07-24 03:00]     + Pandora Manager, Customer Insights + Analytics (Ecommerce) @ Pandora (New York, NY, United States)
[2026-07-24 03:00]   Ecommerce Account Manager — Remote
[2026-07-24 03:00]     0 results
[2026-07-24 03:00]   Ecommerce Account Manager — New York
[2026-07-24 03:00]     10 results
[2026-07-24 03:00]   Marketplace Manager Walmart Amazon — Remote
[2026-07-24 03:00]     0 results
[2026-07-24 03:00]   Marketplace Manager Walmart Amazon — New York
[2026-07-24 03:00]     0 results
[2026-07-24 03:00]   Ecommerce Operations Manager — Remote
[2026-07-24 03:00]     0 results
[2026-07-24 03:00]   Ecommerce Operations Manager — New York
[2026-07-24 03:01]     10 results
[2026-07-24 03:01]   DTC Brand Manager — Remote
[2026-07-24 03:01]     0 results
[2026-07-24 03:01]   DTC Brand Manager — New York
[2026-07-24 03:01]     10 results
[2026-07-24 03:01]   Amazon Agency Account Manager — Remote
[2026-07-24 03:01]     0 results
[2026-07-24 03:01]   Amazon Agency Account Manager — New York
[2026-07-24 03:01]     10 results
[2026-07-24 03:01]     + Sales Account Manager, Gold Accelerator @ Amazon (New York, NY) [LinkedIn · Easy Apply]
[2026-07-24 03:01]   Chief of Staff ecommerce — Remote
[2026-07-24 03:01]     0 results
[2026-07-24 03:01]   Chief of Staff ecommerce — New York
[2026-07-24 03:01]     1 results
[2026-07-24 03:01]   Chief of Staff startup — Remote
[2026-07-24 03:01]     0 results
[2026-07-24 03:01]   Chief of Staff startup — New York
[2026-07-24 03:01]     8 results
[2026-07-24 03:01]   Chief of Staff DTC — Remote
[2026-07-24 03:01]     0 results
[2026-07-24 03:01]   Chief of Staff DTC — New York
[2026-07-24 03:01]     0 results
[2026-07-24 03:01]   Head of Operations DTC — Remote
[2026-07-24 03:01]     0 results
[2026-07-24 03:01]   Head of Operations DTC — New York
[2026-07-24 03:01]     10 results
[2026-07-24 03:01]     + Sr. Manager DTC Operations & Support @ Ralph Lauren (New York, NY, États-Unis) [LinkedIn · Easy Apply]
[2026-07-24 03:01]   Head of Operations ecommerce — Remote
[2026-07-24 03:01]     0 results
[2026-07-24 03:01]   Head of Operations ecommerce — New York
[2026-07-24 03:02]     10 results
[2026-07-24 03:02]   Director of Operations ecommerce — Remote
[2026-07-24 03:02]     0 results
[2026-07-24 03:02]   Director of Operations ecommerce — New York
[2026-07-24 03:02]     10 results
[2026-07-24 03:02]   EOS Integrator — Remote
[2026-07-24 03:02]     0 results
[2026-07-24 03:02]   EOS Integrator — New York
[2026-07-24 03:02]     3 results
[2026-07-24 03:02]     + COO - Integrator @ 6AM City, LLC (New York, NY)
[2026-07-24 03:02]   Fractional COO — Remote
[2026-07-24 03:02]     0 results
[2026-07-24 03:02]   Fractional COO — New York
[2026-07-24 03:02]     10 results
[2026-07-24 03:02]     + Fractional CFO/CEO/COO/CIO/CRO - B.O. @ Save with Denise (Anywhere) [LinkedIn · Easy Apply]
[2026-07-24 03:02]   VP Operations DTC — Remote
[2026-07-24 03:02]     0 results
[2026-07-24 03:02]   VP Operations DTC — New York
[2026-07-24 03:02]     10 results
[2026-07-24 03:02]   Business Operations Lead startup — Remote
[2026-07-24 03:02]     0 results
[2026-07-24 03:02]   Business Operations Lead startup — New York
[2026-07-24 03:02]     9 results
[2026-07-24 03:02]     + Head of Operations ($150k–$170k + Equity) at well-funded healthtech startup @ CareersElite.com (New York, NY) [LinkedIn · Easy Apply]
[2026-07-24 03:02]     + Workplace & Talent Operations Specialist - AI Startup @ BURKE + CO. (New York, NY) [LinkedIn · Easy Apply]
[2026-07-24 03:02]     + Revenue Operations Manager (B2B SaaS Startup) at PINATA New York, NY @ PINATA (New York, NY)
[2026-07-24 03:02]     + Senior Portfolio Growth Manager, Professional Services, AWS Worldwide Startups @ Amazon Web Services (AWS) (New York, NY) [LinkedIn · Easy Apply]
[2026-07-24 03:02]   Amazon Account Manager agency client portfolio — Remote
[2026-07-24 03:02]     0 results
[2026-07-24 03:02]   Amazon Account Manager agency client portfolio — New York
[2026-07-24 03:02]     0 results
[2026-07-24 03:02]   Amazon Brand Manager Seller Central agency — Remote
[2026-07-24 03:02]     0 results
[2026-07-24 03:02]   Amazon Brand Manager Seller Central agency — New York
[2026-07-24 03:02]     9 results
[2026-07-24 03:02]   Marketplace Account Manager consumer brands — Remote
[2026-07-24 03:02]     0 results
[2026-07-24 03:03]   Marketplace Account Manager consumer brands — New York
[2026-07-24 03:03]     3 results
[2026-07-24 03:03]     + Category Insights Account Manager @ UNFI (Anywhere) [LinkedIn · Easy Apply]
[2026-07-24 03:03]   Ecommerce Account Manager client facing Amazon — Remote
[2026-07-24 03:03]     0 results
[2026-07-24 03:03]   Ecommerce Account Manager client facing Amazon — New York
[2026-07-24 03:03]     3 results
[2026-07-24 03:03]   Amazon Account Director agency — Remote
[2026-07-24 03:03]     0 results
[2026-07-24 03:03]   Amazon Account Director agency — New York
[2026-07-24 03:03]     9 results
[2026-07-24 03:03]     + Global Agency Development Manager, Amazon Ads @ Amazon (New York, NY) [LinkedIn · Easy Apply]
[2026-07-24 03:03]   Senior Account Manager Amazon marketplace agency — Remote
[2026-07-24 03:03]     0 results
[2026-07-24 03:03]   Senior Account Manager Amazon marketplace agency — New York
[2026-07-24 03:03]     1 results
[2026-07-24 03:03]   Brand Strategy Manager Amazon ecommerce — Remote
[2026-07-24 03:03]     0 results
[2026-07-24 03:03]   Brand Strategy Manager Amazon ecommerce — New York
[2026-07-24 03:03]     10 results
[2026-07-24 03:03]     + Merchandising Manager, Amazon @ AS Beauty Group (New York, NY) [LinkedIn · Easy Apply]
[2026-07-24 03:03]   Client Success Manager Amazon agency — Remote
[2026-07-24 03:03]     0 results
[2026-07-24 03:03]   Client Success Manager Amazon agency — New York
[2026-07-24 03:03]     5 results
[2026-07-24 03:03]   Wrote 155 jobs to data/jobs.json (16 new)
[2026-07-24 03:03] ── DEPLOYING via GitLab ──────────────────
[2026-07-24 03:03]   Push done
[2026-07-24 03:04]   Deployed to Vercel
[2026-07-24 03:04] Done.

Scraper exit code: 0
--- Committing and pushing ---
[main 19c79d4] Nightly auto-sync 2026-07-24
 Committer: OpenClaw <openclaw@Sovereigns-Mac-mini.local>
Your name and email address were configured automatically based
on your username and hostname. Please check that they are accurate.
You can suppress this message by setting them explicitly. Run the
following command and follow the instructions in your editor to edit
your configuration file:

    git config --global --edit

After doing this, you may fix the identity used for this commit with:

    git commit --amend --reset-author

 2 files changed, 158 insertions(+)
failed to store: -61
To https://gitlab.com/client-os/client-os.git
 ! [rejected]        main -> main (fetch first)
error: failed to push some refs to 'https://gitlab.com/client-os/client-os.git'
hint: Updates were rejected because the remote contains work that you do not
hint: have locally. This is usually caused by another repository pushing to
hint: the same ref. If you want to integrate the remote changes, use
hint: 'git pull' before pushing again.
hint: See the 'Note about fast-forwards' in 'git push --help' for details.
To https://github.com/angieraja23/client-os.git
   51651c9..19c79d4  main -> main
Vercel CLI 56.4.1 (Node.js 25.8.0)
Retrieving project…
Deploying angieraja23-9144s-projects/client-acquisition-os
Uploading [--------------------] (0.0B/799.8KB)
Uploading [=====---------------] (208.0KB/799.8KB)
Uploading [==========----------] (408.0KB/799.8KB)
Uploading [===============-----] (600.0KB/799.8KB)
Uploading [====================] (799.8KB/799.8KB)
  Inspect         https://vercel.com/angieraja23-9144s-projects/client-acquisition-os/rs4yNHTh9Ak3DjbF9MYQSZ2y4KzM
  Production      https://client-acquisition-8leowatpc-angieraja23-9144s-projects.vercel.app
https://client-acquisition-8leowatpc-angieraja23-9144s-projects.vercel.appBuilding…
Building…
Running build in Washington, D.C., USA (East) – iad1
Build machine configuration: 2 cores, 8 GB
Retrieving list of deployment files...
Previous build caches not available.
Downloading 210 deployment files...
Running "vercel build"
Vercel CLI 56.5.0
Build Completed in /vercel/output [292ms]
Deploying outputs...
[2K[1A[2K[G  Production      https://client-acquisition-8leowatpc-angieraja23-9144s-projects.vercel.app
Completing…
▲ Aliased         https://clientos.angieraja.com

✓ Ready in 13s
=== Deployed: Fri Jul 24 03:04:19 EDT 2026 ===
--- Running tailor ---
=== Tailor started: Fri Jul 24 03:04:19 EDT 2026 ===
Track: ops
SKIP (already tailored): Chief of Staff at Cascade at Jack & Jill
Track: ops
SKIP (already tailored): Chief of Staff to the GM of Housing at Flex
Track: ops
SKIP (already tailored): Executive Assistant to the Chief of Staff at DEPARTMENT OF CORRECTION
Track: amazon
SKIP (already tailored): Associate Manager, Commerce Platform Logistics - Strategy and Operations at DoorDash
Track: amazon
SKIP (already tailored): Sr. Resourcing Operations Manager at MKG Productions, LLC
Track: ops
SKIP (already tailored): Logistics Operations Project Manager at Fluidstack
Track: ops
SKIP (already tailored): Manager, Enrollment Fulfillment Operations at New York Life
Track: amazon
SKIP (already tailored): Ecommerce Manager at Zachys Wine & Liquor
Track: amazon
SKIP (already tailored): Amazon Brand Manager at Cartograph
Track: amazon
SKIP (already tailored): Director of Ecommerce at SBH Fashion
Track: amazon
SKIP (already tailored): Ecommerce Marketplace Manager at Universal Perfumes & Cosmetics
Track: amazon
SKIP (already tailored): Client Account Manager, Digital Accounts at Amsive
Track: ops
SKIP (already tailored): DTC Performance & Growth Marketing Manager at Blueair North America
Track: amazon
SKIP (already tailored): AWS Sr. Enterprise Account Manager, Automotive & Manufacturing at Amazon Web Services (AWS)
Track: amazon
SKIP (already tailored): Senior Amazon Brand Manager at GNO Partners
Track: amazon
SKIP (already tailored): Campaign & Creative Manager, Campaign & Creative Management, Amazon at Amazon
Track: amazon
SKIP (already tailored): Sr. Marketing Manager, Engagement, WW Amazon Flex, Amazon Flex at Amazon
Track: amazon
SKIP (already tailored): Director, Amazon at Nécessaire, Inc.
Track: amazon
SKIP (already tailored): Amazon & Marketplace Account Growth Manager at The PCA Group
Track: amazon
SKIP (already tailored): Remote Amazon Marketplace Manager at Foxelli Group Remote at Foxelli Group
Track: amazon
SKIP (already tailored): E-commerce Growth Manager at BURDLIFE
Track: amazon
SKIP (already tailored): Marketplace Manager at PetsWorld Inc
Track: amazon
SKIP (already tailored): TikTok Shop Account Manager at KAMP Agency
Track: amazon
SKIP (already tailored): Sales Account Manager, US LCS, Consumer Electronics at Amazon
Track: amazon
SKIP (already tailored): Director of Operations — Digital & Ecommerce at Maxima Apparel
Track: amazon
SKIP (already tailored): Senior Manager, Ecommerce at SBH Fashion
Track: amazon
SKIP (already tailored): Sales Account Manager, LCS Acquisitions at Amazon
Track: ops
SKIP (already tailored): Chief of Staff - AI-native startup is rewiring a trillion-dollar consumer industry at Big Wave Digital
Track: ops
SKIP (already tailored): COO/EOS Integrator at CBIZ Talent Solutions
Track: ops
SKIP (already tailored): Office Operations at Series B AI Startup at Bloom Talent
Track: ops
SKIP (already tailored): Office & Operations Lead — Startup NYC (Equity) at The Talent Post
Track: ops
SKIP (already tailored): Jr. Amazon Account Coordinator at Tiide Commerce
Track: ops
SKIP (already tailored): Amazon Account Coordinator - Affiliate Marketing Agency at Ikon Digital Media
Track: ops
SKIP (already tailored): Manager, Amazon - Origins at DECIEM | THE ABNORMAL BEAUTY COMPANY
Track: amazon
SKIP (already tailored): Website for Amazon Account Management at Upwork
Track: amazon
SKIP (already tailored): Sr Product Marketing Manager, WW New Customer Registration, Amazon Business at Amazon
Track: amazon
SKIP (already tailored): Amazon Marketplace Specialist at Master Wholesale International, Inc.
Track: amazon
SKIP (already tailored): Senior Brand Manager, eCommerce Agency at Jobot
Track: amazon
SKIP (already tailored): Category Manager Intern (TikTok Shop - Operations) - 2026 Summer (MBA) at TikTok
Track: amazon
SKIP (already tailored): Ecommerce Optimization Manager at Clean Simple Eats, LLC.
Track: amazon
SKIP (already tailored): National Account Manager - Amazon at Scholastic
Track: amazon
SKIP (already tailored): Sales Account Manager, US LCS, Consumer Electronics at Amazon Advertising LLC
Track: ops
SKIP (already tailored): Director of Business Operations, SaaS | AI | eCommerce at Get Plus - The Autonomous Commerce OS
Track: amazon
SKIP (already tailored): AWS Account Manager, FSI at Amazon Web Services (AWS)
Track: amazon
SKIP (already tailored): Sr. Account Manager-RRT, Startups at Amazon Web Services (AWS)
Track: ops
SKIP (already tailored): Amazon Specialist at My Amazon Guy
Track: amazon
SKIP (already tailored): Strategic Account Manager, Amazon Publisher Services at Amazon
Track: amazon
SKIP (already tailored): Account Manager I, Amazon Global Logistics at Amazon Global Logistics
Track: amazon
SKIP (already tailored): VP, Ecommerce at Grüns
Track: amazon
SKIP (already tailored): Senior Director of Ecommerce & Growth at CleanBoss Inc.
Track: amazon
SKIP (already tailored): National Account Manager, Beauty (Direct eCommerce) at Dyson Direct Inc
Track: amazon
SKIP (already tailored): Sales Account Manager, Fashion Advertising Account Management, Fashion Advertising Account Management at Amazon
Track: amazon
SKIP (already tailored): Sales Account Manager, US LCS at Amazon
Track: amazon
SKIP (already tailored): Sr. Account Manager-RRT, Startups at Amazon Web Services, Inc.
Track: ops
SKIP (already tailored): Executive Assistant to Founder & Operations at Early-stage, Mission-driven Startup at Bloom Talent
Track: ops
SKIP (already tailored): Sr.  Amazon Ads Account Manager at Freshdesk
Track: amazon
SKIP (already tailored): Account Manager I, Hub Delivery at Amazon
Track: amazon
SKIP (already tailored): Sales Account Manager, Fashion, Sales, Advertising, & Account Management at Amazon
Track: amazon
SKIP (already tailored): National Account Manager, Amazon at ACCO Brands
Track: amazon
SKIP (already tailored): Sr. Product Marketing Manager , Amazon Live Creator Partnerships at Amazon
Track: amazon
SKIP (already tailored): Senior Amazon Brand Growth Lead Remote at Ballard House
Track: amazon
SKIP (already tailored): Ecommerce Assistant Manager (Amazon Focus) at Kiss Beauty Group
Track: amazon
SKIP (already tailored): Ecommerce Specialist (Amazon Focus) at Kiss Beauty Group
Track: amazon
SKIP (already tailored): Digital Commerce Specialist- Amazon at Kiss Beauty Group
Track: amazon
SKIP (already tailored): eCommerce Manager Delivery Claims & Incidents at Hermès
Track: amazon
SKIP (already tailored): Ecommerce Assistant Manager at Kiss Beauty Group
Track: amazon
SKIP (already tailored): eCommerce Lead FT @ Guggenheim at Event Network, LLC
Track: amazon
SKIP (already tailored): Director, eCommerce - Stuart Weitzman at Caleres, Inc.
Track: amazon
SKIP (already tailored): Operations Manager, Social Commerce at AMOREPACIFIC
Track: amazon
SKIP (already tailored): Sales Account Manager, Live Sports at Amazon
Track: amazon
SKIP (already tailored): Sales Account Manager, Fashion Advertising Account Management, Fashion Advertising Account Management at Amazon Advertising LLC
Track: amazon
SKIP (already tailored): Principal Account Manager, ISV at Amazon Web Services (AWS)
Track: amazon
SKIP (already tailored): Sales Account Manager (Fashion, Sales, Advertising, & Account Management) at Amazon
Track: ops
SKIP (already tailored): Chief Operations Officer In Residence – Startup Fintech at Scalata.ai
Track: ops
SKIP (already tailored): Fractional CEO for Small Businesses at How to Manage a Small Law Firm II, Incorporated
Track: ops
SKIP (already tailored): Manager, Digital Merchandising, Amazon at Kiss Beauty Group
Track: amazon
SKIP (already tailored): Amazon Account Strategist -  Amazon Seller & Vendor Central required! at VENDO – A PLTFRM Company
Track: amazon
SKIP (already tailored): E-Commerce Operations Manager at TOM FORD FASHION
Track: amazon
SKIP (already tailored): Ecommerce Manager (Beauty) at Solomon Page
Track: amazon
SKIP (already tailored): Manager, Book Sales & eCommerce at AWA Studios
Track: amazon
SKIP (already tailored): Ecommerce Assistant Manager at Ivy Enterprises, Inc.
Track: amazon
SKIP (already tailored): Account Manager, US Govtech Mid-Market at Amazon Web Services (AWS)
Track: ops
SKIP (already tailored): eCommerce Operations Manager at Adecco
Track: amazon
SKIP (already tailored): Account Manager I, Business Development, Amazon Global Logistics at Amazon
Track: amazon
SKIP (already tailored): Remote Amazon Brand Manager | Growth & Strategy Lead at Tiide Commerce
Track: amazon
SKIP (already tailored): Senior Applied Science Manager, Amazon Sponsored Products & Brands at Amazon
Track: amazon
SKIP (already tailored): Amazon Marketplace Manager | Amazon US & AU | PPC, SEO, Seller Central & Growth Any Posted on 2026-07-09 12:19:24 at Amazon Marketplace Manager — Amazon US, Amazon AU & Walmart US
Track: amazon
SKIP (already tailored): Ecommerce Merchandising Manager at Dana-co LLC
Track: amazon
SKIP (already tailored): Ecommerce Assistant Manager at Kiss Products
Track: amazon
SKIP (already tailored): Senior Ecommerce Account Manager, Beauty at The PCA Companies
Track: amazon
SKIP (already tailored): eCommerce Account Manager - Hybrid/Remote at Vtldesign
Track: amazon
SKIP (already tailored): Strategic Ecommerce Account Manager | Growth & Partnerships at scandiweb
Track: amazon
SKIP (already tailored): Senior Manager of Ecommerce Operations at Hadley Designs
Track: amazon
SKIP (already tailored): Sr. Account Manager, ISV, ISV at Amazon Web Services (AWS)
Track: amazon
SKIP (already tailored): AWS Sr. Enterprise Account Manager, FSI-Capital Markets, FSI-Capital Markets at Amazon Web Services (AWS)
Track: ops
SKIP (already tailored): Remote Fractional COO: Scale Operations for Owners at How To MANAGE a Small Law Firm
Track: ops
SKIP (already tailored): Contracts Manager, Buy with Prime & Amazon Multi-Channel Fulfillment at Amazon
Track: amazon
SKIP (already tailored): Global Creative Strategist, Brand Innovation Lab, Amazon Ads Brand Innovation Lab at Amazon
Track: amazon
SKIP (already tailored): Sr. Paid Media Marketing Manager, Amazon Ads, Paid and Social Media Team, Amazon Ads at Amazon
Track: amazon
SKIP (already tailored): Head of Ecommerce at CHARLES & KEITH GROUP
Track: amazon
SKIP (already tailored): Manager, Customer Insights + Analytics (Ecommerce) at Pandora
Track: amazon
SKIP (already tailored): Junior Account Manager, Ecommerce at Tangle Teezer Ltd
Track: amazon
SKIP (already tailored): Junior Ecommerce Account Manager | Hybrid Role at BIC
Track: amazon
SKIP (already tailored): Senior Sales Account Manager, US LCS at Amazon
Track: amazon
SKIP (already tailored): Sr Client Account Manager, Amazon at Pinterest
Track: ops
SKIP (already tailored): Startup Operations Lead at Trekker Auto
Track: ops
SKIP (already tailored): Head of Operations ($150k-$195k + Equity) at well-funded healthtech startup at Jack & Jill
Track: ops
SKIP (already tailored): Amazon Advertising Manager at Cartograph
Track: amazon
SKIP (already tailored): Account Manager, Telecom at Amazon
Track: amazon
SKIP (already tailored): Strategic Account Manager, Amazon at Eaton Corporation
Track: amazon
SKIP (already tailored): Senior IT&S Project Manager at Northwell Careers
Track: amazon
SKIP (already tailored): Account Manager - E-Comm and Design at DADA Goldberg
Track: amazon
SKIP (already tailored): Ecommerce Account Manager, Amazon at Justrite Safety Group
Track: amazon
SKIP (already tailored): Senior Sales Account Manager, Sponsored Ads (Paid Search), Large Customer Sales Advertising at Amazon
Track: ops
SKIP (already tailored): Global SVP eCommerce Solutions at NielsenIQ
Track: ops
SKIP (already tailored): Director of International Ecommerce at Veronica Beard
Track: ops
SKIP (already tailored): Manager of Ecommerce at SBH Fashion
Track: ops
SKIP (already tailored): Chief Operations Officer, Marketing, Advertising & eCommerce at Confidential
Track: amazon
SKIP (already tailored): Sr. Marketing Manager, GTM, Amazon Flex, Amazon Flex at Amazon
Track: amazon
SKIP (already tailored): Director, Marketplace NAM at Pandora
Track: amazon
SKIP (already tailored): Senior eCommerce Analyst - Tommy Hilfiger at PVH
Track: amazon
SKIP (already tailored): E-Commerce Marketplace Specialist at JW Mobile
Track: amazon
SKIP (already tailored): LatAm Ecommerce Operations Manager Contract at Rad-Hires
Track: amazon
SKIP (already tailored): Senior Sales Account Manager, Sponsored Ads (Paid Search), Large Customer Sales Advertising at Amazon Advertising LLC
Track: amazon
SKIP (already tailored): TAM Manager, Video Advertising, Amazon Prime Video Ads at Amazon
Track: ops
SKIP (already tailored): Head of Operations / VP of Operations at Go Fractional
Track: ops
SKIP (already tailored): Business Operations Lead at Castle
Track: ops
SKIP (already tailored): People Operations Lead — Startup HR Leader (Hybrid) at Clarity Recruiting
Track: ops
SKIP (already tailored): Account Executive - Public Sector, Enterprise - New York, Amazon Web Services at Amazon Web Services (AWS)
Track: amazon
SKIP (already tailored): Sr. Amazon Brand Manager at Upwork
Track: amazon
SKIP (already tailored): Manager - Amazon eCommerce (WCB) at L'Oréal
Track: amazon
SKIP (already tailored): Senior Specialist, Customer Experience, Amazon - Marketplace Partnership at Front Row
Track: amazon
SKIP (already tailored): Amazon Marketplace Growth & Global Sourcing Manager (Full-Time, Remote) Full Time Posted on 2026-07-20 13:52:54 $7 per hour at Amazon Marketplace Growth & Global Sourcing Manager (Full-Time, Remote)
Track: amazon
SKIP (already tailored): Director of Ecommerce at Outdoor Collective
Track: amazon
SKIP (already tailored): Director eCommerce Capabilities at TeHiring.com
Track: ops
SKIP (already tailored): Associate Tech Strategy and Business Operations at Fanatics Collectibles
Track: ops
SKIP (already tailored): Retail Media Account Manager (Amazon and TikTok Shop) at WITHIN
Track: ops
SKIP (already tailored): Programmatic Solutions Consultant, Amazon Ads at Amazon
Track: ops
SKIP (already tailored): Marketing Manager, Amazon Pickup Program , PARP Traffic at Amazon
Track: amazon
Using resume: master_amazon.json

Tailoring resume for: Amazon 1P Vendor Account Manager | Brooklyn, NY · $175K–$200K + Commission - 2447 at Bhired
Extracting keywords via Claude Haiku...
Top ATS keywords: ['Amazon 1P Vendor Management', 'Account Management', 'Sales Strategy', 'P&L Management', 'Vendor Relations', 'KPI Tracking']

Match score BEFORE tailoring: 100/100
  Already in resume: ['Amazon 1P Vendor Management', 'Account Management', 'Sales Strategy', 'P&L Management', 'Vendor Relations', 'KPI Tracking']
  Missing: []

Match score AFTER tailoring: 100/100

Tailored resume saved: /Users/openclaw/job-search-agent/resumes/tailored/bhired_amazon-1p-vendor-account-manager-brookly.docx
Track: amazon
Using resume: master_amazon.json

Tailoring resume for: Amazon Marketplace Director – remote freelance at 24 Seven Talent
Extracting keywords via Claude Haiku...
Top ATS keywords: ['Amazon Seller Central', 'Marketplace Management', 'P&L Management', 'Channel Strategy', 'KPI Tracking', 'Vendor Relations']

Match score BEFORE tailoring: 100/100
  Already in resume: ['Amazon Seller Central', 'Marketplace Management', 'P&L Management', 'Channel Strategy', 'KPI Tracking', 'Vendor Relations']
  Missing: []

Match score AFTER tailoring: 100/100

Tailored resume saved: /Users/openclaw/job-search-agent/resumes/tailored/24-seven-talent_amazon-marketplace-director-remote-freel.docx
Track: amazon
Using resume: master_amazon.json

Tailoring resume for: Ecommerce Manager, Amazon & eRetailers (Hybrid Role - New York) at OLAPLEX
Extracting keywords via Claude Haiku...
Top ATS keywords: ['Amazon Seller Central', 'Ecommerce Strategy', 'P&L Management', 'Channel Management', 'KPI Tracking', 'Vendor Relations']

Match score BEFORE tailoring: 100/100
  Already in resume: ['Amazon Seller Central', 'Ecommerce Strategy', 'P&L Management', 'Channel Management', 'KPI Tracking', 'Vendor Relations']
  Missing: []

Match score AFTER tailoring: 100/100

Tailored resume saved: /Users/openclaw/job-search-agent/resumes/tailored/olaplex_ecommerce-manager-amazon-eretailers-hybr.docx
Track: amazon
Using resume: master_amazon.json

Tailoring resume for: US Market + Marketing Manager (m/f/d) - 3x German Shopify E-Commerce Brands - 100% remote at Lyto Brands Group GmbH
Extracting keywords via Claude Haiku...
Top ATS keywords: ['Shopify E-Commerce', 'US Market Expansion', 'Digital Marketing Strategy', 'Brand Management', 'P&L Management', 'Marketing Analytics']

Match score BEFORE tailoring: 100/100
  Already in resume: ['Shopify E-Commerce', 'US Market Expansion', 'Digital Marketing Strategy', 'Brand Management', 'P&L Management', 'Marketing Analytics']
  Missing: []

Match score AFTER tailoring: 100/100

Tailored resume saved: /Users/openclaw/job-search-agent/resumes/tailored/lyto-brands-group-gmbh_us-market-marketing-manager-m-f-d-3x-ger.docx
Track: amazon
Using resume: master_amazon.json

Tailoring resume for: Pandora Manager, Customer Insights + Analytics (Ecommerce) at Pandora
Extracting keywords via Claude Haiku...
Top ATS keywords: ['Customer Analytics', 'Ecommerce Strategy', 'Data Analysis', 'Customer Insights', 'KPI Management', 'Cross-Functional Leadership']

Match score BEFORE tailoring: 100/100
  Already in resume: ['Customer Analytics', 'Ecommerce Strategy', 'Data Analysis', 'Customer Insights', 'KPI Management', 'Cross-Functional Leadership']
  Missing: []

Match score AFTER tailoring: 100/100

Tailored resume saved: /Users/openclaw/job-search-agent/resumes/tailored/pandora_pandora-manager-customer-insights-analyt.docx
Track: amazon
Using resume: master_amazon.json

Tailoring resume for: Sales Account Manager, Gold Accelerator at Amazon
Extracting keywords via Claude Haiku...
Top ATS keywords: ['Account Management', 'Sales Strategy', 'Amazon Seller Central', 'KPI Tracking', 'Client Relationship Management', 'Revenue Growth']

Match score BEFORE tailoring: 100/100
  Already in resume: ['Account Management', 'Sales Strategy', 'Amazon Seller Central', 'KPI Tracking', 'Client Relationship Management', 'Revenue Growth']
  Missing: []

Match score AFTER tailoring: 100/100

Tailored resume saved: /Users/openclaw/job-search-agent/resumes/tailored/amazon_sales-account-manager-gold-accelerator.docx
Track: ops
Using resume: master_ops.json

Tailoring resume for: Sr. Manager DTC Operations & Support at Ralph Lauren
Extracting keywords via Claude Haiku...
Top ATS keywords: ['DTC Operations Management', 'Customer Support Leadership', 'P&L Management', 'Cross-Functional Leadership', 'KPI Tracking', 'Process Optimization']

Match score BEFORE tailoring: 100/100
  Already in resume: ['DTC Operations Management', 'Customer Support Leadership', 'P&L Management', 'Cross-Functional Leadership', 'KPI Tracking', 'Process Optimization']
  Missing: []

Match score AFTER tailoring: 100/100

Tailored resume saved: /Users/openclaw/job-search-agent/resumes/tailored/ralph-lauren_sr-manager-dtc-operations-support.docx
Track: ops
Using resume: master_ops.json

Tailoring resume for: COO - Integrator at 6AM City, LLC
Extracting keywords via Claude Haiku...
Top ATS keywords: ['Operations Management', 'Strategic Planning', 'P&L Management', 'Cross-Functional Leadership', 'Process Optimization', 'KPI Tracking']

Match score BEFORE tailoring: 100/100
  Already in resume: ['Operations Management', 'Strategic Planning', 'P&L Management', 'Cross-Functional Leadership', 'Process Optimization', 'KPI Tracking']
  Missing: []

Match score AFTER tailoring: 100/100

Tailored resume saved: /Users/openclaw/job-search-agent/resumes/tailored/6am-city-llc_coo-integrator.docx
Track: ops
Using resume: master_ops.json

Tailoring resume for: Fractional CFO/CEO/COO/CIO/CRO - B.O. at Save with Denise
Extracting keywords via Claude Haiku...
Top ATS keywords: ['Financial Planning & Analysis', 'Executive Leadership', 'Operations Management', 'Strategic Business Planning', 'P&L Management', 'Business Development']

Match score BEFORE tailoring: 100/100
  Already in resume: ['Financial Planning & Analysis', 'Executive Leadership', 'Operations Management', 'Strategic Business Planning', 'P&L Management', 'Business Development']
  Missing: []

Match score AFTER tailoring: 100/100

Tailored resume saved: /Users/openclaw/job-search-agent/resumes/tailored/save-with-denise_fractional-cfo-ceo-coo-cio-cro-b-o.docx
Track: ops
Using resume: master_ops.json

Tailoring resume for: Head of Operations ($150k–$170k + Equity) at well-funded healthtech startup at CareersElite.com
Extracting keywords via Claude Haiku...
Top ATS keywords: ['Operations Management', 'Process Optimization', 'Cross-Functional Leadership', 'P&L Management', 'Healthcare/Healthtech', 'Strategic Planning']

Match score BEFORE tailoring: 83/100
  Already in resume: ['Operations Management', 'Process Optimization', 'Cross-Functional Leadership', 'P&L Management', 'Strategic Planning']
  Missing: ['Healthcare/Healthtech']

Match score AFTER tailoring: 100/100

Tailored resume saved: /Users/openclaw/job-search-agent/resumes/tailored/careerselite-com_head-of-operations-150k-170k-equity-at-w.docx
Track: ops
Using resume: master_ops.json

Tailoring resume for: Workplace & Talent Operations Specialist - AI Startup at BURKE + CO.
Extracting keywords via Claude Haiku...
Top ATS keywords: ['Talent Operations', 'HR Systems Management', 'Employee Experience', 'Recruitment Coordination', 'Operations Management', 'Process Improvement']

Match score BEFORE tailoring: 83/100
  Already in resume: ['Talent Operations', 'HR Systems Management', 'Employee Experience', 'Operations Management', 'Process Improvement']
  Missing: ['Recruitment Coordination']

Match score AFTER tailoring: 100/100

Tailored resume saved: /Users/openclaw/job-search-agent/resumes/tailored/burke-co_workplace-talent-operations-specialist-a.docx
Track: ops
Using resume: master_ops.json

Tailoring resume for: Revenue Operations Manager (B2B SaaS Startup) at PINATA New York, NY at PINATA
Extracting keywords via Claude Haiku...
Top ATS keywords: ['Revenue Operations', 'Sales Pipeline Management', 'CRM Administration', 'Cross-Functional Leadership', 'SaaS Metrics', 'Process Optimization']

Match score BEFORE tailoring: 83/100
  Already in resume: ['Revenue Operations', 'Sales Pipeline Management', 'Cross-Functional Leadership', 'SaaS Metrics', 'Process Optimization']
  Missing: ['CRM Administration']

Match score AFTER tailoring: 100/100

Tailored resume saved: /Users/openclaw/job-search-agent/resumes/tailored/pinata_revenue-operations-manager-b2b-saas-star.docx
Track: ops
Using resume: master_ops.json

Tailoring resume for: Senior Portfolio Growth Manager, Professional Services, AWS Worldwide Startups at Amazon Web Services (AWS)
Extracting keywords via Claude Haiku...
Top ATS keywords: ['Portfolio Management', 'Business Development', 'Startup Ecosystem', 'AWS Services', 'Strategic Planning', 'Cross-Functional Leadership']

Match score BEFORE tailoring: 66/100
  Already in resume: ['Portfolio Management', 'Business Development', 'Strategic Planning', 'Cross-Functional Leadership']
  Missing: ['Startup Ecosystem', 'AWS Services']

Match score AFTER tailoring: 100/100

Tailored resume saved: /Users/openclaw/job-search-agent/resumes/tailored/amazon-web-services-aws_senior-portfolio-growth-manager-professi.docx
Track: ops
Using resume: master_ops.json

Tailoring resume for: Category Insights Account Manager at UNFI
Extracting keywords via Claude Haiku...
Top ATS keywords: ['Category Management', 'Account Management', 'Data Analysis', 'Sales Strategy', 'Client Relationship Management', 'Business Intelligence']

Match score BEFORE tailoring: 100/100
  Already in resume: ['Category Management', 'Account Management', 'Data Analysis', 'Sales Strategy', 'Client Relationship Management', 'Business Intelligence']
  Missing: []

Match score AFTER tailoring: 100/100

Tailored resume saved: /Users/openclaw/job-search-agent/resumes/tailored/unfi_category-insights-account-manager.docx
Track: ops
Using resume: master_ops.json

Tailoring resume for: Global Agency Development Manager, Amazon Ads at Amazon
Extracting keywords via Claude Haiku...
Top ATS keywords: ['Agency Management', 'Business Development', 'Account Strategy', 'Performance Metrics', 'Stakeholder Relations', 'Sales Growth']

Match score BEFORE tailoring: 100/100
  Already in resume: ['Agency Management', 'Business Development', 'Account Strategy', 'Performance Metrics', 'Stakeholder Relations', 'Sales Growth']
  Missing: []

Match score AFTER tailoring: 100/100

Tailored resume saved: /Users/openclaw/job-search-agent/resumes/tailored/amazon_global-agency-development-manager-amazon.docx
Track: ops
Using resume: master_ops.json

Tailoring resume for: Merchandising Manager, Amazon at AS Beauty Group
Extracting keywords via Claude Haiku...
Top ATS keywords: ['Merchandising Strategy', 'Amazon Seller Central', 'Inventory Management', 'P&L Management', 'Cross-Functional Leadership', 'Vendor Management']

Match score BEFORE tailoring: 100/100
  Already in resume: ['Merchandising Strategy', 'Amazon Seller Central', 'Inventory Management', 'P&L Management', 'Cross-Functional Leadership', 'Vendor Management']
  Missing: []

Match score AFTER tailoring: 100/100

Tailored resume saved: /Users/openclaw/job-search-agent/resumes/tailored/as-beauty-group_merchandising-manager-amazon.docx
=== Tailor complete: 155 tailored, 0 failed at Fri Jul 24 03:23:19 EDT 2026 ===
[main 96767ca] Sync tailored resumes 2026-07-24
 Committer: OpenClaw <openclaw@Sovereigns-Mac-mini.local>
Your name and email address were configured automatically based
on your username and hostname. Please check that they are accurate.
You can suppress this message by setting them explicitly. Run the
following command and follow the instructions in your editor to edit
your configuration file:

    git config --global --edit

After doing this, you may fix the identity used for this commit with:

    git commit --amend --reset-author

 16 files changed, 0 insertions(+), 0 deletions(-)
 create mode 100644 resumes/tailored/24-seven-talent_amazon-marketplace-director-remote-freel.docx
 create mode 100644 resumes/tailored/6am-city-llc_coo-integrator.docx
 create mode 100644 resumes/tailored/amazon-web-services-aws_senior-portfolio-growth-manager-professi.docx
 create mode 100644 resumes/tailored/amazon_global-agency-development-manager-amazon.docx
 create mode 100644 resumes/tailored/amazon_sales-account-manager-gold-accelerator.docx
 create mode 100644 resumes/tailored/as-beauty-group_merchandising-manager-amazon.docx
 create mode 100644 resumes/tailored/bhired_amazon-1p-vendor-account-manager-brookly.docx
 create mode 100644 resumes/tailored/burke-co_workplace-talent-operations-specialist-a.docx
 create mode 100644 resumes/tailored/careerselite-com_head-of-operations-150k-170k-equity-at-w.docx
 create mode 100644 resumes/tailored/lyto-brands-group-gmbh_us-market-marketing-manager-m-f-d-3x-ger.docx
 create mode 100644 resumes/tailored/olaplex_ecommerce-manager-amazon-eretailers-hybr.docx
 create mode 100644 resumes/tailored/pandora_pandora-manager-customer-insights-analyt.docx
 create mode 100644 resumes/tailored/pinata_revenue-operations-manager-b2b-saas-star.docx
 create mode 100644 resumes/tailored/ralph-lauren_sr-manager-dtc-operations-support.docx
 create mode 100644 resumes/tailored/save-with-denise_fractional-cfo-ceo-coo-cio-cro-b-o.docx
 create mode 100644 resumes/tailored/unfi_category-insights-account-manager.docx
failed to store: -61
To https://gitlab.com/client-os/client-os.git
 ! [rejected]        main -> main (fetch first)
error: failed to push some refs to 'https://gitlab.com/client-os/client-os.git'
hint: Updates were rejected because the remote contains work that you do not
hint: have locally. This is usually caused by another repository pushing to
hint: the same ref. If you want to integrate the remote changes, use
hint: 'git pull' before pushing again.
hint: See the 'Note about fast-forwards' in 'git push --help' for details.
To https://github.com/angieraja23/client-os.git
   19c79d4..96767ca  main -> main
Vercel CLI 56.4.1 (Node.js 25.8.0)
Retrieving project…
Deploying angieraja23-9144s-projects/client-acquisition-os
Uploading [--------------------] (0.0B/1.2MB)
Uploading [=====---------------] (305.4KB/1.2MB)
Uploading [==========----------] (604.7KB/1.2MB)
Uploading [===============-----] (914.8KB/1.2MB)
Uploading [====================] (1.2MB/1.2MB)
  Inspect         https://vercel.com/angieraja23-9144s-projects/client-acquisition-os/81AK3puYHU8hWuLgAtRKVFebK4uX
  Production      https://client-acquisition-phjpeykl7-angieraja23-9144s-projects.vercel.app
https://client-acquisition-phjpeykl7-angieraja23-9144s-projects.vercel.appBuilding…
Building…
Running build in Washington, D.C., USA (East) – iad1
Build machine configuration: 2 cores, 8 GB
Retrieving list of deployment files...
Previous build caches not available.
Downloading 226 deployment files...
Running "vercel build"
Vercel CLI 56.5.0
Build Completed in /vercel/output [315ms]
Deploying outputs...
[2K[1A[2K[G  Production      https://client-acquisition-phjpeykl7-angieraja23-9144s-projects.vercel.app
Completing…
▲ Aliased         https://clientos.angieraja.com

✓ Ready in 14s
=== Resumes synced and deployed ===
=== Digest sent ===
=== Run finished: Fri Jul 24 03:23:38 EDT 2026 ===
=== Run started: Mon Jul 27 03:00:00 EDT 2026 ===
PATH=/opt/homebrew/bin:/opt/homebrew/sbin:/usr/local/bin:/usr/bin:/bin:/usr/sbin:/sbin
GITLAB_TOKEN=SET
GITHUB_TOKEN=SET
ANTHROPIC_API_KEY=SET
--- Running scraper ---
[main 1b9de62] Weekly refresh 2026-07-27
 Committer: OpenClaw <openclaw@Sovereigns-Mac-mini.local>
Your name and email address were configured automatically based
on your username and hostname. Please check that they are accurate.
You can suppress this message by setting them explicitly. Run the
following command and follow the instructions in your editor to edit
your configuration file:

    git config --global --edit

After doing this, you may fix the identity used for this commit with:

    git commit --amend --reset-author

 6 files changed, 967 insertions(+), 2 deletions(-)
[2026-07-27 03:00] ==================================================
[2026-07-27 03:00] Client Acquisition OS — Weekly Refresh
[2026-07-27 03:00] ── JOBS ─────────────────────────────────
[2026-07-27 03:00]   Amazon Account Manager — Remote
[2026-07-27 03:00]     0 results
[2026-07-27 03:00]   Amazon Account Manager — New York
[2026-07-27 03:00]     10 results
[2026-07-27 03:00]   Amazon Brand Manager — Remote
[2026-07-27 03:00]     0 results
[2026-07-27 03:00]   Amazon Brand Manager — New York
[2026-07-27 03:00]     10 results
[2026-07-27 03:00]     + Product Safety Compliance Manager, Amazon Private Brands, Amazon Private Brands, Product Safety and Compliance @ Amazon (New York, NY) [LinkedIn · Easy Apply]
[2026-07-27 03:00]   Senior Amazon Brand Manager — Remote
[2026-07-27 03:00]     0 results
[2026-07-27 03:00]   Senior Amazon Brand Manager — New York
[2026-07-27 03:00]     0 results
[2026-07-27 03:00]   Amazon Marketplace Manager — Remote
[2026-07-27 03:00]     0 results
[2026-07-27 03:00]   Amazon Marketplace Manager — New York
[2026-07-27 03:00]     10 results
[2026-07-27 03:00]     + National Account Manager, Amazon - US Stationery @ BIC (Anywhere) [LinkedIn · Easy Apply]
[2026-07-27 03:00]   Ecommerce Brand Manager — Remote
[2026-07-27 03:00]     0 results
[2026-07-27 03:00]   Ecommerce Brand Manager — New York
[2026-07-27 03:00]     10 results
[2026-07-27 03:00]     + Sr. Industry Manager, Ecommerce @ Pinterest (New York, NY) [LinkedIn · Easy Apply]
[2026-07-27 03:00]     + Manager, Ecommerce Merchandising & AI @ BIC Corporation (Brooklyn, NY)
[2026-07-27 03:00]   Ecommerce Account Manager — Remote
[2026-07-27 03:00]     0 results
[2026-07-27 03:00]   Ecommerce Account Manager — New York
[2026-07-27 03:01]     0 results
[2026-07-27 03:01]   Marketplace Manager Walmart Amazon — Remote
[2026-07-27 03:01]     0 results
[2026-07-27 03:01]   Marketplace Manager Walmart Amazon — New York
[2026-07-27 03:01]     0 results
[2026-07-27 03:01]   Ecommerce Operations Manager — Remote
[2026-07-27 03:01]     0 results
[2026-07-27 03:01]   Ecommerce Operations Manager — New York
[2026-07-27 03:01]     10 results
[2026-07-27 03:01]     + Marketplace Operations Associate @ Rokt (New York, NY) [LinkedIn · Easy Apply]
[2026-07-27 03:01]     + E-Commerce Operations Manager @ EmergencyMD (Niagara Falls, NY)
[2026-07-27 03:01]     + Remote Ecommerce Operations Manager | Growth & Strategy @ JobRack (Poland, NY)
[2026-07-27 03:01]   DTC Brand Manager — Remote
[2026-07-27 03:01]     0 results
[2026-07-27 03:01]   DTC Brand Manager — New York
[2026-07-27 03:01]     10 results
[2026-07-27 03:01]   Amazon Agency Account Manager — Remote
[2026-07-27 03:01]     0 results
[2026-07-27 03:01]   Amazon Agency Account Manager — New York
[2026-07-27 03:01]     10 results
[2026-07-27 03:01]   Chief of Staff ecommerce — Remote
[2026-07-27 03:01]     0 results
[2026-07-27 03:01]   Chief of Staff ecommerce — New York
[2026-07-27 03:02]     2 results
[2026-07-27 03:02]   Chief of Staff startup — Remote
[2026-07-27 03:02]     0 results
[2026-07-27 03:02]   Chief of Staff startup — New York
[2026-07-27 03:02]     1 results
[2026-07-27 03:02]   Chief of Staff DTC — Remote
[2026-07-27 03:02]     0 results
[2026-07-27 03:02]   Chief of Staff DTC — New York
[2026-07-27 03:02]     0 results
[2026-07-27 03:03]   Head of Operations DTC — Remote
[2026-07-27 03:03]     0 results
[2026-07-27 03:03]   Head of Operations DTC — New York
[2026-07-27 03:03]     10 results
[2026-07-27 03:03]     + DTC Operations Manager – E‑commerce (Hybrid) @ Audio Network Group (New York, NY)
[2026-07-27 03:03]   Head of Operations ecommerce — Remote
[2026-07-27 03:03]     0 results
[2026-07-27 03:03]   Head of Operations ecommerce — New York
[2026-07-27 03:03]     10 results
[2026-07-27 03:03]   Director of Operations ecommerce — Remote
[2026-07-27 03:03]     0 results
[2026-07-27 03:03]   Director of Operations ecommerce — New York
[2026-07-27 03:03]     10 results
[2026-07-27 03:03]   EOS Integrator — Remote
[2026-07-27 03:03]     0 results
[2026-07-27 03:03]   EOS Integrator — New York
[2026-07-27 03:03]     6 results
[2026-07-27 03:03]   Fractional COO — Remote
[2026-07-27 03:03]     0 results
[2026-07-27 03:03]   Fractional COO — New York
[2026-07-27 03:03]     10 results
[2026-07-27 03:03]   VP Operations DTC — Remote
[2026-07-27 03:03]     0 results
[2026-07-27 03:03]   VP Operations DTC — New York
[2026-07-27 03:03]     10 results
[2026-07-27 03:03]   Business Operations Lead startup — Remote
[2026-07-27 03:04]   SerpAPI error: The read operation timed out
[2026-07-27 03:04]     0 results
[2026-07-27 03:04]   Business Operations Lead startup — New York
[2026-07-27 03:04]     8 results
[2026-07-27 03:04]   Amazon Account Manager agency client portfolio — Remote
[2026-07-27 03:04]     0 results
[2026-07-27 03:04]   Amazon Account Manager agency client portfolio — New York
[2026-07-27 03:04]   SerpAPI error: The read operation timed out
[2026-07-27 03:04]     0 results
[2026-07-27 03:04]   Amazon Brand Manager Seller Central agency — Remote
[2026-07-27 03:04]     0 results
[2026-07-27 03:04]   Amazon Brand Manager Seller Central agency — New York
[2026-07-27 03:04]     10 results
[2026-07-27 03:04]   Marketplace Account Manager consumer brands — Remote
[2026-07-27 03:05]     0 results
[2026-07-27 03:05]   Marketplace Account Manager consumer brands — New York
[2026-07-27 03:05]     2 results
[2026-07-27 03:05]   Ecommerce Account Manager client facing Amazon — Remote
[2026-07-27 03:05]     0 results
[2026-07-27 03:05]   Ecommerce Account Manager client facing Amazon — New York
[2026-07-27 03:05]     4 results
[2026-07-27 03:05]   Amazon Account Director agency — Remote
[2026-07-27 03:05]     0 results
[2026-07-27 03:05]   Amazon Account Director agency — New York
[2026-07-27 03:06]     10 results
[2026-07-27 03:06]   Senior Account Manager Amazon marketplace agency — Remote
[2026-07-27 03:06]     0 results
[2026-07-27 03:06]   Senior Account Manager Amazon marketplace agency — New York
[2026-07-27 03:06]     4 results
[2026-07-27 03:06]   Brand Strategy Manager Amazon ecommerce — Remote
[2026-07-27 03:06]     0 results
[2026-07-27 03:06]   Brand Strategy Manager Amazon ecommerce — New York
[2026-07-27 03:06]     10 results
[2026-07-27 03:06]   Client Success Manager Amazon agency — Remote
[2026-07-27 03:06]     0 results
[2026-07-27 03:06]   Client Success Manager Amazon agency — New York
[2026-07-27 03:06]     8 results
[2026-07-27 03:06]   Wrote 163 jobs to data/jobs.json (8 new)
[2026-07-27 03:06] ── CONTACTS ─────────────────────────────
[2026-07-27 03:06]   site:linkedin.com/in "amazon agency" "founder" operatio...
[2026-07-27 03:06]   site:linkedin.com/in "amazon agency" "co-founder"...
[2026-07-27 03:07]   site:linkedin.com/in "amazon agency" founder CEO...
[2026-07-27 03:07]     + Syed Mahad Hussain — Founder & CEO @ 514 Digital @ 
[2026-07-27 03:07]   site:linkedin.com/in "ecommerce agency" founder operati...
[2026-07-27 03:07]     + Simon Lincoln — Founder @ Wearepurplecloud
[2026-07-27 03:07]   site:linkedin.com/in "FBA agency" founder...
[2026-07-27 03:07]   site:linkedin.com/in "amazon seller" founder COO...
[2026-07-27 03:07]     + Lev Shus — CEO / Founder @ AMZ Hustle LLC. 🚀🚀💰💰Over ...
[2026-07-27 03:07]   site:linkedin.com/in "amazon brand" founder operations...
[2026-07-27 03:07]     + Christopher Raub — Founder & CEO @ 2P Central @ 
[2026-07-27 03:07]   site:linkedin.com/in "amazon marketing agency" founder...
[2026-07-27 03:07]   site:linkedin.com/in "ecommerce operations" founder CEO...
[2026-07-27 03:07]     + Yi Zhang — Founding CEO of Rezel Holdings @ 
[2026-07-27 03:07]   site:linkedin.com/in "amazon consulting" founder OR co-...
[2026-07-27 03:07]   Added 5 contacts (total 120)
[2026-07-27 03:07] ── DEPLOYING via GitLab ──────────────────
[2026-07-27 03:07]   Push done
[2026-07-27 03:07]   Deployed to Vercel
[2026-07-27 03:07] Done.

Scraper exit code: 0
--- Committing and pushing ---
[main 6ee128f] Nightly auto-sync 2026-07-27
 Committer: OpenClaw <openclaw@Sovereigns-Mac-mini.local>
Your name and email address were configured automatically based
on your username and hostname. Please check that they are accurate.
You can suppress this message by setting them explicitly. Run the
following command and follow the instructions in your editor to edit
your configuration file:

    git config --global --edit

After doing this, you may fix the identity used for this commit with:

    git commit --amend --reset-author

 2 files changed, 169 insertions(+)
failed to store: -61
To https://gitlab.com/client-os/client-os.git
 ! [rejected]        main -> main (fetch first)
error: failed to push some refs to 'https://gitlab.com/client-os/client-os.git'
hint: Updates were rejected because the remote contains work that you do not
hint: have locally. This is usually caused by another repository pushing to
hint: the same ref. If you want to integrate the remote changes, use
hint: 'git pull' before pushing again.
hint: See the 'Note about fast-forwards' in 'git push --help' for details.
To https://github.com/angieraja23/client-os.git
   96767ca..6ee128f  main -> main
Vercel CLI 56.4.1 (Node.js 25.8.0)
Retrieving project…
Deploying angieraja23-9144s-projects/client-acquisition-os
Uploading [--------------------] (0.0B/848KB)
Uploading [=====---------------] (224.0KB/848KB)
Uploading [==========----------] (432.1KB/848KB)
Uploading [===============-----] (640.1KB/848KB)
Uploading [====================] (848.0KB/848KB)
  Inspect         https://vercel.com/angieraja23-9144s-projects/client-acquisition-os/HjgDdjLspvY1kaDfax9g5pAK1WjV
  Production      https://client-acquisition-24nkzfv5c-angieraja23-9144s-projects.vercel.app
https://client-acquisition-24nkzfv5c-angieraja23-9144s-projects.vercel.appBuilding…
Building…
Running build in Washington, D.C., USA (East) – iad1
Build machine configuration: 2 cores, 8 GB
Retrieving list of deployment files...
Previous build caches not available.
Downloading 226 deployment files...
Running "vercel build"
Vercel CLI 56.5.0
Build Completed in /vercel/output [243ms]
Deploying outputs...
[2K[1A[2K[G  Production      https://client-acquisition-24nkzfv5c-angieraja23-9144s-projects.vercel.app
Completing…
▲ Aliased         https://clientos.angieraja.com

✓ Ready in 11s
=== Deployed: Mon Jul 27 03:07:55 EDT 2026 ===
--- Running tailor ---
=== Tailor started: Mon Jul 27 03:07:55 EDT 2026 ===
Track: ops
SKIP (already tailored): Chief of Staff at Cascade at Jack & Jill
Track: ops
SKIP (already tailored): Chief of Staff to the GM of Housing at Flex
Track: ops
SKIP (already tailored): Executive Assistant to the Chief of Staff at DEPARTMENT OF CORRECTION
Track: amazon
SKIP (already tailored): Associate Manager, Commerce Platform Logistics - Strategy and Operations at DoorDash
Track: amazon
SKIP (already tailored): Sr. Resourcing Operations Manager at MKG Productions, LLC
Track: ops
SKIP (already tailored): Logistics Operations Project Manager at Fluidstack
Track: ops
SKIP (already tailored): Manager, Enrollment Fulfillment Operations at New York Life
Track: amazon
SKIP (already tailored): Ecommerce Manager at Zachys Wine & Liquor
Track: amazon
SKIP (already tailored): Amazon Brand Manager at Cartograph
Track: amazon
SKIP (already tailored): Director of Ecommerce at SBH Fashion
Track: amazon
SKIP (already tailored): Ecommerce Marketplace Manager at Universal Perfumes & Cosmetics
Track: amazon
SKIP (already tailored): Client Account Manager, Digital Accounts at Amsive
Track: ops
SKIP (already tailored): DTC Performance & Growth Marketing Manager at Blueair North America
Track: amazon
SKIP (already tailored): AWS Sr. Enterprise Account Manager, Automotive & Manufacturing at Amazon Web Services (AWS)
Track: amazon
SKIP (already tailored): Senior Amazon Brand Manager at GNO Partners
Track: amazon
SKIP (already tailored): Campaign & Creative Manager, Campaign & Creative Management, Amazon at Amazon
Track: amazon
SKIP (already tailored): Sr. Marketing Manager, Engagement, WW Amazon Flex, Amazon Flex at Amazon
Track: amazon
SKIP (already tailored): Director, Amazon at Nécessaire, Inc.
Track: amazon
SKIP (already tailored): Amazon & Marketplace Account Growth Manager at The PCA Group
Track: amazon
SKIP (already tailored): Remote Amazon Marketplace Manager at Foxelli Group Remote at Foxelli Group
Track: amazon
SKIP (already tailored): E-commerce Growth Manager at BURDLIFE
Track: amazon
SKIP (already tailored): Marketplace Manager at PetsWorld Inc
Track: amazon
SKIP (already tailored): TikTok Shop Account Manager at KAMP Agency
Track: amazon
SKIP (already tailored): Sales Account Manager, US LCS, Consumer Electronics at Amazon
Track: amazon
SKIP (already tailored): Director of Operations — Digital & Ecommerce at Maxima Apparel
Track: amazon
SKIP (already tailored): Senior Manager, Ecommerce at SBH Fashion
Track: amazon
SKIP (already tailored): Sales Account Manager, LCS Acquisitions at Amazon
Track: ops
SKIP (already tailored): Chief of Staff - AI-native startup is rewiring a trillion-dollar consumer industry at Big Wave Digital
Track: ops
SKIP (already tailored): COO/EOS Integrator at CBIZ Talent Solutions
Track: ops
SKIP (already tailored): Office Operations at Series B AI Startup at Bloom Talent
Track: ops
SKIP (already tailored): Office & Operations Lead — Startup NYC (Equity) at The Talent Post
Track: ops
SKIP (already tailored): Jr. Amazon Account Coordinator at Tiide Commerce
Track: ops
SKIP (already tailored): Amazon Account Coordinator - Affiliate Marketing Agency at Ikon Digital Media
Track: ops
SKIP (already tailored): Manager, Amazon - Origins at DECIEM | THE ABNORMAL BEAUTY COMPANY
Track: amazon
SKIP (already tailored): Website for Amazon Account Management at Upwork
Track: amazon
SKIP (already tailored): Sr Product Marketing Manager, WW New Customer Registration, Amazon Business at Amazon
Track: amazon
SKIP (already tailored): Amazon Marketplace Specialist at Master Wholesale International, Inc.
Track: amazon
SKIP (already tailored): Senior Brand Manager, eCommerce Agency at Jobot
Track: amazon
SKIP (already tailored): Category Manager Intern (TikTok Shop - Operations) - 2026 Summer (MBA) at TikTok
Track: amazon
SKIP (already tailored): Ecommerce Optimization Manager at Clean Simple Eats, LLC.
Track: amazon
SKIP (already tailored): National Account Manager - Amazon at Scholastic
Track: amazon
SKIP (already tailored): Sales Account Manager, US LCS, Consumer Electronics at Amazon Advertising LLC
Track: ops
SKIP (already tailored): Director of Business Operations, SaaS | AI | eCommerce at Get Plus - The Autonomous Commerce OS
Track: amazon
SKIP (already tailored): AWS Account Manager, FSI at Amazon Web Services (AWS)
Track: amazon
SKIP (already tailored): Sr. Account Manager-RRT, Startups at Amazon Web Services (AWS)
Track: ops
SKIP (already tailored): Amazon Specialist at My Amazon Guy
Track: amazon
SKIP (already tailored): Strategic Account Manager, Amazon Publisher Services at Amazon
Track: amazon
SKIP (already tailored): Account Manager I, Amazon Global Logistics at Amazon Global Logistics
Track: amazon
SKIP (already tailored): VP, Ecommerce at Grüns
Track: amazon
SKIP (already tailored): Senior Director of Ecommerce & Growth at CleanBoss Inc.
Track: amazon
SKIP (already tailored): National Account Manager, Beauty (Direct eCommerce) at Dyson Direct Inc
Track: amazon
SKIP (already tailored): Sales Account Manager, Fashion Advertising Account Management, Fashion Advertising Account Management at Amazon
Track: amazon
SKIP (already tailored): Sales Account Manager, US LCS at Amazon
Track: amazon
SKIP (already tailored): Sr. Account Manager-RRT, Startups at Amazon Web Services, Inc.
Track: ops
SKIP (already tailored): Executive Assistant to Founder & Operations at Early-stage, Mission-driven Startup at Bloom Talent
Track: ops
SKIP (already tailored): Sr.  Amazon Ads Account Manager at Freshdesk
Track: amazon
SKIP (already tailored): Account Manager I, Hub Delivery at Amazon
Track: amazon
SKIP (already tailored): Sales Account Manager, Fashion, Sales, Advertising, & Account Management at Amazon
Track: amazon
SKIP (already tailored): National Account Manager, Amazon at ACCO Brands
Track: amazon
SKIP (already tailored): Sr. Product Marketing Manager , Amazon Live Creator Partnerships at Amazon
Track: amazon
SKIP (already tailored): Senior Amazon Brand Growth Lead Remote at Ballard House
Track: amazon
SKIP (already tailored): Ecommerce Assistant Manager (Amazon Focus) at Kiss Beauty Group
Track: amazon
SKIP (already tailored): Ecommerce Specialist (Amazon Focus) at Kiss Beauty Group
Track: amazon
SKIP (already tailored): Digital Commerce Specialist- Amazon at Kiss Beauty Group
Track: amazon
SKIP (already tailored): eCommerce Manager Delivery Claims & Incidents at Hermès
Track: amazon
SKIP (already tailored): Ecommerce Assistant Manager at Kiss Beauty Group
Track: amazon
SKIP (already tailored): eCommerce Lead FT @ Guggenheim at Event Network, LLC
Track: amazon
SKIP (already tailored): Director, eCommerce - Stuart Weitzman at Caleres, Inc.
Track: amazon
SKIP (already tailored): Operations Manager, Social Commerce at AMOREPACIFIC
Track: amazon
SKIP (already tailored): Sales Account Manager, Live Sports at Amazon
Track: amazon
SKIP (already tailored): Sales Account Manager, Fashion Advertising Account Management, Fashion Advertising Account Management at Amazon Advertising LLC
Track: amazon
SKIP (already tailored): Principal Account Manager, ISV at Amazon Web Services (AWS)
Track: amazon
SKIP (already tailored): Sales Account Manager (Fashion, Sales, Advertising, & Account Management) at Amazon
Track: ops
SKIP (already tailored): Chief Operations Officer In Residence – Startup Fintech at Scalata.ai
Track: ops
SKIP (already tailored): Fractional CEO for Small Businesses at How to Manage a Small Law Firm II, Incorporated
Track: ops
SKIP (already tailored): Manager, Digital Merchandising, Amazon at Kiss Beauty Group
Track: amazon
SKIP (already tailored): Amazon Account Strategist -  Amazon Seller & Vendor Central required! at VENDO – A PLTFRM Company
Track: amazon
SKIP (already tailored): E-Commerce Operations Manager at TOM FORD FASHION
Track: amazon
SKIP (already tailored): Ecommerce Manager (Beauty) at Solomon Page
Track: amazon
SKIP (already tailored): Manager, Book Sales & eCommerce at AWA Studios
Track: amazon
SKIP (already tailored): Ecommerce Assistant Manager at Ivy Enterprises, Inc.
Track: amazon
SKIP (already tailored): Account Manager, US Govtech Mid-Market at Amazon Web Services (AWS)
Track: ops
SKIP (already tailored): eCommerce Operations Manager at Adecco
Track: amazon
SKIP (already tailored): Account Manager I, Business Development, Amazon Global Logistics at Amazon
Track: amazon
SKIP (already tailored): Remote Amazon Brand Manager | Growth & Strategy Lead at Tiide Commerce
Track: amazon
SKIP (already tailored): Senior Applied Science Manager, Amazon Sponsored Products & Brands at Amazon
Track: amazon
SKIP (already tailored): Amazon Marketplace Manager | Amazon US & AU | PPC, SEO, Seller Central & Growth Any Posted on 2026-07-09 12:19:24 at Amazon Marketplace Manager — Amazon US, Amazon AU & Walmart US
Track: amazon
SKIP (already tailored): Ecommerce Merchandising Manager at Dana-co LLC
Track: amazon
SKIP (already tailored): Ecommerce Assistant Manager at Kiss Products
Track: amazon
SKIP (already tailored): Senior Ecommerce Account Manager, Beauty at The PCA Companies
Track: amazon
SKIP (already tailored): eCommerce Account Manager - Hybrid/Remote at Vtldesign
Track: amazon
SKIP (already tailored): Strategic Ecommerce Account Manager | Growth & Partnerships at scandiweb
Track: amazon
SKIP (already tailored): Senior Manager of Ecommerce Operations at Hadley Designs
Track: amazon
SKIP (already tailored): Sr. Account Manager, ISV, ISV at Amazon Web Services (AWS)
Track: amazon
SKIP (already tailored): AWS Sr. Enterprise Account Manager, FSI-Capital Markets, FSI-Capital Markets at Amazon Web Services (AWS)
Track: ops
SKIP (already tailored): Remote Fractional COO: Scale Operations for Owners at How To MANAGE a Small Law Firm
Track: ops
SKIP (already tailored): Contracts Manager, Buy with Prime & Amazon Multi-Channel Fulfillment at Amazon
Track: amazon
SKIP (already tailored): Global Creative Strategist, Brand Innovation Lab, Amazon Ads Brand Innovation Lab at Amazon
Track: amazon
SKIP (already tailored): Sr. Paid Media Marketing Manager, Amazon Ads, Paid and Social Media Team, Amazon Ads at Amazon
Track: amazon
SKIP (already tailored): Head of Ecommerce at CHARLES & KEITH GROUP
Track: amazon
SKIP (already tailored): Manager, Customer Insights + Analytics (Ecommerce) at Pandora
Track: amazon
SKIP (already tailored): Junior Account Manager, Ecommerce at Tangle Teezer Ltd
Track: amazon
SKIP (already tailored): Junior Ecommerce Account Manager | Hybrid Role at BIC
Track: amazon
SKIP (already tailored): Senior Sales Account Manager, US LCS at Amazon
Track: amazon
SKIP (already tailored): Sr Client Account Manager, Amazon at Pinterest
Track: ops
SKIP (already tailored): Startup Operations Lead at Trekker Auto
Track: ops
SKIP (already tailored): Head of Operations ($150k-$195k + Equity) at well-funded healthtech startup at Jack & Jill
Track: ops
SKIP (already tailored): Amazon Advertising Manager at Cartograph
Track: amazon
SKIP (already tailored): Account Manager, Telecom at Amazon
Track: amazon
SKIP (already tailored): Strategic Account Manager, Amazon at Eaton Corporation
Track: amazon
SKIP (already tailored): Senior IT&S Project Manager at Northwell Careers
Track: amazon
SKIP (already tailored): Account Manager - E-Comm and Design at DADA Goldberg
Track: amazon
SKIP (already tailored): Ecommerce Account Manager, Amazon at Justrite Safety Group
Track: amazon
SKIP (already tailored): Senior Sales Account Manager, Sponsored Ads (Paid Search), Large Customer Sales Advertising at Amazon
Track: ops
SKIP (already tailored): Global SVP eCommerce Solutions at NielsenIQ
Track: ops
SKIP (already tailored): Director of International Ecommerce at Veronica Beard
Track: ops
SKIP (already tailored): Manager of Ecommerce at SBH Fashion
Track: ops
SKIP (already tailored): Chief Operations Officer, Marketing, Advertising & eCommerce at Confidential
Track: amazon
SKIP (already tailored): Sr. Marketing Manager, GTM, Amazon Flex, Amazon Flex at Amazon
Track: amazon
SKIP (already tailored): Director, Marketplace NAM at Pandora
Track: amazon
SKIP (already tailored): Senior eCommerce Analyst - Tommy Hilfiger at PVH
Track: amazon
SKIP (already tailored): E-Commerce Marketplace Specialist at JW Mobile
Track: amazon
SKIP (already tailored): LatAm Ecommerce Operations Manager Contract at Rad-Hires
Track: amazon
SKIP (already tailored): Senior Sales Account Manager, Sponsored Ads (Paid Search), Large Customer Sales Advertising at Amazon Advertising LLC
Track: amazon
SKIP (already tailored): TAM Manager, Video Advertising, Amazon Prime Video Ads at Amazon
Track: ops
SKIP (already tailored): Head of Operations / VP of Operations at Go Fractional
Track: ops
SKIP (already tailored): Business Operations Lead at Castle
Track: ops
SKIP (already tailored): People Operations Lead — Startup HR Leader (Hybrid) at Clarity Recruiting
Track: ops
SKIP (already tailored): Account Executive - Public Sector, Enterprise - New York, Amazon Web Services at Amazon Web Services (AWS)
Track: amazon
SKIP (already tailored): Sr. Amazon Brand Manager at Upwork
Track: amazon
SKIP (already tailored): Manager - Amazon eCommerce (WCB) at L'Oréal
Track: amazon
SKIP (already tailored): Senior Specialist, Customer Experience, Amazon - Marketplace Partnership at Front Row
Track: amazon
SKIP (already tailored): Amazon Marketplace Growth & Global Sourcing Manager (Full-Time, Remote) Full Time Posted on 2026-07-20 13:52:54 $7 per hour at Amazon Marketplace Growth & Global Sourcing Manager (Full-Time, Remote)
Track: amazon
SKIP (already tailored): Director of Ecommerce at Outdoor Collective
Track: amazon
SKIP (already tailored): Director eCommerce Capabilities at TeHiring.com
Track: ops
SKIP (already tailored): Associate Tech Strategy and Business Operations at Fanatics Collectibles
Track: ops
SKIP (already tailored): Retail Media Account Manager (Amazon and TikTok Shop) at WITHIN
Track: ops
SKIP (already tailored): Programmatic Solutions Consultant, Amazon Ads at Amazon
Track: ops
SKIP (already tailored): Marketing Manager, Amazon Pickup Program , PARP Traffic at Amazon
Track: amazon
SKIP (already tailored): Amazon 1P Vendor Account Manager | Brooklyn, NY · $175K–$200K + Commission - 2447 at Bhired
Track: amazon
SKIP (already tailored): Amazon Marketplace Director – remote freelance at 24 Seven Talent
Track: amazon
SKIP (already tailored): Ecommerce Manager, Amazon & eRetailers (Hybrid Role - New York) at OLAPLEX
Track: amazon
SKIP (already tailored): US Market + Marketing Manager (m/f/d) - 3x German Shopify E-Commerce Brands - 100% remote at Lyto Brands Group GmbH
Track: amazon
SKIP (already tailored): Pandora Manager, Customer Insights + Analytics (Ecommerce) at Pandora
Track: amazon
SKIP (already tailored): Sales Account Manager, Gold Accelerator at Amazon
Track: ops
SKIP (already tailored): Sr. Manager DTC Operations & Support at Ralph Lauren
Track: ops
SKIP (already tailored): COO - Integrator at 6AM City, LLC
Track: ops
SKIP (already tailored): Fractional CFO/CEO/COO/CIO/CRO - B.O. at Save with Denise
Track: ops
SKIP (already tailored): Head of Operations ($150k–$170k + Equity) at well-funded healthtech startup at CareersElite.com
Track: ops
SKIP (already tailored): Workplace & Talent Operations Specialist - AI Startup at BURKE + CO.
Track: ops
SKIP (already tailored): Revenue Operations Manager (B2B SaaS Startup) at PINATA New York, NY at PINATA
Track: ops
SKIP (already tailored): Senior Portfolio Growth Manager, Professional Services, AWS Worldwide Startups at Amazon Web Services (AWS)
Track: ops
SKIP (already tailored): Category Insights Account Manager at UNFI
Track: ops
SKIP (already tailored): Global Agency Development Manager, Amazon Ads at Amazon
Track: ops
SKIP (already tailored): Merchandising Manager, Amazon at AS Beauty Group
Track: amazon
Using resume: master_amazon.json

Tailoring resume for: Product Safety Compliance Manager, Amazon Private Brands, Amazon Private Brands, Product Safety and Compliance at Amazon
Extracting keywords via Claude Haiku...
Top ATS keywords: ['Product Safety Compliance', 'Regulatory Compliance', 'Risk Assessment', 'Quality Assurance', 'Supplier Management', 'Documentation Standards']

Match score BEFORE tailoring: 50/100
  Already in resume: ['Product Safety Compliance', 'Supplier Management', 'Documentation Standards']
  Missing: ['Regulatory Compliance', 'Risk Assessment', 'Quality Assurance']

Match score AFTER tailoring: 100/100

Tailored resume saved: /Users/openclaw/job-search-agent/resumes/tailored/amazon_product-safety-compliance-manager-amazon.docx
Track: amazon
Using resume: master_amazon.json

Tailoring resume for: National Account Manager, Amazon - US Stationery at BIC
Extracting keywords via Claude Haiku...
Top ATS keywords: ['Account Management', 'Amazon Vendor Relations', 'Sales Strategy', 'P&L Management', 'Key Account Development', 'Cross-Functional Collaboration']

Match score BEFORE tailoring: 100/100
  Already in resume: ['Account Management', 'Amazon Vendor Relations', 'Sales Strategy', 'P&L Management', 'Key Account Development', 'Cross-Functional Collaboration']
  Missing: []

Match score AFTER tailoring: 100/100

Tailored resume saved: /Users/openclaw/job-search-agent/resumes/tailored/bic_national-account-manager-amazon-us-stati.docx
Track: amazon
Using resume: master_amazon.json

Tailoring resume for: Sr. Industry Manager, Ecommerce at Pinterest
Extracting keywords via Claude Haiku...
Top ATS keywords: ['Ecommerce Strategy', 'P&L Management', 'Cross-Functional Leadership', 'Industry Management', 'KPI Analysis', 'Stakeholder Management']

Match score BEFORE tailoring: 100/100
  Already in resume: ['Ecommerce Strategy', 'P&L Management', 'Cross-Functional Leadership', 'Industry Management', 'KPI Analysis', 'Stakeholder Management']
  Missing: []

Match score AFTER tailoring: 100/100

Tailored resume saved: /Users/openclaw/job-search-agent/resumes/tailored/pinterest_sr-industry-manager-ecommerce.docx
Track: amazon
Using resume: master_amazon.json

Tailoring resume for: Manager, Ecommerce Merchandising & AI at BIC Corporation
Extracting keywords via Claude Haiku...
Top ATS keywords: ['Ecommerce Merchandising', 'AI Implementation', 'Product Strategy', 'P&L Management', 'Cross-Functional Leadership', 'KPI Optimization']

Match score BEFORE tailoring: 66/100
  Already in resume: ['Product Strategy', 'P&L Management', 'Cross-Functional Leadership', 'KPI Optimization']
  Missing: ['Ecommerce Merchandising', 'AI Implementation']

Match score AFTER tailoring: 100/100

Tailored resume saved: /Users/openclaw/job-search-agent/resumes/tailored/bic-corporation_manager-ecommerce-merchandising-ai.docx
Track: amazon
Using resume: master_amazon.json

Tailoring resume for: Marketplace Operations Associate at Rokt
Extracting keywords via Claude Haiku...
Top ATS keywords: ['Marketplace Operations', 'Vendor Management', 'KPI Tracking', 'Cross-Functional Collaboration', 'Process Optimization', 'Data Analysis']

Match score BEFORE tailoring: 100/100
  Already in resume: ['Marketplace Operations', 'Vendor Management', 'KPI Tracking', 'Cross-Functional Collaboration', 'Process Optimization', 'Data Analysis']
  Missing: []

Match score AFTER tailoring: 100/100

Tailored resume saved: /Users/openclaw/job-search-agent/resumes/tailored/rokt_marketplace-operations-associate.docx
Track: amazon
Using resume: master_amazon.json

Tailoring resume for: E-Commerce Operations Manager at EmergencyMD
Extracting keywords via Claude Haiku...
Top ATS keywords: ['E-Commerce Operations', 'Inventory Management', 'Order Fulfillment', 'KPI Tracking', 'Cross-Functional Leadership', 'Process Optimization']

Match score BEFORE tailoring: 100/100
  Already in resume: ['E-Commerce Operations', 'Inventory Management', 'Order Fulfillment', 'KPI Tracking', 'Cross-Functional Leadership', 'Process Optimization']
  Missing: []

Match score AFTER tailoring: 100/100

Tailored resume saved: /Users/openclaw/job-search-agent/resumes/tailored/emergencymd_e-commerce-operations-manager.docx
Track: amazon
Using resume: master_amazon.json

Tailoring resume for: Remote Ecommerce Operations Manager | Growth & Strategy at JobRack
Extracting keywords via Claude Haiku...
Top ATS keywords: ['Ecommerce Operations', 'Growth Strategy', 'P&L Management', 'Inventory Management', 'KPI Tracking', 'Multi-Channel Marketing']

Match score BEFORE tailoring: 100/100
  Already in resume: ['Ecommerce Operations', 'Growth Strategy', 'P&L Management', 'Inventory Management', 'KPI Tracking', 'Multi-Channel Marketing']
  Missing: []

Match score AFTER tailoring: 100/100

Tailored resume saved: /Users/openclaw/job-search-agent/resumes/tailored/jobrack_remote-ecommerce-operations-manager-grow.docx
Track: ops
Using resume: master_ops.json

Tailoring resume for: DTC Operations Manager – E‑commerce (Hybrid) at Audio Network Group
Extracting keywords via Claude Haiku...
Top ATS keywords: ['E-commerce Operations', 'DTC Strategy', 'Inventory Management', 'P&L Management', 'Order Fulfillment', 'Analytics & Reporting']

Match score BEFORE tailoring: 100/100
  Already in resume: ['E-commerce Operations', 'DTC Strategy', 'Inventory Management', 'P&L Management', 'Order Fulfillment', 'Analytics & Reporting']
  Missing: []

Match score AFTER tailoring: 100/100

Tailored resume saved: /Users/openclaw/job-search-agent/resumes/tailored/audio-network-group_dtc-operations-manager-e-commerce-hybrid.docx
=== Tailor complete: 163 tailored, 0 failed at Mon Jul 27 03:27:44 EDT 2026 ===
[main 704b64c] Sync tailored resumes 2026-07-27
 Committer: OpenClaw <openclaw@Sovereigns-Mac-mini.local>
Your name and email address were configured automatically based
on your username and hostname. Please check that they are accurate.
You can suppress this message by setting them explicitly. Run the
following command and follow the instructions in your editor to edit
your configuration file:

    git config --global --edit

After doing this, you may fix the identity used for this commit with:

    git commit --amend --reset-author

 8 files changed, 0 insertions(+), 0 deletions(-)
 create mode 100644 resumes/tailored/amazon_product-safety-compliance-manager-amazon.docx
 create mode 100644 resumes/tailored/audio-network-group_dtc-operations-manager-e-commerce-hybrid.docx
 create mode 100644 resumes/tailored/bic-corporation_manager-ecommerce-merchandising-ai.docx
 create mode 100644 resumes/tailored/bic_national-account-manager-amazon-us-stati.docx
 create mode 100644 resumes/tailored/emergencymd_e-commerce-operations-manager.docx
 create mode 100644 resumes/tailored/jobrack_remote-ecommerce-operations-manager-grow.docx
 create mode 100644 resumes/tailored/pinterest_sr-industry-manager-ecommerce.docx
 create mode 100644 resumes/tailored/rokt_marketplace-operations-associate.docx
failed to store: -61
To https://gitlab.com/client-os/client-os.git
 ! [rejected]        main -> main (fetch first)
error: failed to push some refs to 'https://gitlab.com/client-os/client-os.git'
hint: Updates were rejected because the remote contains work that you do not
hint: have locally. This is usually caused by another repository pushing to
hint: the same ref. If you want to integrate the remote changes, use
hint: 'git pull' before pushing again.
hint: See the 'Note about fast-forwards' in 'git push --help' for details.
To https://github.com/angieraja23/client-os.git
   6ee128f..704b64c  main -> main
Vercel CLI 56.4.1 (Node.js 25.8.0)
Retrieving project…
Deploying angieraja23-9144s-projects/client-acquisition-os
Uploading [--------------------] (0.0B/937.3KB)
Uploading [=====---------------] (248.7KB/937.3KB)
Uploading [==========----------] (481.3KB/937.3KB)
Uploading [===============-----] (705.3KB/937.3KB)
Uploading [====================] (937.3KB/937.3KB)
  Inspect         https://vercel.com/angieraja23-9144s-projects/client-acquisition-os/DB7LvNkVKAHWz5tgp3Ph3J2rXJbF
  Production      https://client-acquisition-mhumianus-angieraja23-9144s-projects.vercel.app
https://client-acquisition-mhumianus-angieraja23-9144s-projects.vercel.appBuilding…
Building…
Running build in Washington, D.C., USA (East) – iad1
Build machine configuration: 2 cores, 8 GB
Retrieving list of deployment files...
Previous build caches not available.
Downloading 234 deployment files...
Running "vercel build"
Vercel CLI 56.5.0
Build Completed in /vercel/output [196ms]
Deploying outputs...
[2K[1A[2K[G  Production      https://client-acquisition-mhumianus-angieraja23-9144s-projects.vercel.app
Completing…
▲ Aliased         https://clientos.angieraja.com

✓ Ready in 10s
=== Resumes synced and deployed ===
=== Digest sent ===
=== Run finished: Mon Jul 27 03:27:59 EDT 2026 ===
=== Run started: Wed Jul 29 03:00:00 EDT 2026 ===
PATH=/opt/homebrew/bin:/opt/homebrew/sbin:/usr/local/bin:/usr/bin:/bin:/usr/sbin:/sbin
GITLAB_TOKEN=SET
GITHUB_TOKEN=SET
ANTHROPIC_API_KEY=SET
--- Running scraper ---
[main 8910b80] Weekly refresh 2026-07-29
 Committer: OpenClaw <openclaw@Sovereigns-Mac-mini.local>
Your name and email address were configured automatically based
on your username and hostname. Please check that they are accurate.
You can suppress this message by setting them explicitly. Run the
following command and follow the instructions in your editor to edit
your configuration file:

    git config --global --edit

After doing this, you may fix the identity used for this commit with:

    git commit --amend --reset-author

 4 files changed, 810 insertions(+), 1 deletion(-)
[2026-07-29 03:00] ==================================================
[2026-07-29 03:00] Client Acquisition OS — Weekly Refresh
[2026-07-29 03:00] ── JOBS ─────────────────────────────────
[2026-07-29 03:00]   Amazon Account Manager — Remote
[2026-07-29 03:00]     0 results
[2026-07-29 03:00]   Amazon Account Manager — New York
[2026-07-29 03:00]     10 results
[2026-07-29 03:00]   Amazon Brand Manager — Remote
[2026-07-29 03:00]     0 results
[2026-07-29 03:00]   Amazon Brand Manager — New York
[2026-07-29 03:00]     10 results
[2026-07-29 03:00]   Senior Amazon Brand Manager — Remote
[2026-07-29 03:00]     0 results
[2026-07-29 03:00]   Senior Amazon Brand Manager — New York
[2026-07-29 03:00]     10 results
[2026-07-29 03:00]     + Senior Sales Account Manager, Live Sports @ Amazon (New York, NY) [LinkedIn · Easy Apply]
[2026-07-29 03:00]   Amazon Marketplace Manager — Remote
[2026-07-29 03:00]     0 results
[2026-07-29 03:00]   Amazon Marketplace Manager — New York
[2026-07-29 03:00]     10 results
[2026-07-29 03:00]   Ecommerce Brand Manager — Remote
[2026-07-29 03:01]     0 results
[2026-07-29 03:01]   Ecommerce Brand Manager — New York
[2026-07-29 03:01]     10 results
[2026-07-29 03:01]     + Director, Ecommerce & CRO @ Create Wellness (New York, NY) [LinkedIn · Easy Apply]
[2026-07-29 03:01]   Ecommerce Account Manager — Remote
[2026-07-29 03:01]     0 results
[2026-07-29 03:01]   Ecommerce Account Manager — New York
[2026-07-29 03:01]     10 results
[2026-07-29 03:01]   Marketplace Manager Walmart Amazon — Remote
[2026-07-29 03:01]     0 results
[2026-07-29 03:01]   Marketplace Manager Walmart Amazon — New York
[2026-07-29 03:01]     4 results
[2026-07-29 03:01]   Ecommerce Operations Manager — Remote
[2026-07-29 03:02]     0 results
[2026-07-29 03:02]   Ecommerce Operations Manager — New York
[2026-07-29 03:02]     10 results
[2026-07-29 03:02]   DTC Brand Manager — Remote
[2026-07-29 03:02]     0 results
[2026-07-29 03:02]   DTC Brand Manager — New York
[2026-07-29 03:02]     10 results
[2026-07-29 03:02]     + HEAD OF MARKETING - DTC GROWTH @ Hē Labs (Anywhere) [LinkedIn · Easy Apply]
[2026-07-29 03:02]     + Acne Studios DTC Operations Manager @ Acne Studios (New York, NY)
[2026-07-29 03:02]   Amazon Agency Account Manager — Remote
[2026-07-29 03:02]     0 results
[2026-07-29 03:02]   Amazon Agency Account Manager — New York
[2026-07-29 03:02]     10 results
[2026-07-29 03:02]     + Sales Account Manager, Gold Accelerator @ Amazon Advertising LLC (New York, NY) [LinkedIn · Easy Apply]
[2026-07-29 03:02]   Chief of Staff ecommerce — Remote
[2026-07-29 03:02]     0 results
[2026-07-29 03:02]   Chief of Staff ecommerce — New York
[2026-07-29 03:02]     3 results
[2026-07-29 03:02]     + Chief of Staff, Office of the CEO @ Coast (New York, NY)
[2026-07-29 03:02]   Chief of Staff startup — Remote
[2026-07-29 03:02]     0 results
[2026-07-29 03:02]   Chief of Staff startup — New York
[2026-07-29 03:02]     0 results
[2026-07-29 03:02]   Chief of Staff DTC — Remote
[2026-07-29 03:03]     0 results
[2026-07-29 03:03]   Chief of Staff DTC — New York
[2026-07-29 03:03]     1 results
[2026-07-29 03:03]   Head of Operations DTC — Remote
[2026-07-29 03:03]     0 results
[2026-07-29 03:03]   Head of Operations DTC — New York
[2026-07-29 03:03]     10 results
[2026-07-29 03:03]   Head of Operations ecommerce — Remote
[2026-07-29 03:03]     0 results
[2026-07-29 03:03]   Head of Operations ecommerce — New York
[2026-07-29 03:03]     10 results
[2026-07-29 03:03]   Director of Operations ecommerce — Remote
[2026-07-29 03:03]     0 results
[2026-07-29 03:03]   Director of Operations ecommerce — New York
[2026-07-29 03:03]     10 results
[2026-07-29 03:03]   EOS Integrator — Remote
[2026-07-29 03:04]     0 results
[2026-07-29 03:04]   EOS Integrator — New York
[2026-07-29 03:04]     7 results
[2026-07-29 03:04]   Fractional COO — Remote
[2026-07-29 03:04]     0 results
[2026-07-29 03:04]   Fractional COO — New York
[2026-07-29 03:04]     10 results
[2026-07-29 03:04]   VP Operations DTC — Remote
[2026-07-29 03:04]     0 results
[2026-07-29 03:04]   VP Operations DTC — New York
[2026-07-29 03:04]     10 results
[2026-07-29 03:04]     + Supervisor, Operations- DTC Settlements (Hybrid - Newark, NJ or Edgewood, LI) @ Broadridge (New York) [LinkedIn · Easy Apply]
[2026-07-29 03:04]   Business Operations Lead startup — Remote
[2026-07-29 03:04]     0 results
[2026-07-29 03:04]   Business Operations Lead startup — New York
[2026-07-29 03:05]     2 results
[2026-07-29 03:05]   Amazon Account Manager agency client portfolio — Remote
[2026-07-29 03:05]     0 results
[2026-07-29 03:05]   Amazon Account Manager agency client portfolio — New York
[2026-07-29 03:05]     0 results
[2026-07-29 03:05]   Amazon Brand Manager Seller Central agency — Remote
[2026-07-29 03:05]     0 results
[2026-07-29 03:05]   Amazon Brand Manager Seller Central agency — New York
[2026-07-29 03:05]     9 results
[2026-07-29 03:05]   Marketplace Account Manager consumer brands — Remote
[2026-07-29 03:05]     0 results
[2026-07-29 03:05]   Marketplace Account Manager consumer brands — New York
[2026-07-29 03:05]     2 results
[2026-07-29 03:05]     + Category Insights Account Manager - Boston @ UNFI (Anywhere) [LinkedIn · Easy Apply]
[2026-07-29 03:05]   Ecommerce Account Manager client facing Amazon — Remote
[2026-07-29 03:06]     0 results
[2026-07-29 03:06]   Ecommerce Account Manager client facing Amazon — New York
[2026-07-29 03:06]   SerpAPI error: The read operation timed out
[2026-07-29 03:06]     0 results
[2026-07-29 03:06]   Amazon Account Director agency — Remote
[2026-07-29 03:06]     0 results
[2026-07-29 03:06]   Amazon Account Director agency — New York
[2026-07-29 03:06]     6 results
[2026-07-29 03:06]   Senior Account Manager Amazon marketplace agency — Remote
[2026-07-29 03:06]     0 results
[2026-07-29 03:06]   Senior Account Manager Amazon marketplace agency — New York
[2026-07-29 03:06]     1 results
[2026-07-29 03:06]   Brand Strategy Manager Amazon ecommerce — Remote
[2026-07-29 03:06]     0 results
[2026-07-29 03:06]   Brand Strategy Manager Amazon ecommerce — New York
[2026-07-29 03:06]     10 results
[2026-07-29 03:06]     + Visual Content Manager, Amazon Delivery Experience (ADX) @ Amazon (New York, NY) [LinkedIn · Easy Apply]
[2026-07-29 03:06]   Client Success Manager Amazon agency — Remote
[2026-07-29 03:07]     0 results
[2026-07-29 03:07]   Client Success Manager Amazon agency — New York
[2026-07-29 03:07]     4 results
[2026-07-29 03:07]   Wrote 172 jobs to data/jobs.json (9 new)
[2026-07-29 03:07] ── DEPLOYING via GitLab ──────────────────
[2026-07-29 03:07]   Push done
[2026-07-29 03:07]   Deployed to Vercel
[2026-07-29 03:07] Done.

Scraper exit code: 0
--- Committing and pushing ---
[main 25f6ec3] Nightly auto-sync 2026-07-29
 Committer: OpenClaw <openclaw@Sovereigns-Mac-mini.local>
Your name and email address were configured automatically based
on your username and hostname. Please check that they are accurate.
You can suppress this message by setting them explicitly. Run the
following command and follow the instructions in your editor to edit
your configuration file:

    git config --global --edit

After doing this, you may fix the identity used for this commit with:

    git commit --amend --reset-author

 2 files changed, 152 insertions(+)
failed to store: -61
To https://gitlab.com/client-os/client-os.git
 ! [rejected]        main -> main (fetch first)
error: failed to push some refs to 'https://gitlab.com/client-os/client-os.git'
hint: Updates were rejected because the remote contains work that you do not
hint: have locally. This is usually caused by another repository pushing to
hint: the same ref. If you want to integrate the remote changes, use
hint: 'git pull' before pushing again.
hint: See the 'Note about fast-forwards' in 'git push --help' for details.
To https://github.com/angieraja23/client-os.git
   704b64c..25f6ec3  main -> main
Vercel CLI 56.4.1 (Node.js 25.8.0)
Retrieving project…
Deploying angieraja23-9144s-projects/client-acquisition-os
Uploading [--------------------] (0.0B/889KB)
Uploading [=====---------------] (224.0KB/889KB)
Uploading [==========----------] (454.9KB/889KB)
Uploading [===============-----] (678.9KB/889KB)
Uploading [====================] (889.0KB/889KB)
  Inspect         https://vercel.com/angieraja23-9144s-projects/client-acquisition-os/GoCwAB1Bq56JztMwLTy5e5EGEMBG
  Production      https://client-acquisition-ihkl32ogg-angieraja23-9144s-projects.vercel.app
https://client-acquisition-ihkl32ogg-angieraja23-9144s-projects.vercel.appBuilding…
Building…
Running build in Washington, D.C., USA (East) – iad1
Build machine configuration: 2 cores, 8 GB
Retrieving list of deployment files...
Previous build caches not available.
Downloading 234 deployment files...
Running "vercel build"
Vercel CLI 56.5.0
Build Completed in /vercel/output [187ms]
[2K[1A[2K[G  Production      https://client-acquisition-ihkl32ogg-angieraja23-9144s-projects.vercel.app
Completing…
▲ Aliased         https://clientos.angieraja.com

✓ Ready in 7s
=== Deployed: Wed Jul 29 03:07:32 EDT 2026 ===
--- Running tailor ---
=== Tailor started: Wed Jul 29 03:07:32 EDT 2026 ===
Track: ops
SKIP (already tailored): Chief of Staff at Cascade at Jack & Jill
Track: ops
SKIP (already tailored): Chief of Staff to the GM of Housing at Flex
Track: ops
SKIP (already tailored): Executive Assistant to the Chief of Staff at DEPARTMENT OF CORRECTION
Track: amazon
SKIP (already tailored): Associate Manager, Commerce Platform Logistics - Strategy and Operations at DoorDash
Track: amazon
SKIP (already tailored): Sr. Resourcing Operations Manager at MKG Productions, LLC
Track: ops
SKIP (already tailored): Logistics Operations Project Manager at Fluidstack
Track: ops
SKIP (already tailored): Manager, Enrollment Fulfillment Operations at New York Life
Track: amazon
SKIP (already tailored): Ecommerce Manager at Zachys Wine & Liquor
Track: amazon
SKIP (already tailored): Amazon Brand Manager at Cartograph
Track: amazon
SKIP (already tailored): Director of Ecommerce at SBH Fashion
Track: amazon
SKIP (already tailored): Ecommerce Marketplace Manager at Universal Perfumes & Cosmetics
Track: amazon
SKIP (already tailored): Client Account Manager, Digital Accounts at Amsive
Track: ops
SKIP (already tailored): DTC Performance & Growth Marketing Manager at Blueair North America
Track: amazon
SKIP (already tailored): AWS Sr. Enterprise Account Manager, Automotive & Manufacturing at Amazon Web Services (AWS)
Track: amazon
SKIP (already tailored): Senior Amazon Brand Manager at GNO Partners
Track: amazon
SKIP (already tailored): Campaign & Creative Manager, Campaign & Creative Management, Amazon at Amazon
Track: amazon
SKIP (already tailored): Sr. Marketing Manager, Engagement, WW Amazon Flex, Amazon Flex at Amazon
Track: amazon
SKIP (already tailored): Director, Amazon at Nécessaire, Inc.
Track: amazon
SKIP (already tailored): Amazon & Marketplace Account Growth Manager at The PCA Group
Track: amazon
SKIP (already tailored): Remote Amazon Marketplace Manager at Foxelli Group Remote at Foxelli Group
Track: amazon
SKIP (already tailored): E-commerce Growth Manager at BURDLIFE
Track: amazon
SKIP (already tailored): Marketplace Manager at PetsWorld Inc
Track: amazon
SKIP (already tailored): TikTok Shop Account Manager at KAMP Agency
Track: amazon
SKIP (already tailored): Sales Account Manager, US LCS, Consumer Electronics at Amazon
Track: amazon
SKIP (already tailored): Director of Operations — Digital & Ecommerce at Maxima Apparel
Track: amazon
SKIP (already tailored): Senior Manager, Ecommerce at SBH Fashion
Track: amazon
SKIP (already tailored): Sales Account Manager, LCS Acquisitions at Amazon
Track: ops
SKIP (already tailored): Chief of Staff - AI-native startup is rewiring a trillion-dollar consumer industry at Big Wave Digital
Track: ops
SKIP (already tailored): COO/EOS Integrator at CBIZ Talent Solutions
Track: ops
SKIP (already tailored): Office Operations at Series B AI Startup at Bloom Talent
Track: ops
SKIP (already tailored): Office & Operations Lead — Startup NYC (Equity) at The Talent Post
Track: ops
SKIP (already tailored): Jr. Amazon Account Coordinator at Tiide Commerce
Track: ops
SKIP (already tailored): Amazon Account Coordinator - Affiliate Marketing Agency at Ikon Digital Media
Track: ops
SKIP (already tailored): Manager, Amazon - Origins at DECIEM | THE ABNORMAL BEAUTY COMPANY
Track: amazon
SKIP (already tailored): Website for Amazon Account Management at Upwork
Track: amazon
SKIP (already tailored): Sr Product Marketing Manager, WW New Customer Registration, Amazon Business at Amazon
Track: amazon
SKIP (already tailored): Amazon Marketplace Specialist at Master Wholesale International, Inc.
Track: amazon
SKIP (already tailored): Senior Brand Manager, eCommerce Agency at Jobot
Track: amazon
SKIP (already tailored): Category Manager Intern (TikTok Shop - Operations) - 2026 Summer (MBA) at TikTok
Track: amazon
SKIP (already tailored): Ecommerce Optimization Manager at Clean Simple Eats, LLC.
Track: amazon
SKIP (already tailored): National Account Manager - Amazon at Scholastic
Track: amazon
SKIP (already tailored): Sales Account Manager, US LCS, Consumer Electronics at Amazon Advertising LLC
Track: ops
SKIP (already tailored): Director of Business Operations, SaaS | AI | eCommerce at Get Plus - The Autonomous Commerce OS
Track: amazon
SKIP (already tailored): AWS Account Manager, FSI at Amazon Web Services (AWS)
Track: amazon
SKIP (already tailored): Sr. Account Manager-RRT, Startups at Amazon Web Services (AWS)
Track: ops
SKIP (already tailored): Amazon Specialist at My Amazon Guy
Track: amazon
SKIP (already tailored): Strategic Account Manager, Amazon Publisher Services at Amazon
Track: amazon
SKIP (already tailored): Account Manager I, Amazon Global Logistics at Amazon Global Logistics
Track: amazon
SKIP (already tailored): VP, Ecommerce at Grüns
Track: amazon
SKIP (already tailored): Senior Director of Ecommerce & Growth at CleanBoss Inc.
Track: amazon
SKIP (already tailored): National Account Manager, Beauty (Direct eCommerce) at Dyson Direct Inc
Track: amazon
SKIP (already tailored): Sales Account Manager, Fashion Advertising Account Management, Fashion Advertising Account Management at Amazon
Track: amazon
SKIP (already tailored): Sales Account Manager, US LCS at Amazon
Track: amazon
SKIP (already tailored): Sr. Account Manager-RRT, Startups at Amazon Web Services, Inc.
Track: ops
SKIP (already tailored): Executive Assistant to Founder & Operations at Early-stage, Mission-driven Startup at Bloom Talent
Track: ops
SKIP (already tailored): Sr.  Amazon Ads Account Manager at Freshdesk
Track: amazon
SKIP (already tailored): Account Manager I, Hub Delivery at Amazon
Track: amazon
SKIP (already tailored): Sales Account Manager, Fashion, Sales, Advertising, & Account Management at Amazon
Track: amazon
SKIP (already tailored): National Account Manager, Amazon at ACCO Brands
Track: amazon
SKIP (already tailored): Sr. Product Marketing Manager , Amazon Live Creator Partnerships at Amazon
Track: amazon
SKIP (already tailored): Senior Amazon Brand Growth Lead Remote at Ballard House
Track: amazon
SKIP (already tailored): Ecommerce Assistant Manager (Amazon Focus) at Kiss Beauty Group
Track: amazon
SKIP (already tailored): Ecommerce Specialist (Amazon Focus) at Kiss Beauty Group
Track: amazon
SKIP (already tailored): Digital Commerce Specialist- Amazon at Kiss Beauty Group
Track: amazon
SKIP (already tailored): eCommerce Manager Delivery Claims & Incidents at Hermès
Track: amazon
SKIP (already tailored): Ecommerce Assistant Manager at Kiss Beauty Group
Track: amazon
SKIP (already tailored): eCommerce Lead FT @ Guggenheim at Event Network, LLC
Track: amazon
SKIP (already tailored): Director, eCommerce - Stuart Weitzman at Caleres, Inc.
Track: amazon
SKIP (already tailored): Operations Manager, Social Commerce at AMOREPACIFIC
Track: amazon
SKIP (already tailored): Sales Account Manager, Live Sports at Amazon
Track: amazon
SKIP (already tailored): Sales Account Manager, Fashion Advertising Account Management, Fashion Advertising Account Management at Amazon Advertising LLC
Track: amazon
SKIP (already tailored): Principal Account Manager, ISV at Amazon Web Services (AWS)
Track: amazon
SKIP (already tailored): Sales Account Manager (Fashion, Sales, Advertising, & Account Management) at Amazon
Track: ops
SKIP (already tailored): Chief Operations Officer In Residence – Startup Fintech at Scalata.ai
Track: ops
SKIP (already tailored): Fractional CEO for Small Businesses at How to Manage a Small Law Firm II, Incorporated
Track: ops
SKIP (already tailored): Manager, Digital Merchandising, Amazon at Kiss Beauty Group
Track: amazon
SKIP (already tailored): Amazon Account Strategist -  Amazon Seller & Vendor Central required! at VENDO – A PLTFRM Company
Track: amazon
SKIP (already tailored): E-Commerce Operations Manager at TOM FORD FASHION
Track: amazon
SKIP (already tailored): Ecommerce Manager (Beauty) at Solomon Page
Track: amazon
SKIP (already tailored): Manager, Book Sales & eCommerce at AWA Studios
Track: amazon
SKIP (already tailored): Ecommerce Assistant Manager at Ivy Enterprises, Inc.
Track: amazon
SKIP (already tailored): Account Manager, US Govtech Mid-Market at Amazon Web Services (AWS)
Track: ops
SKIP (already tailored): eCommerce Operations Manager at Adecco
Track: amazon
SKIP (already tailored): Account Manager I, Business Development, Amazon Global Logistics at Amazon
Track: amazon
SKIP (already tailored): Remote Amazon Brand Manager | Growth & Strategy Lead at Tiide Commerce
Track: amazon
SKIP (already tailored): Senior Applied Science Manager, Amazon Sponsored Products & Brands at Amazon
Track: amazon
SKIP (already tailored): Amazon Marketplace Manager | Amazon US & AU | PPC, SEO, Seller Central & Growth Any Posted on 2026-07-09 12:19:24 at Amazon Marketplace Manager — Amazon US, Amazon AU & Walmart US
Track: amazon
SKIP (already tailored): Ecommerce Merchandising Manager at Dana-co LLC
Track: amazon
SKIP (already tailored): Ecommerce Assistant Manager at Kiss Products
Track: amazon
SKIP (already tailored): Senior Ecommerce Account Manager, Beauty at The PCA Companies
Track: amazon
SKIP (already tailored): eCommerce Account Manager - Hybrid/Remote at Vtldesign
Track: amazon
SKIP (already tailored): Strategic Ecommerce Account Manager | Growth & Partnerships at scandiweb
Track: amazon
SKIP (already tailored): Senior Manager of Ecommerce Operations at Hadley Designs
Track: amazon
SKIP (already tailored): Sr. Account Manager, ISV, ISV at Amazon Web Services (AWS)
Track: amazon
SKIP (already tailored): AWS Sr. Enterprise Account Manager, FSI-Capital Markets, FSI-Capital Markets at Amazon Web Services (AWS)
Track: ops
SKIP (already tailored): Remote Fractional COO: Scale Operations for Owners at How To MANAGE a Small Law Firm
Track: ops
SKIP (already tailored): Contracts Manager, Buy with Prime & Amazon Multi-Channel Fulfillment at Amazon
Track: amazon
SKIP (already tailored): Global Creative Strategist, Brand Innovation Lab, Amazon Ads Brand Innovation Lab at Amazon
Track: amazon
SKIP (already tailored): Sr. Paid Media Marketing Manager, Amazon Ads, Paid and Social Media Team, Amazon Ads at Amazon
Track: amazon
SKIP (already tailored): Head of Ecommerce at CHARLES & KEITH GROUP
Track: amazon
SKIP (already tailored): Manager, Customer Insights + Analytics (Ecommerce) at Pandora
Track: amazon
SKIP (already tailored): Junior Account Manager, Ecommerce at Tangle Teezer Ltd
Track: amazon
SKIP (already tailored): Junior Ecommerce Account Manager | Hybrid Role at BIC
Track: amazon
SKIP (already tailored): Senior Sales Account Manager, US LCS at Amazon
Track: amazon
SKIP (already tailored): Sr Client Account Manager, Amazon at Pinterest
Track: ops
SKIP (already tailored): Startup Operations Lead at Trekker Auto
Track: ops
SKIP (already tailored): Head of Operations ($150k-$195k + Equity) at well-funded healthtech startup at Jack & Jill
Track: ops
SKIP (already tailored): Amazon Advertising Manager at Cartograph
Track: amazon
SKIP (already tailored): Account Manager, Telecom at Amazon
Track: amazon
SKIP (already tailored): Strategic Account Manager, Amazon at Eaton Corporation
Track: amazon
SKIP (already tailored): Senior IT&S Project Manager at Northwell Careers
Track: amazon
SKIP (already tailored): Account Manager - E-Comm and Design at DADA Goldberg
Track: amazon
SKIP (already tailored): Ecommerce Account Manager, Amazon at Justrite Safety Group
Track: amazon
SKIP (already tailored): Senior Sales Account Manager, Sponsored Ads (Paid Search), Large Customer Sales Advertising at Amazon
Track: ops
SKIP (already tailored): Global SVP eCommerce Solutions at NielsenIQ
Track: ops
SKIP (already tailored): Director of International Ecommerce at Veronica Beard
Track: ops
SKIP (already tailored): Manager of Ecommerce at SBH Fashion
Track: ops
SKIP (already tailored): Chief Operations Officer, Marketing, Advertising & eCommerce at Confidential
Track: amazon
SKIP (already tailored): Sr. Marketing Manager, GTM, Amazon Flex, Amazon Flex at Amazon
Track: amazon
SKIP (already tailored): Director, Marketplace NAM at Pandora
Track: amazon
SKIP (already tailored): Senior eCommerce Analyst - Tommy Hilfiger at PVH
Track: amazon
SKIP (already tailored): E-Commerce Marketplace Specialist at JW Mobile
Track: amazon
SKIP (already tailored): LatAm Ecommerce Operations Manager Contract at Rad-Hires
Track: amazon
SKIP (already tailored): Senior Sales Account Manager, Sponsored Ads (Paid Search), Large Customer Sales Advertising at Amazon Advertising LLC
Track: amazon
SKIP (already tailored): TAM Manager, Video Advertising, Amazon Prime Video Ads at Amazon
Track: ops
SKIP (already tailored): Head of Operations / VP of Operations at Go Fractional
Track: ops
SKIP (already tailored): Business Operations Lead at Castle
Track: ops
SKIP (already tailored): People Operations Lead — Startup HR Leader (Hybrid) at Clarity Recruiting
Track: ops
SKIP (already tailored): Account Executive - Public Sector, Enterprise - New York, Amazon Web Services at Amazon Web Services (AWS)
Track: amazon
SKIP (already tailored): Sr. Amazon Brand Manager at Upwork
Track: amazon
SKIP (already tailored): Manager - Amazon eCommerce (WCB) at L'Oréal
Track: amazon
SKIP (already tailored): Senior Specialist, Customer Experience, Amazon - Marketplace Partnership at Front Row
Track: amazon
SKIP (already tailored): Amazon Marketplace Growth & Global Sourcing Manager (Full-Time, Remote) Full Time Posted on 2026-07-20 13:52:54 $7 per hour at Amazon Marketplace Growth & Global Sourcing Manager (Full-Time, Remote)
Track: amazon
SKIP (already tailored): Director of Ecommerce at Outdoor Collective
Track: amazon
SKIP (already tailored): Director eCommerce Capabilities at TeHiring.com
Track: ops
SKIP (already tailored): Associate Tech Strategy and Business Operations at Fanatics Collectibles
Track: ops
SKIP (already tailored): Retail Media Account Manager (Amazon and TikTok Shop) at WITHIN
Track: ops
SKIP (already tailored): Programmatic Solutions Consultant, Amazon Ads at Amazon
Track: ops
SKIP (already tailored): Marketing Manager, Amazon Pickup Program , PARP Traffic at Amazon
Track: amazon
SKIP (already tailored): Amazon 1P Vendor Account Manager | Brooklyn, NY · $175K–$200K + Commission - 2447 at Bhired
Track: amazon
SKIP (already tailored): Amazon Marketplace Director – remote freelance at 24 Seven Talent
Track: amazon
SKIP (already tailored): Ecommerce Manager, Amazon & eRetailers (Hybrid Role - New York) at OLAPLEX
Track: amazon
SKIP (already tailored): US Market + Marketing Manager (m/f/d) - 3x German Shopify E-Commerce Brands - 100% remote at Lyto Brands Group GmbH
Track: amazon
SKIP (already tailored): Pandora Manager, Customer Insights + Analytics (Ecommerce) at Pandora
Track: amazon
SKIP (already tailored): Sales Account Manager, Gold Accelerator at Amazon
Track: ops
SKIP (already tailored): Sr. Manager DTC Operations & Support at Ralph Lauren
Track: ops
SKIP (already tailored): COO - Integrator at 6AM City, LLC
Track: ops
SKIP (already tailored): Fractional CFO/CEO/COO/CIO/CRO - B.O. at Save with Denise
Track: ops
SKIP (already tailored): Head of Operations ($150k–$170k + Equity) at well-funded healthtech startup at CareersElite.com
Track: ops
SKIP (already tailored): Workplace & Talent Operations Specialist - AI Startup at BURKE + CO.
Track: ops
SKIP (already tailored): Revenue Operations Manager (B2B SaaS Startup) at PINATA New York, NY at PINATA
Track: ops
SKIP (already tailored): Senior Portfolio Growth Manager, Professional Services, AWS Worldwide Startups at Amazon Web Services (AWS)
Track: ops
SKIP (already tailored): Category Insights Account Manager at UNFI
Track: ops
SKIP (already tailored): Global Agency Development Manager, Amazon Ads at Amazon
Track: ops
SKIP (already tailored): Merchandising Manager, Amazon at AS Beauty Group
Track: amazon
SKIP (already tailored): Product Safety Compliance Manager, Amazon Private Brands, Amazon Private Brands, Product Safety and Compliance at Amazon
Track: amazon
SKIP (already tailored): National Account Manager, Amazon - US Stationery at BIC
Track: amazon
SKIP (already tailored): Sr. Industry Manager, Ecommerce at Pinterest
Track: amazon
SKIP (already tailored): Manager, Ecommerce Merchandising & AI at BIC Corporation
Track: amazon
SKIP (already tailored): Marketplace Operations Associate at Rokt
Track: amazon
SKIP (already tailored): E-Commerce Operations Manager at EmergencyMD
Track: amazon
SKIP (already tailored): Remote Ecommerce Operations Manager | Growth & Strategy at JobRack
Track: ops
SKIP (already tailored): DTC Operations Manager – E‑commerce (Hybrid) at Audio Network Group
Track: amazon
Using resume: master_amazon.json

Tailoring resume for: Senior Sales Account Manager, Live Sports at Amazon
Extracting keywords via Claude Haiku...
Top ATS keywords: ['Account Management', 'Sales Strategy', 'Live Sports', 'Revenue Growth', 'Client Relationship Management', 'Strategic Partnerships']

Match score BEFORE tailoring: 100/100
  Already in resume: ['Account Management', 'Sales Strategy', 'Live Sports', 'Revenue Growth', 'Client Relationship Management', 'Strategic Partnerships']
  Missing: []

Match score AFTER tailoring: 100/100

Tailored resume saved: /Users/openclaw/job-search-agent/resumes/tailored/amazon_senior-sales-account-manager-live-sports.docx
Track: amazon
Using resume: master_amazon.json

Tailoring resume for: Director, Ecommerce & CRO at Create Wellness
Extracting keywords via Claude Haiku...
Top ATS keywords: ['Ecommerce Strategy', 'Conversion Rate Optimization', 'P&L Management', 'Digital Marketing', 'Analytics & Reporting', 'Cross-Functional Leadership']

Match score BEFORE tailoring: 100/100
  Already in resume: ['Ecommerce Strategy', 'Conversion Rate Optimization', 'P&L Management', 'Digital Marketing', 'Analytics & Reporting', 'Cross-Functional Leadership']
  Missing: []

Match score AFTER tailoring: 100/100

Tailored resume saved: /Users/openclaw/job-search-agent/resumes/tailored/create-wellness_director-ecommerce-cro.docx
Track: amazon
Using resume: master_amazon.json

Tailoring resume for: HEAD OF MARKETING - DTC GROWTH at Hē Labs
Extracting keywords via Claude Haiku...
Top ATS keywords: ['DTC Growth Strategy', 'Marketing Leadership', 'P&L Management', 'Performance Marketing', 'Customer Acquisition', 'Analytics & Optimization']

Match score BEFORE tailoring: 100/100
  Already in resume: ['DTC Growth Strategy', 'Marketing Leadership', 'P&L Management', 'Performance Marketing', 'Customer Acquisition', 'Analytics & Optimization']
  Missing: []

Match score AFTER tailoring: 100/100

Tailored resume saved: /Users/openclaw/job-search-agent/resumes/tailored/h-labs_head-of-marketing-dtc-growth.docx
Track: amazon
Using resume: master_amazon.json

Tailoring resume for: Acne Studios DTC Operations Manager at Acne Studios
Extracting keywords via Claude Haiku...
Top ATS keywords: ['DTC Operations', 'Inventory Management', 'P&L Management', 'Cross-Functional Leadership', 'KPI Tracking', 'Retail Operations']

Match score BEFORE tailoring: 100/100
  Already in resume: ['DTC Operations', 'Inventory Management', 'P&L Management', 'Cross-Functional Leadership', 'KPI Tracking', 'Retail Operations']
  Missing: []

Match score AFTER tailoring: 100/100

Tailored resume saved: /Users/openclaw/job-search-agent/resumes/tailored/acne-studios_acne-studios-dtc-operations-manager.docx
Track: amazon
Using resume: master_amazon.json

Tailoring resume for: Sales Account Manager, Gold Accelerator at Amazon Advertising LLC
Extracting keywords via Claude Haiku...
Top ATS keywords: ['Account Management', 'Sales Strategy', 'Client Relationship Management', 'Revenue Growth', 'Performance Metrics', 'Strategic Planning']

Match score BEFORE tailoring: 100/100
  Already in resume: ['Account Management', 'Sales Strategy', 'Client Relationship Management', 'Revenue Growth', 'Performance Metrics', 'Strategic Planning']
  Missing: []

Match score AFTER tailoring: 100/100

Tailored resume saved: /Users/openclaw/job-search-agent/resumes/tailored/amazon-advertising-llc_sales-account-manager-gold-accelerator.docx
Track: ops
Using resume: master_ops.json

Tailoring resume for: Chief of Staff, Office of the CEO at Coast
Extracting keywords via Claude Haiku...
Top ATS keywords: ['Executive Leadership', 'Strategic Planning', 'Stakeholder Management', 'Project Management', 'Business Operations', 'Executive Communication']

Match score BEFORE tailoring: 100/100
  Already in resume: ['Executive Leadership', 'Strategic Planning', 'Stakeholder Management', 'Project Management', 'Business Operations', 'Executive Communication']
  Missing: []

Match score AFTER tailoring: 100/100

Tailored resume saved: /Users/openclaw/job-search-agent/resumes/tailored/coast_chief-of-staff-office-of-the-ceo.docx
Track: ops
Using resume: master_ops.json

Tailoring resume for: Supervisor, Operations- DTC Settlements (Hybrid - Newark, NJ or Edgewood, LI) at Broadridge
Extracting keywords via Claude Haiku...
Top ATS keywords: ['DTC Settlements', 'Operations Supervision', 'Team Leadership', 'Process Management', 'Financial Operations', 'Regulatory Compliance']

Match score BEFORE tailoring: 66/100
  Already in resume: ['Operations Supervision', 'Team Leadership', 'Process Management', 'Financial Operations']
  Missing: ['DTC Settlements', 'Regulatory Compliance']

Match score AFTER tailoring: 100/100

Tailored resume saved: /Users/openclaw/job-search-agent/resumes/tailored/broadridge_supervisor-operations-dtc-settlements-hy.docx
Track: ops
Using resume: master_ops.json

Tailoring resume for: Category Insights Account Manager - Boston at UNFI
Extracting keywords via Claude Haiku...
Top ATS keywords: ['Category Management', 'Account Management', 'Data Analysis', 'Sales Strategy', 'Client Relationship Management', 'Business Intelligence']

Match score BEFORE tailoring: 100/100
  Already in resume: ['Category Management', 'Account Management', 'Data Analysis', 'Sales Strategy', 'Client Relationship Management', 'Business Intelligence']
  Missing: []

Match score AFTER tailoring: 100/100

Tailored resume saved: /Users/openclaw/job-search-agent/resumes/tailored/unfi_category-insights-account-manager-boston.docx
Track: ops
Using resume: master_ops.json

Tailoring resume for: Visual Content Manager, Amazon Delivery Experience (ADX) at Amazon
Extracting keywords via Claude Haiku...
Top ATS keywords: ['Visual Content Creation', 'Amazon ADX', 'Content Management', 'Delivery Experience', 'Digital Assets', 'Cross-Functional Collaboration']

Match score BEFORE tailoring: 83/100
  Already in resume: ['Visual Content Creation', 'Amazon ADX', 'Content Management', 'Delivery Experience', 'Cross-Functional Collaboration']
  Missing: ['Digital Assets']

Match score AFTER tailoring: 100/100

Tailored resume saved: /Users/openclaw/job-search-agent/resumes/tailored/amazon_visual-content-manager-amazon-delivery-e.docx
=== Tailor complete: 172 tailored, 0 failed at Wed Jul 29 03:28:26 EDT 2026 ===
[main 8226bff] Sync tailored resumes 2026-07-29
 Committer: OpenClaw <openclaw@Sovereigns-Mac-mini.local>
Your name and email address were configured automatically based
on your username and hostname. Please check that they are accurate.
You can suppress this message by setting them explicitly. Run the
following command and follow the instructions in your editor to edit
your configuration file:

    git config --global --edit

After doing this, you may fix the identity used for this commit with:

    git commit --amend --reset-author

 9 files changed, 0 insertions(+), 0 deletions(-)
 create mode 100644 resumes/tailored/acne-studios_acne-studios-dtc-operations-manager.docx
 create mode 100644 resumes/tailored/amazon-advertising-llc_sales-account-manager-gold-accelerator.docx
 create mode 100644 resumes/tailored/amazon_senior-sales-account-manager-live-sports.docx
 create mode 100644 resumes/tailored/amazon_visual-content-manager-amazon-delivery-e.docx
 create mode 100644 resumes/tailored/broadridge_supervisor-operations-dtc-settlements-hy.docx
 create mode 100644 resumes/tailored/coast_chief-of-staff-office-of-the-ceo.docx
 create mode 100644 resumes/tailored/create-wellness_director-ecommerce-cro.docx
 create mode 100644 resumes/tailored/h-labs_head-of-marketing-dtc-growth.docx
 create mode 100644 resumes/tailored/unfi_category-insights-account-manager-boston.docx
failed to store: -61
To https://gitlab.com/client-os/client-os.git
 ! [rejected]        main -> main (fetch first)
error: failed to push some refs to 'https://gitlab.com/client-os/client-os.git'
hint: Updates were rejected because the remote contains work that you do not
hint: have locally. This is usually caused by another repository pushing to
hint: the same ref. If you want to integrate the remote changes, use
hint: 'git pull' before pushing again.
hint: See the 'Note about fast-forwards' in 'git push --help' for details.
To https://github.com/angieraja23/client-os.git
   25f6ec3..8226bff  main -> main
Vercel CLI 56.4.1 (Node.js 25.8.0)
Retrieving project…
Deploying angieraja23-9144s-projects/client-acquisition-os
Uploading [--------------------] (0.0B/1011.3KB)
Uploading [=====---------------] (254.9KB/1011.3KB)
Uploading [==========----------] (519.5KB/1011.3KB)
Uploading [===============-----] (759.5KB/1011.3KB)
Uploading [====================] (1011.3KB/1011.3KB)
  Inspect         https://vercel.com/angieraja23-9144s-projects/client-acquisition-os/ffSZQCt1Hfiz6mCSuV6xUSr7pQLq
  Production      https://client-acquisition-kg290l1fp-angieraja23-9144s-projects.vercel.app
https://client-acquisition-kg290l1fp-angieraja23-9144s-projects.vercel.appBuilding…
Running build in Washington, D.C., USA (East) – iad1
Build machine configuration: 2 cores, 8 GB
Retrieving list of deployment files...
Previous build caches not available.
Previous build caches not available.
Downloading 243 deployment files...
[2K[1A[2K[G  Production      https://client-acquisition-kg290l1fp-angieraja23-9144s-projects.vercel.app
Completing…
▲ Aliased         https://clientos.angieraja.com

✓ Ready in 7s
=== Resumes synced and deployed ===
=== Digest sent ===
=== Run finished: Wed Jul 29 03:28:37 EDT 2026 ===
=== Run started: Fri Jul 31 03:00:00 EDT 2026 ===
PATH=/opt/homebrew/bin:/opt/homebrew/sbin:/usr/local/bin:/usr/bin:/bin:/usr/sbin:/sbin
GITLAB_TOKEN=SET
GITHUB_TOKEN=SET
ANTHROPIC_API_KEY=SET
--- Running scraper ---
[main 2d8044e] Weekly refresh 2026-07-31
 Committer: OpenClaw <openclaw@Sovereigns-Mac-mini.local>
Your name and email address were configured automatically based
on your username and hostname. Please check that they are accurate.
You can suppress this message by setting them explicitly. Run the
following command and follow the instructions in your editor to edit
your configuration file:

    git config --global --edit

After doing this, you may fix the identity used for this commit with:

    git commit --amend --reset-author

 4 files changed, 771 insertions(+), 1 deletion(-)
[2026-07-31 03:00] ==================================================
[2026-07-31 03:00] Client Acquisition OS — Weekly Refresh
[2026-07-31 03:00] ── JOBS ─────────────────────────────────
[2026-07-31 03:00]   Amazon Account Manager — Remote
[2026-07-31 03:00]     0 results
[2026-07-31 03:00]   Amazon Account Manager — New York
[2026-07-31 03:00]     10 results
[2026-07-31 03:00]     + Sr Account Manager, ISV Greenfield @ Amazon Web Services (AWS) (New York, NY) [LinkedIn · Easy Apply]
[2026-07-31 03:00]   Amazon Brand Manager — Remote
[2026-07-31 03:00]     0 results
[2026-07-31 03:00]   Amazon Brand Manager — New York
[2026-07-31 03:00]     10 results
[2026-07-31 03:00]   Senior Amazon Brand Manager — Remote
[2026-07-31 03:00]     0 results
[2026-07-31 03:00]   Senior Amazon Brand Manager — New York
[2026-07-31 03:00]     10 results
[2026-07-31 03:00]   Amazon Marketplace Manager — Remote
[2026-07-31 03:00]     0 results
[2026-07-31 03:00]   Amazon Marketplace Manager — New York
[2026-07-31 03:00]     10 results
[2026-07-31 03:00]     + Ecommerce Marketplace Manager (Amazon Experience Essential) @ We Are Refyne (New York, NY) [LinkedIn · Easy Apply]
[2026-07-31 03:00]   Ecommerce Brand Manager — Remote
[2026-07-31 03:01]     0 results
[2026-07-31 03:01]   Ecommerce Brand Manager — New York
[2026-07-31 03:01]     10 results
[2026-07-31 03:01]   Ecommerce Account Manager — Remote
[2026-07-31 03:01]     0 results
[2026-07-31 03:01]   Ecommerce Account Manager — New York
[2026-07-31 03:01]     10 results
[2026-07-31 03:01]     + Client Account Manager II, E-Commerce @ Pinterest (New York, NY) [LinkedIn · Easy Apply]
[2026-07-31 03:01]     + Associate Account Manager Amazon North America @ Vestacy (Parsippany-Troy Hills, NJ) [LinkedIn · Easy Apply]
[2026-07-31 03:01]   Marketplace Manager Walmart Amazon — Remote
[2026-07-31 03:01]     0 results
[2026-07-31 03:01]   Marketplace Manager Walmart Amazon — New York
[2026-07-31 03:01]     7 results
[2026-07-31 03:01]   Ecommerce Operations Manager — Remote
[2026-07-31 03:01]     0 results
[2026-07-31 03:01]   Ecommerce Operations Manager — New York
[2026-07-31 03:01]     10 results
[2026-07-31 03:01]   DTC Brand Manager — Remote
[2026-07-31 03:02]     0 results
[2026-07-31 03:02]   DTC Brand Manager — New York
[2026-07-31 03:02]     10 results
[2026-07-31 03:02]   Amazon Agency Account Manager — Remote
[2026-07-31 03:02]     0 results
[2026-07-31 03:02]   Amazon Agency Account Manager — New York
[2026-07-31 03:02]     10 results
[2026-07-31 03:02]   Chief of Staff ecommerce — Remote
[2026-07-31 03:02]     0 results
[2026-07-31 03:02]   Chief of Staff ecommerce — New York
[2026-07-31 03:02]     2 results
[2026-07-31 03:02]   Chief of Staff startup — Remote
[2026-07-31 03:02]     0 results
[2026-07-31 03:02]   Chief of Staff startup — New York
[2026-07-31 03:02]     2 results
[2026-07-31 03:02]   Chief of Staff DTC — Remote
[2026-07-31 03:02]     0 results
[2026-07-31 03:02]   Chief of Staff DTC — New York
[2026-07-31 03:02]     3 results
[2026-07-31 03:02]   Head of Operations DTC — Remote
[2026-07-31 03:03]     0 results
[2026-07-31 03:03]   Head of Operations DTC — New York
[2026-07-31 03:03]     10 results
[2026-07-31 03:03]   Head of Operations ecommerce — Remote
[2026-07-31 03:03]     0 results
[2026-07-31 03:03]   Head of Operations ecommerce — New York
[2026-07-31 03:03]     10 results
[2026-07-31 03:03]   Director of Operations ecommerce — Remote
[2026-07-31 03:03]     0 results
[2026-07-31 03:03]   Director of Operations ecommerce — New York
[2026-07-31 03:03]     10 results
[2026-07-31 03:03]     + On site - Head of eCommerce Sales - $150,000 + Bonus - Cedarhurst (Long Island), NY @ R2 Global (Cedarhurst, NY) [LinkedIn · Easy Apply]
[2026-07-31 03:03]   EOS Integrator — Remote
[2026-07-31 03:03]     0 results
[2026-07-31 03:03]   EOS Integrator — New York
[2026-07-31 03:03]     10 results
[2026-07-31 03:03]   Fractional COO — Remote
[2026-07-31 03:04]     0 results
[2026-07-31 03:04]   Fractional COO — New York
[2026-07-31 03:04]     10 results
[2026-07-31 03:04]   VP Operations DTC — Remote
[2026-07-31 03:04]     0 results
[2026-07-31 03:04]   VP Operations DTC — New York
[2026-07-31 03:04]     10 results
[2026-07-31 03:04]   Business Operations Lead startup — Remote
[2026-07-31 03:04]     0 results
[2026-07-31 03:04]   Business Operations Lead startup — New York
[2026-07-31 03:04]     7 results
[2026-07-31 03:04]   Amazon Account Manager agency client portfolio — Remote
[2026-07-31 03:04]     0 results
[2026-07-31 03:04]   Amazon Account Manager agency client portfolio — New York
[2026-07-31 03:04]     0 results
[2026-07-31 03:04]   Amazon Brand Manager Seller Central agency — Remote
[2026-07-31 03:05]     0 results
[2026-07-31 03:05]   Amazon Brand Manager Seller Central agency — New York
[2026-07-31 03:05]     7 results
[2026-07-31 03:05]   Marketplace Account Manager consumer brands — Remote
[2026-07-31 03:05]     0 results
[2026-07-31 03:05]   Marketplace Account Manager consumer brands — New York
[2026-07-31 03:05]     2 results
[2026-07-31 03:05]   Ecommerce Account Manager client facing Amazon — Remote
[2026-07-31 03:05]     0 results
[2026-07-31 03:05]   Ecommerce Account Manager client facing Amazon — New York
[2026-07-31 03:05]     3 results
[2026-07-31 03:05]   Amazon Account Director agency — Remote
[2026-07-31 03:05]     0 results
[2026-07-31 03:05]   Amazon Account Director agency — New York
[2026-07-31 03:06]     3 results
[2026-07-31 03:06]   Senior Account Manager Amazon marketplace agency — Remote
[2026-07-31 03:06]     0 results
[2026-07-31 03:06]   Senior Account Manager Amazon marketplace agency — New York
[2026-07-31 03:06]     0 results
[2026-07-31 03:06]   Brand Strategy Manager Amazon ecommerce — Remote
[2026-07-31 03:06]     0 results
[2026-07-31 03:06]   Brand Strategy Manager Amazon ecommerce — New York
[2026-07-31 03:06]     10 results
[2026-07-31 03:06]   Client Success Manager Amazon agency — Remote
[2026-07-31 03:06]     0 results
[2026-07-31 03:06]   Client Success Manager Amazon agency — New York
[2026-07-31 03:06]     4 results
[2026-07-31 03:06]   Wrote 177 jobs to data/jobs.json (5 new)
[2026-07-31 03:06] ── DEPLOYING via GitLab ──────────────────
[2026-07-31 03:06]   Push done
[2026-07-31 03:06]   Deployed to Vercel
[2026-07-31 03:06] Done.

Scraper exit code: 0
--- Committing and pushing ---
[main 4029665] Nightly auto-sync 2026-07-31
 Committer: OpenClaw <openclaw@Sovereigns-Mac-mini.local>
Your name and email address were configured automatically based
on your username and hostname. Please check that they are accurate.
You can suppress this message by setting them explicitly. Run the
following command and follow the instructions in your editor to edit
your configuration file:

    git config --global --edit

After doing this, you may fix the identity used for this commit with:

    git commit --amend --reset-author

 2 files changed, 147 insertions(+)
failed to store: -61
To https://gitlab.com/client-os/client-os.git
 ! [rejected]        main -> main (fetch first)
error: failed to push some refs to 'https://gitlab.com/client-os/client-os.git'
hint: Updates were rejected because the remote contains work that you do not
hint: have locally. This is usually caused by another repository pushing to
hint: the same ref. If you want to integrate the remote changes, use
hint: 'git pull' before pushing again.
hint: See the 'Note about fast-forwards' in 'git push --help' for details.
To https://github.com/angieraja23/client-os.git
   8226bff..4029665  main -> main
Vercel CLI 56.4.1 (Node.js 25.8.0)
Retrieving project…
Deploying angieraja23-9144s-projects/client-acquisition-os
Uploading [--------------------] (0.0B/930.7KB)
Uploading [=====---------------] (240.0KB/930.7KB)
Uploading [==========----------] (480.0KB/930.7KB)
Uploading [===============-----] (704.0KB/930.7KB)
Uploading [====================] (930.7KB/930.7KB)
  Inspect         https://vercel.com/angieraja23-9144s-projects/client-acquisition-os/HMGocryDyCrJGCQRU4zvmd6iVvJb
  Production      https://client-acquisition-2uyef2ej9-angieraja23-9144s-projects.vercel.app
https://client-acquisition-2uyef2ej9-angieraja23-9144s-projects.vercel.appBuilding…
Building…
Running build in Washington, D.C., USA (East) – iad1
Build machine configuration: 2 cores, 8 GB
Retrieving list of deployment files...
Previous build caches not available.
Downloading 243 deployment files...
[2K[1A[2K[G  Production      https://client-acquisition-2uyef2ej9-angieraja23-9144s-projects.vercel.app
Completing…
▲ Aliased         https://clientos.angieraja.com

✓ Ready in 7s
=== Deployed: Fri Jul 31 03:07:09 EDT 2026 ===
--- Running tailor ---
=== Tailor started: Fri Jul 31 03:07:09 EDT 2026 ===
Track: ops
SKIP (already tailored): Chief of Staff at Cascade at Jack & Jill
Track: ops
SKIP (already tailored): Chief of Staff to the GM of Housing at Flex
Track: ops
SKIP (already tailored): Executive Assistant to the Chief of Staff at DEPARTMENT OF CORRECTION
Track: amazon
SKIP (already tailored): Associate Manager, Commerce Platform Logistics - Strategy and Operations at DoorDash
Track: amazon
SKIP (already tailored): Sr. Resourcing Operations Manager at MKG Productions, LLC
Track: ops
SKIP (already tailored): Logistics Operations Project Manager at Fluidstack
Track: ops
SKIP (already tailored): Manager, Enrollment Fulfillment Operations at New York Life
Track: amazon
SKIP (already tailored): Ecommerce Manager at Zachys Wine & Liquor
Track: amazon
SKIP (already tailored): Amazon Brand Manager at Cartograph
Track: amazon
SKIP (already tailored): Director of Ecommerce at SBH Fashion
Track: amazon
SKIP (already tailored): Ecommerce Marketplace Manager at Universal Perfumes & Cosmetics
Track: amazon
SKIP (already tailored): Client Account Manager, Digital Accounts at Amsive
Track: ops
SKIP (already tailored): DTC Performance & Growth Marketing Manager at Blueair North America
Track: amazon
SKIP (already tailored): AWS Sr. Enterprise Account Manager, Automotive & Manufacturing at Amazon Web Services (AWS)
Track: amazon
SKIP (already tailored): Senior Amazon Brand Manager at GNO Partners
Track: amazon
SKIP (already tailored): Campaign & Creative Manager, Campaign & Creative Management, Amazon at Amazon
Track: amazon
SKIP (already tailored): Sr. Marketing Manager, Engagement, WW Amazon Flex, Amazon Flex at Amazon
Track: amazon
SKIP (already tailored): Director, Amazon at Nécessaire, Inc.
Track: amazon
SKIP (already tailored): Amazon & Marketplace Account Growth Manager at The PCA Group
Track: amazon
SKIP (already tailored): Remote Amazon Marketplace Manager at Foxelli Group Remote at Foxelli Group
Track: amazon
SKIP (already tailored): E-commerce Growth Manager at BURDLIFE
Track: amazon
SKIP (already tailored): Marketplace Manager at PetsWorld Inc
Track: amazon
SKIP (already tailored): TikTok Shop Account Manager at KAMP Agency
Track: amazon
SKIP (already tailored): Sales Account Manager, US LCS, Consumer Electronics at Amazon
Track: amazon
SKIP (already tailored): Director of Operations — Digital & Ecommerce at Maxima Apparel
Track: amazon
SKIP (already tailored): Senior Manager, Ecommerce at SBH Fashion
Track: amazon
SKIP (already tailored): Sales Account Manager, LCS Acquisitions at Amazon
Track: ops
SKIP (already tailored): Chief of Staff - AI-native startup is rewiring a trillion-dollar consumer industry at Big Wave Digital
Track: ops
SKIP (already tailored): COO/EOS Integrator at CBIZ Talent Solutions
Track: ops
SKIP (already tailored): Office Operations at Series B AI Startup at Bloom Talent
Track: ops
SKIP (already tailored): Office & Operations Lead — Startup NYC (Equity) at The Talent Post
Track: ops
SKIP (already tailored): Jr. Amazon Account Coordinator at Tiide Commerce
Track: ops
SKIP (already tailored): Amazon Account Coordinator - Affiliate Marketing Agency at Ikon Digital Media
Track: ops
SKIP (already tailored): Manager, Amazon - Origins at DECIEM | THE ABNORMAL BEAUTY COMPANY
Track: amazon
SKIP (already tailored): Website for Amazon Account Management at Upwork
Track: amazon
SKIP (already tailored): Sr Product Marketing Manager, WW New Customer Registration, Amazon Business at Amazon
Track: amazon
SKIP (already tailored): Amazon Marketplace Specialist at Master Wholesale International, Inc.
Track: amazon
SKIP (already tailored): Senior Brand Manager, eCommerce Agency at Jobot
Track: amazon
SKIP (already tailored): Category Manager Intern (TikTok Shop - Operations) - 2026 Summer (MBA) at TikTok
Track: amazon
SKIP (already tailored): Ecommerce Optimization Manager at Clean Simple Eats, LLC.
Track: amazon
SKIP (already tailored): National Account Manager - Amazon at Scholastic
Track: amazon
SKIP (already tailored): Sales Account Manager, US LCS, Consumer Electronics at Amazon Advertising LLC
Track: ops
SKIP (already tailored): Director of Business Operations, SaaS | AI | eCommerce at Get Plus - The Autonomous Commerce OS
Track: amazon
SKIP (already tailored): AWS Account Manager, FSI at Amazon Web Services (AWS)
Track: amazon
SKIP (already tailored): Sr. Account Manager-RRT, Startups at Amazon Web Services (AWS)
Track: ops
SKIP (already tailored): Amazon Specialist at My Amazon Guy
Track: amazon
SKIP (already tailored): Strategic Account Manager, Amazon Publisher Services at Amazon
Track: amazon
SKIP (already tailored): Account Manager I, Amazon Global Logistics at Amazon Global Logistics
Track: amazon
SKIP (already tailored): VP, Ecommerce at Grüns
Track: amazon
SKIP (already tailored): Senior Director of Ecommerce & Growth at CleanBoss Inc.
Track: amazon
SKIP (already tailored): National Account Manager, Beauty (Direct eCommerce) at Dyson Direct Inc
Track: amazon
SKIP (already tailored): Sales Account Manager, Fashion Advertising Account Management, Fashion Advertising Account Management at Amazon
Track: amazon
SKIP (already tailored): Sales Account Manager, US LCS at Amazon
Track: amazon
SKIP (already tailored): Sr. Account Manager-RRT, Startups at Amazon Web Services, Inc.
Track: ops
SKIP (already tailored): Executive Assistant to Founder & Operations at Early-stage, Mission-driven Startup at Bloom Talent
Track: ops
SKIP (already tailored): Sr.  Amazon Ads Account Manager at Freshdesk
Track: amazon
SKIP (already tailored): Account Manager I, Hub Delivery at Amazon
Track: amazon
SKIP (already tailored): Sales Account Manager, Fashion, Sales, Advertising, & Account Management at Amazon
Track: amazon
SKIP (already tailored): National Account Manager, Amazon at ACCO Brands
Track: amazon
SKIP (already tailored): Sr. Product Marketing Manager , Amazon Live Creator Partnerships at Amazon
Track: amazon
SKIP (already tailored): Senior Amazon Brand Growth Lead Remote at Ballard House
Track: amazon
SKIP (already tailored): Ecommerce Assistant Manager (Amazon Focus) at Kiss Beauty Group
Track: amazon
SKIP (already tailored): Ecommerce Specialist (Amazon Focus) at Kiss Beauty Group
Track: amazon
SKIP (already tailored): Digital Commerce Specialist- Amazon at Kiss Beauty Group
Track: amazon
SKIP (already tailored): eCommerce Manager Delivery Claims & Incidents at Hermès
Track: amazon
SKIP (already tailored): Ecommerce Assistant Manager at Kiss Beauty Group
Track: amazon
SKIP (already tailored): eCommerce Lead FT @ Guggenheim at Event Network, LLC
Track: amazon
SKIP (already tailored): Director, eCommerce - Stuart Weitzman at Caleres, Inc.
Track: amazon
SKIP (already tailored): Operations Manager, Social Commerce at AMOREPACIFIC
Track: amazon
SKIP (already tailored): Sales Account Manager, Live Sports at Amazon
Track: amazon
SKIP (already tailored): Sales Account Manager, Fashion Advertising Account Management, Fashion Advertising Account Management at Amazon Advertising LLC
Track: amazon
SKIP (already tailored): Principal Account Manager, ISV at Amazon Web Services (AWS)
Track: amazon
SKIP (already tailored): Sales Account Manager (Fashion, Sales, Advertising, & Account Management) at Amazon
Track: ops
SKIP (already tailored): Chief Operations Officer In Residence – Startup Fintech at Scalata.ai
Track: ops
SKIP (already tailored): Fractional CEO for Small Businesses at How to Manage a Small Law Firm II, Incorporated
Track: ops
SKIP (already tailored): Manager, Digital Merchandising, Amazon at Kiss Beauty Group
Track: amazon
SKIP (already tailored): Amazon Account Strategist -  Amazon Seller & Vendor Central required! at VENDO – A PLTFRM Company
Track: amazon
SKIP (already tailored): E-Commerce Operations Manager at TOM FORD FASHION
Track: amazon
SKIP (already tailored): Ecommerce Manager (Beauty) at Solomon Page
Track: amazon
SKIP (already tailored): Manager, Book Sales & eCommerce at AWA Studios
Track: amazon
SKIP (already tailored): Ecommerce Assistant Manager at Ivy Enterprises, Inc.
Track: amazon
SKIP (already tailored): Account Manager, US Govtech Mid-Market at Amazon Web Services (AWS)
Track: ops
SKIP (already tailored): eCommerce Operations Manager at Adecco
Track: amazon
SKIP (already tailored): Account Manager I, Business Development, Amazon Global Logistics at Amazon
Track: amazon
SKIP (already tailored): Remote Amazon Brand Manager | Growth & Strategy Lead at Tiide Commerce
Track: amazon
SKIP (already tailored): Senior Applied Science Manager, Amazon Sponsored Products & Brands at Amazon
Track: amazon
SKIP (already tailored): Amazon Marketplace Manager | Amazon US & AU | PPC, SEO, Seller Central & Growth Any Posted on 2026-07-09 12:19:24 at Amazon Marketplace Manager — Amazon US, Amazon AU & Walmart US
Track: amazon
SKIP (already tailored): Ecommerce Merchandising Manager at Dana-co LLC
Track: amazon
SKIP (already tailored): Ecommerce Assistant Manager at Kiss Products
Track: amazon
SKIP (already tailored): Senior Ecommerce Account Manager, Beauty at The PCA Companies
Track: amazon
SKIP (already tailored): eCommerce Account Manager - Hybrid/Remote at Vtldesign
Track: amazon
SKIP (already tailored): Strategic Ecommerce Account Manager | Growth & Partnerships at scandiweb
Track: amazon
SKIP (already tailored): Senior Manager of Ecommerce Operations at Hadley Designs
Track: amazon
SKIP (already tailored): Sr. Account Manager, ISV, ISV at Amazon Web Services (AWS)
Track: amazon
SKIP (already tailored): AWS Sr. Enterprise Account Manager, FSI-Capital Markets, FSI-Capital Markets at Amazon Web Services (AWS)
Track: ops
SKIP (already tailored): Remote Fractional COO: Scale Operations for Owners at How To MANAGE a Small Law Firm
Track: ops
SKIP (already tailored): Contracts Manager, Buy with Prime & Amazon Multi-Channel Fulfillment at Amazon
Track: amazon
SKIP (already tailored): Global Creative Strategist, Brand Innovation Lab, Amazon Ads Brand Innovation Lab at Amazon
Track: amazon
SKIP (already tailored): Sr. Paid Media Marketing Manager, Amazon Ads, Paid and Social Media Team, Amazon Ads at Amazon
Track: amazon
SKIP (already tailored): Head of Ecommerce at CHARLES & KEITH GROUP
Track: amazon
SKIP (already tailored): Manager, Customer Insights + Analytics (Ecommerce) at Pandora
Track: amazon
SKIP (already tailored): Junior Account Manager, Ecommerce at Tangle Teezer Ltd
Track: amazon
SKIP (already tailored): Junior Ecommerce Account Manager | Hybrid Role at BIC
Track: amazon
SKIP (already tailored): Senior Sales Account Manager, US LCS at Amazon
Track: amazon
SKIP (already tailored): Sr Client Account Manager, Amazon at Pinterest
Track: ops
SKIP (already tailored): Startup Operations Lead at Trekker Auto
Track: ops
SKIP (already tailored): Head of Operations ($150k-$195k + Equity) at well-funded healthtech startup at Jack & Jill
Track: ops
SKIP (already tailored): Amazon Advertising Manager at Cartograph
Track: amazon
SKIP (already tailored): Account Manager, Telecom at Amazon
Track: amazon
SKIP (already tailored): Strategic Account Manager, Amazon at Eaton Corporation
Track: amazon
SKIP (already tailored): Senior IT&S Project Manager at Northwell Careers
Track: amazon
SKIP (already tailored): Account Manager - E-Comm and Design at DADA Goldberg
Track: amazon
SKIP (already tailored): Ecommerce Account Manager, Amazon at Justrite Safety Group
Track: amazon
SKIP (already tailored): Senior Sales Account Manager, Sponsored Ads (Paid Search), Large Customer Sales Advertising at Amazon
Track: ops
SKIP (already tailored): Global SVP eCommerce Solutions at NielsenIQ
Track: ops
SKIP (already tailored): Director of International Ecommerce at Veronica Beard
Track: ops
SKIP (already tailored): Manager of Ecommerce at SBH Fashion
Track: ops
SKIP (already tailored): Chief Operations Officer, Marketing, Advertising & eCommerce at Confidential
Track: amazon
SKIP (already tailored): Sr. Marketing Manager, GTM, Amazon Flex, Amazon Flex at Amazon
Track: amazon
SKIP (already tailored): Director, Marketplace NAM at Pandora
Track: amazon
SKIP (already tailored): Senior eCommerce Analyst - Tommy Hilfiger at PVH
Track: amazon
SKIP (already tailored): E-Commerce Marketplace Specialist at JW Mobile
Track: amazon
SKIP (already tailored): LatAm Ecommerce Operations Manager Contract at Rad-Hires
Track: amazon
SKIP (already tailored): Senior Sales Account Manager, Sponsored Ads (Paid Search), Large Customer Sales Advertising at Amazon Advertising LLC
Track: amazon
SKIP (already tailored): TAM Manager, Video Advertising, Amazon Prime Video Ads at Amazon
Track: ops
SKIP (already tailored): Head of Operations / VP of Operations at Go Fractional
Track: ops
SKIP (already tailored): Business Operations Lead at Castle
Track: ops
SKIP (already tailored): People Operations Lead — Startup HR Leader (Hybrid) at Clarity Recruiting
Track: ops
SKIP (already tailored): Account Executive - Public Sector, Enterprise - New York, Amazon Web Services at Amazon Web Services (AWS)
Track: amazon
SKIP (already tailored): Sr. Amazon Brand Manager at Upwork
Track: amazon
SKIP (already tailored): Manager - Amazon eCommerce (WCB) at L'Oréal
Track: amazon
SKIP (already tailored): Senior Specialist, Customer Experience, Amazon - Marketplace Partnership at Front Row
Track: amazon
SKIP (already tailored): Amazon Marketplace Growth & Global Sourcing Manager (Full-Time, Remote) Full Time Posted on 2026-07-20 13:52:54 $7 per hour at Amazon Marketplace Growth & Global Sourcing Manager (Full-Time, Remote)
Track: amazon
SKIP (already tailored): Director of Ecommerce at Outdoor Collective
Track: amazon
SKIP (already tailored): Director eCommerce Capabilities at TeHiring.com
Track: ops
SKIP (already tailored): Associate Tech Strategy and Business Operations at Fanatics Collectibles
Track: ops
SKIP (already tailored): Retail Media Account Manager (Amazon and TikTok Shop) at WITHIN
Track: ops
SKIP (already tailored): Programmatic Solutions Consultant, Amazon Ads at Amazon
Track: ops
SKIP (already tailored): Marketing Manager, Amazon Pickup Program , PARP Traffic at Amazon
Track: amazon
SKIP (already tailored): Amazon 1P Vendor Account Manager | Brooklyn, NY · $175K–$200K + Commission - 2447 at Bhired
Track: amazon
SKIP (already tailored): Amazon Marketplace Director – remote freelance at 24 Seven Talent
Track: amazon
SKIP (already tailored): Ecommerce Manager, Amazon & eRetailers (Hybrid Role - New York) at OLAPLEX
Track: amazon
SKIP (already tailored): US Market + Marketing Manager (m/f/d) - 3x German Shopify E-Commerce Brands - 100% remote at Lyto Brands Group GmbH
Track: amazon
SKIP (already tailored): Pandora Manager, Customer Insights + Analytics (Ecommerce) at Pandora
Track: amazon
SKIP (already tailored): Sales Account Manager, Gold Accelerator at Amazon
Track: ops
SKIP (already tailored): Sr. Manager DTC Operations & Support at Ralph Lauren
Track: ops
SKIP (already tailored): COO - Integrator at 6AM City, LLC
Track: ops
SKIP (already tailored): Fractional CFO/CEO/COO/CIO/CRO - B.O. at Save with Denise
Track: ops
SKIP (already tailored): Head of Operations ($150k–$170k + Equity) at well-funded healthtech startup at CareersElite.com
Track: ops
SKIP (already tailored): Workplace & Talent Operations Specialist - AI Startup at BURKE + CO.
Track: ops
SKIP (already tailored): Revenue Operations Manager (B2B SaaS Startup) at PINATA New York, NY at PINATA
Track: ops
SKIP (already tailored): Senior Portfolio Growth Manager, Professional Services, AWS Worldwide Startups at Amazon Web Services (AWS)
Track: ops
SKIP (already tailored): Category Insights Account Manager at UNFI
Track: ops
SKIP (already tailored): Global Agency Development Manager, Amazon Ads at Amazon
Track: ops
SKIP (already tailored): Merchandising Manager, Amazon at AS Beauty Group
Track: amazon
SKIP (already tailored): Product Safety Compliance Manager, Amazon Private Brands, Amazon Private Brands, Product Safety and Compliance at Amazon
Track: amazon
SKIP (already tailored): National Account Manager, Amazon - US Stationery at BIC
Track: amazon
SKIP (already tailored): Sr. Industry Manager, Ecommerce at Pinterest
Track: amazon
SKIP (already tailored): Manager, Ecommerce Merchandising & AI at BIC Corporation
Track: amazon
SKIP (already tailored): Marketplace Operations Associate at Rokt
Track: amazon
SKIP (already tailored): E-Commerce Operations Manager at EmergencyMD
Track: amazon
SKIP (already tailored): Remote Ecommerce Operations Manager | Growth & Strategy at JobRack
Track: ops
SKIP (already tailored): DTC Operations Manager – E‑commerce (Hybrid) at Audio Network Group
Track: amazon
SKIP (already tailored): Senior Sales Account Manager, Live Sports at Amazon
Track: amazon
SKIP (already tailored): Director, Ecommerce & CRO at Create Wellness
Track: amazon
SKIP (already tailored): HEAD OF MARKETING - DTC GROWTH at Hē Labs
Track: amazon
SKIP (already tailored): Acne Studios DTC Operations Manager at Acne Studios
Track: amazon
SKIP (already tailored): Sales Account Manager, Gold Accelerator at Amazon Advertising LLC
Track: ops
SKIP (already tailored): Chief of Staff, Office of the CEO at Coast
Track: ops
SKIP (already tailored): Supervisor, Operations- DTC Settlements (Hybrid - Newark, NJ or Edgewood, LI) at Broadridge
Track: ops
SKIP (already tailored): Category Insights Account Manager - Boston at UNFI
Track: ops
SKIP (already tailored): Visual Content Manager, Amazon Delivery Experience (ADX) at Amazon
Track: amazon
Using resume: master_amazon.json

Tailoring resume for: Sr Account Manager, ISV Greenfield at Amazon Web Services (AWS)
Extracting keywords via Claude Haiku...
Top ATS keywords: ['Account Management', 'ISV Partnership', 'Greenfield Sales', 'AWS Solutions', 'Revenue Growth', 'Strategic Planning']

Match score BEFORE tailoring: 83/100
  Already in resume: ['Account Management', 'ISV Partnership', 'AWS Solutions', 'Revenue Growth', 'Strategic Planning']
  Missing: ['Greenfield Sales']

Match score AFTER tailoring: 100/100

Tailored resume saved: /Users/openclaw/job-search-agent/resumes/tailored/amazon-web-services-aws_sr-account-manager-isv-greenfield.docx
Track: amazon
Using resume: master_amazon.json

Tailoring resume for: Ecommerce Marketplace Manager (Amazon Experience Essential) at We Are Refyne
Extracting keywords via Claude Haiku...
Top ATS keywords: ['Amazon Seller Central', 'Ecommerce Marketplace Management', 'P&L Management', 'Inventory Management', 'Advertising Optimization', 'Vendor Relations']

Match score BEFORE tailoring: 100/100
  Already in resume: ['Amazon Seller Central', 'Ecommerce Marketplace Management', 'P&L Management', 'Inventory Management', 'Advertising Optimization', 'Vendor Relations']
  Missing: []

Match score AFTER tailoring: 100/100

Tailored resume saved: /Users/openclaw/job-search-agent/resumes/tailored/we-are-refyne_ecommerce-marketplace-manager-amazon-exp.docx
Track: amazon
Using resume: master_amazon.json

Tailoring resume for: Client Account Manager II, E-Commerce at Pinterest
Extracting keywords via Claude Haiku...
Top ATS keywords: ['Account Management', 'E-Commerce Strategy', 'Client Relationship Management', 'Sales Growth', 'Cross-Functional Leadership', 'Performance Metrics']

Match score BEFORE tailoring: 100/100
  Already in resume: ['Account Management', 'E-Commerce Strategy', 'Client Relationship Management', 'Sales Growth', 'Cross-Functional Leadership', 'Performance Metrics']
  Missing: []

Match score AFTER tailoring: 100/100

Tailored resume saved: /Users/openclaw/job-search-agent/resumes/tailored/pinterest_client-account-manager-ii-e-commerce.docx
Track: amazon
Using resume: master_amazon.json

Tailoring resume for: Associate Account Manager Amazon North America at Vestacy
Extracting keywords via Claude Haiku...
Top ATS keywords: ['Account Management', 'Amazon Seller Central', 'Sales Strategy', 'Customer Relationship Management', 'Performance Metrics', 'Vendor Negotiation']

Match score BEFORE tailoring: 100/100
  Already in resume: ['Account Management', 'Amazon Seller Central', 'Sales Strategy', 'Customer Relationship Management', 'Performance Metrics', 'Vendor Negotiation']
  Missing: []

Match score AFTER tailoring: 100/100

Tailored resume saved: /Users/openclaw/job-search-agent/resumes/tailored/vestacy_associate-account-manager-amazon-north-a.docx
Track: ops
Using resume: master_ops.json

Tailoring resume for: On site - Head of eCommerce Sales - $150,000 + Bonus - Cedarhurst (Long Island), NY at R2 Global
Extracting keywords via Claude Haiku...
Top ATS keywords: ['eCommerce Sales Leadership', 'P&L Management', 'Channel Strategy', 'Sales Team Management', 'KPI Tracking', 'Revenue Growth']

Match score BEFORE tailoring: 100/100
  Already in resume: ['eCommerce Sales Leadership', 'P&L Management', 'Channel Strategy', 'Sales Team Management', 'KPI Tracking', 'Revenue Growth']
  Missing: []

Match score AFTER tailoring: 100/100

Tailored resume saved: /Users/openclaw/job-search-agent/resumes/tailored/r2-global_on-site-head-of-ecommerce-sales-150-000-.docx
=== Tailor complete: 177 tailored, 0 failed at Fri Jul 31 03:28:34 EDT 2026 ===
[main 190dafe] Sync tailored resumes 2026-07-31
 Committer: OpenClaw <openclaw@Sovereigns-Mac-mini.local>
Your name and email address were configured automatically based
on your username and hostname. Please check that they are accurate.
You can suppress this message by setting them explicitly. Run the
following command and follow the instructions in your editor to edit
your configuration file:

    git config --global --edit

After doing this, you may fix the identity used for this commit with:

    git commit --amend --reset-author

 5 files changed, 0 insertions(+), 0 deletions(-)
 create mode 100644 resumes/tailored/amazon-web-services-aws_sr-account-manager-isv-greenfield.docx
 create mode 100644 resumes/tailored/pinterest_client-account-manager-ii-e-commerce.docx
 create mode 100644 resumes/tailored/r2-global_on-site-head-of-ecommerce-sales-150-000-.docx
 create mode 100644 resumes/tailored/vestacy_associate-account-manager-amazon-north-a.docx
 create mode 100644 resumes/tailored/we-are-refyne_ecommerce-marketplace-manager-amazon-exp.docx
failed to store: -61
To https://gitlab.com/client-os/client-os.git
 ! [rejected]        main -> main (fetch first)
error: failed to push some refs to 'https://gitlab.com/client-os/client-os.git'
hint: Updates were rejected because the remote contains work that you do not
hint: have locally. This is usually caused by another repository pushing to
hint: the same ref. If you want to integrate the remote changes, use
hint: 'git pull' before pushing again.
hint: See the 'Note about fast-forwards' in 'git push --help' for details.
To https://github.com/angieraja23/client-os.git
   4029665..190dafe  main -> main
Vercel CLI 56.4.1 (Node.js 25.8.0)
Retrieving project…
Deploying angieraja23-9144s-projects/client-acquisition-os
Uploading [--------------------] (0.0B/891.6KB)
Uploading [=====---------------] (232.6KB/891.6KB)
Uploading [==========----------] (446.8KB/891.6KB)
Uploading [===============-----] (670.8KB/891.6KB)
Uploading [====================] (891.6KB/891.6KB)
  Inspect         https://vercel.com/angieraja23-9144s-projects/client-acquisition-os/iipUpL1K9pzk1JP3rsqHqVvxAqGZ
  Production      https://client-acquisition-g44jwpsjn-angieraja23-9144s-projects.vercel.app
https://client-acquisition-g44jwpsjn-angieraja23-9144s-projects.vercel.appBuilding…
Building…
Running build in Washington, D.C., USA (East) – iad1
Build machine configuration: 2 cores, 8 GB
Retrieving list of deployment files...
Previous build caches not available.
Downloading 248 deployment files...
Running "vercel build"
Vercel CLI 58.4.0
Build Completed in /vercel/output [181ms]
Deploying outputs...
[2K[1A[2K[G  Production      https://client-acquisition-g44jwpsjn-angieraja23-9144s-projects.vercel.app
Completing…
▲ Aliased         https://clientos.angieraja.com

✓ Ready in 6s
=== Resumes synced and deployed ===
=== Digest sent ===
=== Run finished: Fri Jul 31 03:28:45 EDT 2026 ===
=== Run started: Mon Aug  3 03:00:00 EDT 2026 ===
PATH=/opt/homebrew/bin:/opt/homebrew/sbin:/usr/local/bin:/usr/bin:/bin:/usr/sbin:/sbin
GITLAB_TOKEN=SET
GITHUB_TOKEN=SET
ANTHROPIC_API_KEY=SET
--- Running scraper ---
[main 26f3543] Weekly refresh 2026-08-03
 Committer: OpenClaw <openclaw@Sovereigns-Mac-mini.local>
Your name and email address were configured automatically based
on your username and hostname. Please check that they are accurate.
You can suppress this message by setting them explicitly. Run the
following command and follow the instructions in your editor to edit
your configuration file:

    git config --global --edit

After doing this, you may fix the identity used for this commit with:

    git commit --amend --reset-author

 6 files changed, 816 insertions(+), 2 deletions(-)
[2026-08-03 03:00] ==================================================
[2026-08-03 03:00] Client Acquisition OS — Weekly Refresh
[2026-08-03 03:00] ── JOBS ─────────────────────────────────
[2026-08-03 03:00]   Amazon Account Manager — Remote
[2026-08-03 03:00]     0 results
[2026-08-03 03:00]   Amazon Account Manager — New York
[2026-08-03 03:00]     10 results
[2026-08-03 03:00]   Amazon Brand Manager — Remote
[2026-08-03 03:00]     0 results
[2026-08-03 03:00]   Amazon Brand Manager — New York
[2026-08-03 03:00]     10 results
[2026-08-03 03:00]   Senior Amazon Brand Manager — Remote
[2026-08-03 03:00]     0 results
[2026-08-03 03:00]   Senior Amazon Brand Manager — New York
[2026-08-03 03:00]     10 results
[2026-08-03 03:00]     + Sr. Analyst Relations Manager, Amazon Ads @ Amazon (New York, NY) [LinkedIn · Easy Apply]
[2026-08-03 03:00]   Amazon Marketplace Manager — Remote
[2026-08-03 03:00]     0 results
[2026-08-03 03:00]   Amazon Marketplace Manager — New York
[2026-08-03 03:00]     10 results
[2026-08-03 03:00]     + Amazon Marketplace Coordinator @ LHH (New York, NY) [LinkedIn · Easy Apply]
[2026-08-03 03:00]   Ecommerce Brand Manager — Remote
[2026-08-03 03:01]     0 results
[2026-08-03 03:01]   Ecommerce Brand Manager — New York
[2026-08-03 03:01]     10 results
[2026-08-03 03:01]     + Head of eCommerce @ Danimás (New York, NY) [LinkedIn · Easy Apply]
[2026-08-03 03:01]   Ecommerce Account Manager — Remote
[2026-08-03 03:01]     0 results
[2026-08-03 03:01]   Ecommerce Account Manager — New York
[2026-08-03 03:01]     10 results
[2026-08-03 03:01]   Marketplace Manager Walmart Amazon — Remote
[2026-08-03 03:01]     0 results
[2026-08-03 03:01]   Marketplace Manager Walmart Amazon — New York
[2026-08-03 03:01]     5 results
[2026-08-03 03:01]   Ecommerce Operations Manager — Remote
[2026-08-03 03:01]     0 results
[2026-08-03 03:01]   Ecommerce Operations Manager — New York
[2026-08-03 03:01]     10 results
[2026-08-03 03:01]   DTC Brand Manager — Remote
[2026-08-03 03:01]     0 results
[2026-08-03 03:01]   DTC Brand Manager — New York
[2026-08-03 03:01]     10 results
[2026-08-03 03:01]     + Growth Marketing Manager — DTC Paid Media @ MOHR Talent (Nueva York, NY, Estados Unidos) [LinkedIn · Easy Apply]
[2026-08-03 03:01]   Amazon Agency Account Manager — Remote
[2026-08-03 03:02]     0 results
[2026-08-03 03:02]   Amazon Agency Account Manager — New York
[2026-08-03 03:02]     10 results
[2026-08-03 03:02]     + Sr. Amazon Account Manager (Remote) @ Envision Horizons LLC (New York, NY)
[2026-08-03 03:02]   Chief of Staff ecommerce — Remote
[2026-08-03 03:02]     0 results
[2026-08-03 03:02]   Chief of Staff ecommerce — New York
[2026-08-03 03:02]     1 results
[2026-08-03 03:02]   Chief of Staff startup — Remote
[2026-08-03 03:02]     0 results
[2026-08-03 03:02]   Chief of Staff startup — New York
[2026-08-03 03:03]     2 results
[2026-08-03 03:03]   Chief of Staff DTC — Remote
[2026-08-03 03:03]     0 results
[2026-08-03 03:03]   Chief of Staff DTC — New York
[2026-08-03 03:03]     2 results
[2026-08-03 03:03]   Head of Operations DTC — Remote
[2026-08-03 03:03]     0 results
[2026-08-03 03:03]   Head of Operations DTC — New York
[2026-08-03 03:03]     10 results
[2026-08-03 03:03]   Head of Operations ecommerce — Remote
[2026-08-03 03:03]     0 results
[2026-08-03 03:03]   Head of Operations ecommerce — New York
[2026-08-03 03:03]     10 results
[2026-08-03 03:03]   Director of Operations ecommerce — Remote
[2026-08-03 03:03]     0 results
[2026-08-03 03:03]   Director of Operations ecommerce — New York
[2026-08-03 03:04]     10 results
[2026-08-03 03:04]   EOS Integrator — Remote
[2026-08-03 03:04]     0 results
[2026-08-03 03:04]   EOS Integrator — New York
[2026-08-03 03:04]     4 results
[2026-08-03 03:04]   Fractional COO — Remote
[2026-08-03 03:04]     0 results
[2026-08-03 03:04]   Fractional COO — New York
[2026-08-03 03:04]     10 results
[2026-08-03 03:04]   VP Operations DTC — Remote
[2026-08-03 03:04]     0 results
[2026-08-03 03:04]   VP Operations DTC — New York
[2026-08-03 03:04]     10 results
[2026-08-03 03:04]   Business Operations Lead startup — Remote
[2026-08-03 03:04]     0 results
[2026-08-03 03:04]   Business Operations Lead startup — New York
[2026-08-03 03:04]     3 results
[2026-08-03 03:04]   Amazon Account Manager agency client portfolio — Remote
[2026-08-03 03:04]     0 results
[2026-08-03 03:04]   Amazon Account Manager agency client portfolio — New York
[2026-08-03 03:05]     0 results
[2026-08-03 03:05]   Amazon Brand Manager Seller Central agency — Remote
[2026-08-03 03:05]   SerpAPI error: The read operation timed out
[2026-08-03 03:05]     0 results
[2026-08-03 03:05]   Amazon Brand Manager Seller Central agency — New York
[2026-08-03 03:05]     4 results
[2026-08-03 03:05]   Marketplace Account Manager consumer brands — Remote
[2026-08-03 03:05]   SerpAPI error: The read operation timed out
[2026-08-03 03:05]     0 results
[2026-08-03 03:05]   Marketplace Account Manager consumer brands — New York
[2026-08-03 03:05]     2 results
[2026-08-03 03:05]   Ecommerce Account Manager client facing Amazon — Remote
[2026-08-03 03:05]     0 results
[2026-08-03 03:05]   Ecommerce Account Manager client facing Amazon — New York
[2026-08-03 03:06]     3 results
[2026-08-03 03:06]   Amazon Account Director agency — Remote
[2026-08-03 03:06]     0 results
[2026-08-03 03:06]   Amazon Account Director agency — New York
[2026-08-03 03:06]     2 results
[2026-08-03 03:06]   Senior Account Manager Amazon marketplace agency — Remote
[2026-08-03 03:06]     0 results
[2026-08-03 03:06]   Senior Account Manager Amazon marketplace agency — New York
[2026-08-03 03:06]     1 results
[2026-08-03 03:06]   Brand Strategy Manager Amazon ecommerce — Remote
[2026-08-03 03:06]     0 results
[2026-08-03 03:06]   Brand Strategy Manager Amazon ecommerce — New York
[2026-08-03 03:06]     10 results
[2026-08-03 03:06]   Client Success Manager Amazon agency — Remote
[2026-08-03 03:07]     0 results
[2026-08-03 03:07]   Client Success Manager Amazon agency — New York
[2026-08-03 03:07]     4 results
[2026-08-03 03:07]   Wrote 182 jobs to data/jobs.json (5 new)
[2026-08-03 03:07] ── CONTACTS ─────────────────────────────
[2026-08-03 03:07]   site:linkedin.com/in "amazon agency" "founder" operatio...
[2026-08-03 03:07]   site:linkedin.com/in "amazon agency" "co-founder"...
[2026-08-03 03:07]     + Adam Weiler — CEO @ Emplicit @ $750 million in Amazon ...
[2026-08-03 03:07]   site:linkedin.com/in "amazon agency" founder CEO...
[2026-08-03 03:07]     + Contact — amazon operator, not just agency owner @ 
[2026-08-03 03:07]   site:linkedin.com/in "ecommerce agency" founder operati...
[2026-08-03 03:07]   site:linkedin.com/in "FBA agency" founder...
[2026-08-03 03:07]   site:linkedin.com/in "amazon seller" founder COO...
[2026-08-03 03:07]     + Joe Zalta — CEO @ Entrepreneur | Investor
[2026-08-03 03:07]   site:linkedin.com/in "amazon brand" founder operations...
[2026-08-03 03:07]   site:linkedin.com/in "amazon marketing agency" founder...
[2026-08-03 03:07]   site:linkedin.com/in "ecommerce operations" founder CEO...
[2026-08-03 03:07]     + Hugh Sinclair — Founder and CEO, CommerceBlitz @ 
[2026-08-03 03:07]   site:linkedin.com/in "amazon consulting" founder OR co-...
[2026-08-03 03:07]     + Michael Slate — CEO @ VendorJump & SupplyKick
[2026-08-03 03:07]   Added 5 contacts (total 125)
[2026-08-03 03:07] ── DEPLOYING via GitLab ──────────────────
[2026-08-03 03:07]   Push done
[2026-08-03 03:07]   Deployed to Vercel
[2026-08-03 03:07] Done.

Scraper exit code: 0
--- Committing and pushing ---
[main cad6da0] Nightly auto-sync 2026-08-03
 Committer: OpenClaw <openclaw@Sovereigns-Mac-mini.local>
Your name and email address were configured automatically based
on your username and hostname. Please check that they are accurate.
You can suppress this message by setting them explicitly. Run the
following command and follow the instructions in your editor to edit
your configuration file:

    git config --global --edit

After doing this, you may fix the identity used for this commit with:

    git commit --amend --reset-author

 2 files changed, 166 insertions(+)
failed to store: -61
To https://gitlab.com/client-os/client-os.git
 ! [rejected]        main -> main (fetch first)
error: failed to push some refs to 'https://gitlab.com/client-os/client-os.git'
hint: Updates were rejected because the remote contains work that you do not
hint: have locally. This is usually caused by another repository pushing to
hint: the same ref. If you want to integrate the remote changes, use
hint: 'git pull' before pushing again.
hint: See the 'Note about fast-forwards' in 'git push --help' for details.
To https://github.com/angieraja23/client-os.git
   190dafe..cad6da0  main -> main
Vercel CLI 56.4.1 (Node.js 25.8.0)
Retrieving project…
Deploying angieraja23-9144s-projects/client-acquisition-os
Uploading [--------------------] (0.0B/972.8KB)
Uploading [=====---------------] (256.0KB/972.8KB)
Uploading [==========----------] (501.1KB/972.8KB)
Uploading [===============-----] (741.1KB/972.8KB)
Uploading [====================] (972.8KB/972.8KB)
  Inspect         https://vercel.com/angieraja23-9144s-projects/client-acquisition-os/5H9LkutwiwzwtjXqh2Jmqe7TuKZc
  Production      https://client-acquisition-cf3yxof10-angieraja23-9144s-projects.vercel.app
https://client-acquisition-cf3yxof10-angieraja23-9144s-projects.vercel.appBuilding…
Building…
Running build in Washington, D.C., USA (East) – iad1
Build machine configuration: 2 cores, 8 GB
Retrieving list of deployment files...
Previous build caches not available.
Downloading 248 deployment files...
Running "vercel build"
Vercel CLI 58.1.0
Build Completed in /vercel/output [201ms]
Deploying outputs...
[2K[1A[2K[G  Production      https://client-acquisition-cf3yxof10-angieraja23-9144s-projects.vercel.app
Completing…
▲ Aliased         https://clientos.angieraja.com

✓ Ready in 6s
=== Deployed: Mon Aug  3 03:08:12 EDT 2026 ===
--- Running tailor ---
=== Tailor started: Mon Aug  3 03:08:12 EDT 2026 ===
Track: ops
SKIP (already tailored): Chief of Staff at Cascade at Jack & Jill
Track: ops
SKIP (already tailored): Chief of Staff to the GM of Housing at Flex
Track: ops
SKIP (already tailored): Executive Assistant to the Chief of Staff at DEPARTMENT OF CORRECTION
Track: amazon
SKIP (already tailored): Associate Manager, Commerce Platform Logistics - Strategy and Operations at DoorDash
Track: amazon
SKIP (already tailored): Sr. Resourcing Operations Manager at MKG Productions, LLC
Track: ops
SKIP (already tailored): Logistics Operations Project Manager at Fluidstack
Track: ops
SKIP (already tailored): Manager, Enrollment Fulfillment Operations at New York Life
Track: amazon
SKIP (already tailored): Ecommerce Manager at Zachys Wine & Liquor
Track: amazon
SKIP (already tailored): Amazon Brand Manager at Cartograph
Track: amazon
SKIP (already tailored): Director of Ecommerce at SBH Fashion
Track: amazon
SKIP (already tailored): Ecommerce Marketplace Manager at Universal Perfumes & Cosmetics
Track: amazon
SKIP (already tailored): Client Account Manager, Digital Accounts at Amsive
Track: ops
SKIP (already tailored): DTC Performance & Growth Marketing Manager at Blueair North America
Track: amazon
SKIP (already tailored): AWS Sr. Enterprise Account Manager, Automotive & Manufacturing at Amazon Web Services (AWS)
Track: amazon
SKIP (already tailored): Senior Amazon Brand Manager at GNO Partners
Track: amazon
SKIP (already tailored): Campaign & Creative Manager, Campaign & Creative Management, Amazon at Amazon
Track: amazon
SKIP (already tailored): Sr. Marketing Manager, Engagement, WW Amazon Flex, Amazon Flex at Amazon
Track: amazon
SKIP (already tailored): Director, Amazon at Nécessaire, Inc.
Track: amazon
SKIP (already tailored): Amazon & Marketplace Account Growth Manager at The PCA Group
Track: amazon
SKIP (already tailored): Remote Amazon Marketplace Manager at Foxelli Group Remote at Foxelli Group
Track: amazon
SKIP (already tailored): E-commerce Growth Manager at BURDLIFE
Track: amazon
SKIP (already tailored): Marketplace Manager at PetsWorld Inc
Track: amazon
SKIP (already tailored): TikTok Shop Account Manager at KAMP Agency
Track: amazon
SKIP (already tailored): Sales Account Manager, US LCS, Consumer Electronics at Amazon
Track: amazon
SKIP (already tailored): Director of Operations — Digital & Ecommerce at Maxima Apparel
Track: amazon
SKIP (already tailored): Senior Manager, Ecommerce at SBH Fashion
Track: amazon
SKIP (already tailored): Sales Account Manager, LCS Acquisitions at Amazon
Track: ops
SKIP (already tailored): Chief of Staff - AI-native startup is rewiring a trillion-dollar consumer industry at Big Wave Digital
Track: ops
SKIP (already tailored): COO/EOS Integrator at CBIZ Talent Solutions
Track: ops
SKIP (already tailored): Office Operations at Series B AI Startup at Bloom Talent
Track: ops
SKIP (already tailored): Office & Operations Lead — Startup NYC (Equity) at The Talent Post
Track: ops
SKIP (already tailored): Jr. Amazon Account Coordinator at Tiide Commerce
Track: ops
SKIP (already tailored): Amazon Account Coordinator - Affiliate Marketing Agency at Ikon Digital Media
Track: ops
SKIP (already tailored): Manager, Amazon - Origins at DECIEM | THE ABNORMAL BEAUTY COMPANY
Track: amazon
SKIP (already tailored): Website for Amazon Account Management at Upwork
Track: amazon
SKIP (already tailored): Sr Product Marketing Manager, WW New Customer Registration, Amazon Business at Amazon
Track: amazon
SKIP (already tailored): Amazon Marketplace Specialist at Master Wholesale International, Inc.
Track: amazon
SKIP (already tailored): Senior Brand Manager, eCommerce Agency at Jobot
Track: amazon
SKIP (already tailored): Category Manager Intern (TikTok Shop - Operations) - 2026 Summer (MBA) at TikTok
Track: amazon
SKIP (already tailored): Ecommerce Optimization Manager at Clean Simple Eats, LLC.
Track: amazon
SKIP (already tailored): National Account Manager - Amazon at Scholastic
Track: amazon
SKIP (already tailored): Sales Account Manager, US LCS, Consumer Electronics at Amazon Advertising LLC
Track: ops
SKIP (already tailored): Director of Business Operations, SaaS | AI | eCommerce at Get Plus - The Autonomous Commerce OS
Track: amazon
SKIP (already tailored): AWS Account Manager, FSI at Amazon Web Services (AWS)
Track: amazon
SKIP (already tailored): Sr. Account Manager-RRT, Startups at Amazon Web Services (AWS)
Track: ops
SKIP (already tailored): Amazon Specialist at My Amazon Guy
Track: amazon
SKIP (already tailored): Strategic Account Manager, Amazon Publisher Services at Amazon
Track: amazon
SKIP (already tailored): Account Manager I, Amazon Global Logistics at Amazon Global Logistics
Track: amazon
SKIP (already tailored): VP, Ecommerce at Grüns
Track: amazon
SKIP (already tailored): Senior Director of Ecommerce & Growth at CleanBoss Inc.
Track: amazon
SKIP (already tailored): National Account Manager, Beauty (Direct eCommerce) at Dyson Direct Inc
Track: amazon
SKIP (already tailored): Sales Account Manager, Fashion Advertising Account Management, Fashion Advertising Account Management at Amazon
Track: amazon
SKIP (already tailored): Sales Account Manager, US LCS at Amazon
Track: amazon
SKIP (already tailored): Sr. Account Manager-RRT, Startups at Amazon Web Services, Inc.
Track: ops
SKIP (already tailored): Executive Assistant to Founder & Operations at Early-stage, Mission-driven Startup at Bloom Talent
Track: ops
SKIP (already tailored): Sr.  Amazon Ads Account Manager at Freshdesk
Track: amazon
SKIP (already tailored): Account Manager I, Hub Delivery at Amazon
Track: amazon
SKIP (already tailored): Sales Account Manager, Fashion, Sales, Advertising, & Account Management at Amazon
Track: amazon
SKIP (already tailored): National Account Manager, Amazon at ACCO Brands
Track: amazon
SKIP (already tailored): Sr. Product Marketing Manager , Amazon Live Creator Partnerships at Amazon
Track: amazon
SKIP (already tailored): Senior Amazon Brand Growth Lead Remote at Ballard House
Track: amazon
SKIP (already tailored): Ecommerce Assistant Manager (Amazon Focus) at Kiss Beauty Group
Track: amazon
SKIP (already tailored): Ecommerce Specialist (Amazon Focus) at Kiss Beauty Group
Track: amazon
SKIP (already tailored): Digital Commerce Specialist- Amazon at Kiss Beauty Group
Track: amazon
SKIP (already tailored): eCommerce Manager Delivery Claims & Incidents at Hermès
Track: amazon
SKIP (already tailored): Ecommerce Assistant Manager at Kiss Beauty Group
Track: amazon
SKIP (already tailored): eCommerce Lead FT @ Guggenheim at Event Network, LLC
Track: amazon
SKIP (already tailored): Director, eCommerce - Stuart Weitzman at Caleres, Inc.
Track: amazon
SKIP (already tailored): Operations Manager, Social Commerce at AMOREPACIFIC
Track: amazon
SKIP (already tailored): Sales Account Manager, Live Sports at Amazon
Track: amazon
SKIP (already tailored): Sales Account Manager, Fashion Advertising Account Management, Fashion Advertising Account Management at Amazon Advertising LLC
Track: amazon
SKIP (already tailored): Principal Account Manager, ISV at Amazon Web Services (AWS)
Track: amazon
SKIP (already tailored): Sales Account Manager (Fashion, Sales, Advertising, & Account Management) at Amazon
Track: ops
SKIP (already tailored): Chief Operations Officer In Residence – Startup Fintech at Scalata.ai
Track: ops
SKIP (already tailored): Fractional CEO for Small Businesses at How to Manage a Small Law Firm II, Incorporated
Track: ops
SKIP (already tailored): Manager, Digital Merchandising, Amazon at Kiss Beauty Group
Track: amazon
SKIP (already tailored): Amazon Account Strategist -  Amazon Seller & Vendor Central required! at VENDO – A PLTFRM Company
Track: amazon
SKIP (already tailored): E-Commerce Operations Manager at TOM FORD FASHION
Track: amazon
SKIP (already tailored): Ecommerce Manager (Beauty) at Solomon Page
Track: amazon
SKIP (already tailored): Manager, Book Sales & eCommerce at AWA Studios
Track: amazon
SKIP (already tailored): Ecommerce Assistant Manager at Ivy Enterprises, Inc.
Track: amazon
SKIP (already tailored): Account Manager, US Govtech Mid-Market at Amazon Web Services (AWS)
Track: ops
SKIP (already tailored): eCommerce Operations Manager at Adecco
Track: amazon
SKIP (already tailored): Account Manager I, Business Development, Amazon Global Logistics at Amazon
Track: amazon
SKIP (already tailored): Remote Amazon Brand Manager | Growth & Strategy Lead at Tiide Commerce
Track: amazon
SKIP (already tailored): Senior Applied Science Manager, Amazon Sponsored Products & Brands at Amazon
Track: amazon
SKIP (already tailored): Amazon Marketplace Manager | Amazon US & AU | PPC, SEO, Seller Central & Growth Any Posted on 2026-07-09 12:19:24 at Amazon Marketplace Manager — Amazon US, Amazon AU & Walmart US
Track: amazon
SKIP (already tailored): Ecommerce Merchandising Manager at Dana-co LLC
Track: amazon
SKIP (already tailored): Ecommerce Assistant Manager at Kiss Products
Track: amazon
SKIP (already tailored): Senior Ecommerce Account Manager, Beauty at The PCA Companies
Track: amazon
SKIP (already tailored): eCommerce Account Manager - Hybrid/Remote at Vtldesign
Track: amazon
SKIP (already tailored): Strategic Ecommerce Account Manager | Growth & Partnerships at scandiweb
Track: amazon
SKIP (already tailored): Senior Manager of Ecommerce Operations at Hadley Designs
Track: amazon
SKIP (already tailored): Sr. Account Manager, ISV, ISV at Amazon Web Services (AWS)
Track: amazon
SKIP (already tailored): AWS Sr. Enterprise Account Manager, FSI-Capital Markets, FSI-Capital Markets at Amazon Web Services (AWS)
Track: ops
SKIP (already tailored): Remote Fractional COO: Scale Operations for Owners at How To MANAGE a Small Law Firm
Track: ops
SKIP (already tailored): Contracts Manager, Buy with Prime & Amazon Multi-Channel Fulfillment at Amazon
Track: amazon
SKIP (already tailored): Global Creative Strategist, Brand Innovation Lab, Amazon Ads Brand Innovation Lab at Amazon
Track: amazon
SKIP (already tailored): Sr. Paid Media Marketing Manager, Amazon Ads, Paid and Social Media Team, Amazon Ads at Amazon
Track: amazon
SKIP (already tailored): Head of Ecommerce at CHARLES & KEITH GROUP
Track: amazon
SKIP (already tailored): Manager, Customer Insights + Analytics (Ecommerce) at Pandora
Track: amazon
SKIP (already tailored): Junior Account Manager, Ecommerce at Tangle Teezer Ltd
Track: amazon
SKIP (already tailored): Junior Ecommerce Account Manager | Hybrid Role at BIC
Track: amazon
SKIP (already tailored): Senior Sales Account Manager, US LCS at Amazon
Track: amazon
SKIP (already tailored): Sr Client Account Manager, Amazon at Pinterest
Track: ops
SKIP (already tailored): Startup Operations Lead at Trekker Auto
Track: ops
SKIP (already tailored): Head of Operations ($150k-$195k + Equity) at well-funded healthtech startup at Jack & Jill
Track: ops
SKIP (already tailored): Amazon Advertising Manager at Cartograph
Track: amazon
SKIP (already tailored): Account Manager, Telecom at Amazon
Track: amazon
SKIP (already tailored): Strategic Account Manager, Amazon at Eaton Corporation
Track: amazon
SKIP (already tailored): Senior IT&S Project Manager at Northwell Careers
Track: amazon
SKIP (already tailored): Account Manager - E-Comm and Design at DADA Goldberg
Track: amazon
SKIP (already tailored): Ecommerce Account Manager, Amazon at Justrite Safety Group
Track: amazon
SKIP (already tailored): Senior Sales Account Manager, Sponsored Ads (Paid Search), Large Customer Sales Advertising at Amazon
Track: ops
SKIP (already tailored): Global SVP eCommerce Solutions at NielsenIQ
Track: ops
SKIP (already tailored): Director of International Ecommerce at Veronica Beard
Track: ops
SKIP (already tailored): Manager of Ecommerce at SBH Fashion
Track: ops
SKIP (already tailored): Chief Operations Officer, Marketing, Advertising & eCommerce at Confidential
Track: amazon
SKIP (already tailored): Sr. Marketing Manager, GTM, Amazon Flex, Amazon Flex at Amazon
Track: amazon
SKIP (already tailored): Director, Marketplace NAM at Pandora
Track: amazon
SKIP (already tailored): Senior eCommerce Analyst - Tommy Hilfiger at PVH
Track: amazon
SKIP (already tailored): E-Commerce Marketplace Specialist at JW Mobile
Track: amazon
SKIP (already tailored): LatAm Ecommerce Operations Manager Contract at Rad-Hires
Track: amazon
SKIP (already tailored): Senior Sales Account Manager, Sponsored Ads (Paid Search), Large Customer Sales Advertising at Amazon Advertising LLC
Track: amazon
SKIP (already tailored): TAM Manager, Video Advertising, Amazon Prime Video Ads at Amazon
Track: ops
SKIP (already tailored): Head of Operations / VP of Operations at Go Fractional
Track: ops
SKIP (already tailored): Business Operations Lead at Castle
Track: ops
SKIP (already tailored): People Operations Lead — Startup HR Leader (Hybrid) at Clarity Recruiting
Track: ops
SKIP (already tailored): Account Executive - Public Sector, Enterprise - New York, Amazon Web Services at Amazon Web Services (AWS)
Track: amazon
SKIP (already tailored): Sr. Amazon Brand Manager at Upwork
Track: amazon
SKIP (already tailored): Manager - Amazon eCommerce (WCB) at L'Oréal
Track: amazon
SKIP (already tailored): Senior Specialist, Customer Experience, Amazon - Marketplace Partnership at Front Row
Track: amazon
SKIP (already tailored): Amazon Marketplace Growth & Global Sourcing Manager (Full-Time, Remote) Full Time Posted on 2026-07-20 13:52:54 $7 per hour at Amazon Marketplace Growth & Global Sourcing Manager (Full-Time, Remote)
Track: amazon
SKIP (already tailored): Director of Ecommerce at Outdoor Collective
Track: amazon
SKIP (already tailored): Director eCommerce Capabilities at TeHiring.com
Track: ops
SKIP (already tailored): Associate Tech Strategy and Business Operations at Fanatics Collectibles
Track: ops
SKIP (already tailored): Retail Media Account Manager (Amazon and TikTok Shop) at WITHIN
Track: ops
SKIP (already tailored): Programmatic Solutions Consultant, Amazon Ads at Amazon
Track: ops
SKIP (already tailored): Marketing Manager, Amazon Pickup Program , PARP Traffic at Amazon
Track: amazon
SKIP (already tailored): Amazon 1P Vendor Account Manager | Brooklyn, NY · $175K–$200K + Commission - 2447 at Bhired
Track: amazon
SKIP (already tailored): Amazon Marketplace Director – remote freelance at 24 Seven Talent
Track: amazon
SKIP (already tailored): Ecommerce Manager, Amazon & eRetailers (Hybrid Role - New York) at OLAPLEX
Track: amazon
SKIP (already tailored): US Market + Marketing Manager (m/f/d) - 3x German Shopify E-Commerce Brands - 100% remote at Lyto Brands Group GmbH
Track: amazon
SKIP (already tailored): Pandora Manager, Customer Insights + Analytics (Ecommerce) at Pandora
Track: amazon
SKIP (already tailored): Sales Account Manager, Gold Accelerator at Amazon
Track: ops
SKIP (already tailored): Sr. Manager DTC Operations & Support at Ralph Lauren
Track: ops
SKIP (already tailored): COO - Integrator at 6AM City, LLC
Track: ops
SKIP (already tailored): Fractional CFO/CEO/COO/CIO/CRO - B.O. at Save with Denise
Track: ops
SKIP (already tailored): Head of Operations ($150k–$170k + Equity) at well-funded healthtech startup at CareersElite.com
Track: ops
SKIP (already tailored): Workplace & Talent Operations Specialist - AI Startup at BURKE + CO.
Track: ops
SKIP (already tailored): Revenue Operations Manager (B2B SaaS Startup) at PINATA New York, NY at PINATA
Track: ops
SKIP (already tailored): Senior Portfolio Growth Manager, Professional Services, AWS Worldwide Startups at Amazon Web Services (AWS)
Track: ops
SKIP (already tailored): Category Insights Account Manager at UNFI
Track: ops
SKIP (already tailored): Global Agency Development Manager, Amazon Ads at Amazon
Track: ops
SKIP (already tailored): Merchandising Manager, Amazon at AS Beauty Group
Track: amazon
SKIP (already tailored): Product Safety Compliance Manager, Amazon Private Brands, Amazon Private Brands, Product Safety and Compliance at Amazon
Track: amazon
SKIP (already tailored): National Account Manager, Amazon - US Stationery at BIC
Track: amazon
SKIP (already tailored): Sr. Industry Manager, Ecommerce at Pinterest
Track: amazon
SKIP (already tailored): Manager, Ecommerce Merchandising & AI at BIC Corporation
Track: amazon
SKIP (already tailored): Marketplace Operations Associate at Rokt
Track: amazon
SKIP (already tailored): E-Commerce Operations Manager at EmergencyMD
Track: amazon
SKIP (already tailored): Remote Ecommerce Operations Manager | Growth & Strategy at JobRack
Track: ops
SKIP (already tailored): DTC Operations Manager – E‑commerce (Hybrid) at Audio Network Group
Track: amazon
SKIP (already tailored): Senior Sales Account Manager, Live Sports at Amazon
Track: amazon
SKIP (already tailored): Director, Ecommerce & CRO at Create Wellness
Track: amazon
SKIP (already tailored): HEAD OF MARKETING - DTC GROWTH at Hē Labs
Track: amazon
SKIP (already tailored): Acne Studios DTC Operations Manager at Acne Studios
Track: amazon
SKIP (already tailored): Sales Account Manager, Gold Accelerator at Amazon Advertising LLC
Track: ops
SKIP (already tailored): Chief of Staff, Office of the CEO at Coast
Track: ops
SKIP (already tailored): Supervisor, Operations- DTC Settlements (Hybrid - Newark, NJ or Edgewood, LI) at Broadridge
Track: ops
SKIP (already tailored): Category Insights Account Manager - Boston at UNFI
Track: ops
SKIP (already tailored): Visual Content Manager, Amazon Delivery Experience (ADX) at Amazon
Track: amazon
SKIP (already tailored): Sr Account Manager, ISV Greenfield at Amazon Web Services (AWS)
Track: amazon
SKIP (already tailored): Ecommerce Marketplace Manager (Amazon Experience Essential) at We Are Refyne
Track: amazon
SKIP (already tailored): Client Account Manager II, E-Commerce at Pinterest
Track: amazon
SKIP (already tailored): Associate Account Manager Amazon North America at Vestacy
Track: ops
SKIP (already tailored): On site - Head of eCommerce Sales - $150,000 + Bonus - Cedarhurst (Long Island), NY at R2 Global
Track: amazon
Using resume: master_amazon.json

Tailoring resume for: Sr. Analyst Relations Manager, Amazon Ads at Amazon
Extracting keywords via Claude Haiku...
Top ATS keywords: ['Analyst Relations', 'Amazon Ads', 'Media Strategy', 'Cross-Functional Leadership', 'Vendor Management', 'KPI Tracking']

Match score BEFORE tailoring: 100/100
  Already in resume: ['Analyst Relations', 'Amazon Ads', 'Media Strategy', 'Cross-Functional Leadership', 'Vendor Management', 'KPI Tracking']
  Missing: []

Match score AFTER tailoring: 100/100

Tailored resume saved: /Users/openclaw/job-search-agent/resumes/tailored/amazon_sr-analyst-relations-manager-amazon-ads.docx
Track: amazon
Using resume: master_amazon.json

Tailoring resume for: Amazon Marketplace Coordinator at LHH
Extracting keywords via Claude Haiku...
Top ATS keywords: ['Amazon Seller Central', 'Marketplace Management', 'Inventory Management', 'Performance Analytics', 'Vendor Relations', 'Operations Coordination']

Match score BEFORE tailoring: 100/100
  Already in resume: ['Amazon Seller Central', 'Marketplace Management', 'Inventory Management', 'Performance Analytics', 'Vendor Relations', 'Operations Coordination']
  Missing: []

Match score AFTER tailoring: 100/100

Tailored resume saved: /Users/openclaw/job-search-agent/resumes/tailored/lhh_amazon-marketplace-coordinator.docx
Track: amazon
Using resume: master_amazon.json

Tailoring resume for: Head of eCommerce at Danimás
Extracting keywords via Claude Haiku...
Top ATS keywords: ['eCommerce Strategy', 'P&L Management', 'Digital Marketing', 'Cross-Functional Leadership', 'Conversion Rate Optimization', 'Analytics and Reporting']

Match score BEFORE tailoring: 100/100
  Already in resume: ['eCommerce Strategy', 'P&L Management', 'Digital Marketing', 'Cross-Functional Leadership', 'Conversion Rate Optimization', 'Analytics and Reporting']
  Missing: []

Match score AFTER tailoring: 100/100

Tailored resume saved: /Users/openclaw/job-search-agent/resumes/tailored/danim-s_head-of-ecommerce.docx
Track: amazon
Using resume: master_amazon.json

Tailoring resume for: Growth Marketing Manager — DTC Paid Media at MOHR Talent
Extracting keywords via Claude Haiku...
Top ATS keywords: ['Paid Media Management', 'DTC Marketing', 'Google Ads', 'Facebook Ads', 'Campaign Optimization', 'ROI Analysis']

Match score BEFORE tailoring: 66/100
  Already in resume: ['Paid Media Management', 'DTC Marketing', 'Campaign Optimization', 'ROI Analysis']
  Missing: ['Google Ads', 'Facebook Ads']

Match score AFTER tailoring: 100/100

Tailored resume saved: /Users/openclaw/job-search-agent/resumes/tailored/mohr-talent_growth-marketing-manager-dtc-paid-media.docx
Track: amazon
Using resume: master_amazon.json

Tailoring resume for: Sr. Amazon Account Manager (Remote) at Envision Horizons LLC
Extracting keywords via Claude Haiku...
Top ATS keywords: ['Amazon Seller Central', 'Account Management', 'Sales Strategy', 'P&L Management', 'Vendor Relations', 'Performance Metrics']

Match score BEFORE tailoring: 100/100
  Already in resume: ['Amazon Seller Central', 'Account Management', 'Sales Strategy', 'P&L Management', 'Vendor Relations', 'Performance Metrics']
  Missing: []

Match score AFTER tailoring: 100/100

Tailored resume saved: /Users/openclaw/job-search-agent/resumes/tailored/envision-horizons-llc_sr-amazon-account-manager-remote.docx
=== Tailor complete: 182 tailored, 0 failed at Mon Aug  3 03:30:17 EDT 2026 ===
[main 64919ce] Sync tailored resumes 2026-08-03
 Committer: OpenClaw <openclaw@Sovereigns-Mac-mini.local>
Your name and email address were configured automatically based
on your username and hostname. Please check that they are accurate.
You can suppress this message by setting them explicitly. Run the
following command and follow the instructions in your editor to edit
your configuration file:

    git config --global --edit

After doing this, you may fix the identity used for this commit with:

    git commit --amend --reset-author

 5 files changed, 0 insertions(+), 0 deletions(-)
 create mode 100644 resumes/tailored/amazon_sr-analyst-relations-manager-amazon-ads.docx
 create mode 100644 resumes/tailored/danim-s_head-of-ecommerce.docx
 create mode 100644 resumes/tailored/envision-horizons-llc_sr-amazon-account-manager-remote.docx
 create mode 100644 resumes/tailored/lhh_amazon-marketplace-coordinator.docx
 create mode 100644 resumes/tailored/mohr-talent_growth-marketing-manager-dtc-paid-media.docx
failed to store: -61
To https://gitlab.com/client-os/client-os.git
 ! [rejected]        main -> main (fetch first)
error: failed to push some refs to 'https://gitlab.com/client-os/client-os.git'
hint: Updates were rejected because the remote contains work that you do not
hint: have locally. This is usually caused by another repository pushing to
hint: the same ref. If you want to integrate the remote changes, use
hint: 'git pull' before pushing again.
hint: See the 'Note about fast-forwards' in 'git push --help' for details.
To https://github.com/angieraja23/client-os.git
   cad6da0..64919ce  main -> main
Vercel CLI 56.4.1 (Node.js 25.8.0)
Retrieving project…
Deploying angieraja23-9144s-projects/client-acquisition-os
Uploading [--------------------] (0.0B/926.3KB)
Uploading [=====---------------] (232.6KB/926.3KB)
Uploading [==========----------] (478.8KB/926.3KB)
Uploading [===============-----] (702.8KB/926.3KB)
Uploading [====================] (926.3KB/926.3KB)
  Inspect         https://vercel.com/angieraja23-9144s-projects/client-acquisition-os/9ErPtDzR9WKH1Vzrfh4zbeXQGwzE
  Production      https://client-acquisition-9h4rdsnj8-angieraja23-9144s-projects.vercel.app
https://client-acquisition-9h4rdsnj8-angieraja23-9144s-projects.vercel.appBuilding…
Building…
Running build in Washington, D.C., USA (East) – iad1
Build machine configuration: 2 cores, 8 GB
Retrieving list of deployment files...
Previous build caches not available.
Downloading 253 deployment files...
Running "vercel build"
Vercel CLI 58.1.0
Build Completed in /vercel/output [246ms]
Deploying outputs...
[2K[1A[2K[G  Production      https://client-acquisition-9h4rdsnj8-angieraja23-9144s-projects.vercel.app
Completing…
▲ Aliased         https://clientos.angieraja.com

✓ Ready in 7s
=== Resumes synced and deployed ===
=== Digest sent ===
=== Run finished: Mon Aug  3 03:30:49 EDT 2026 ===
=== Run started: Wed Aug  5 03:00:00 EDT 2026 ===
PATH=/opt/homebrew/bin:/opt/homebrew/sbin:/usr/local/bin:/usr/bin:/bin:/usr/sbin:/sbin
GITLAB_TOKEN=SET
GITHUB_TOKEN=SET
ANTHROPIC_API_KEY=SET
--- Running scraper ---
[main bd9e9cb] Weekly refresh 2026-08-05
 Committer: OpenClaw <openclaw@Sovereigns-Mac-mini.local>
Your name and email address were configured automatically based
on your username and hostname. Please check that they are accurate.
You can suppress this message by setting them explicitly. Run the
following command and follow the instructions in your editor to edit
your configuration file:

    git config --global --edit

After doing this, you may fix the identity used for this commit with:

    git commit --amend --reset-author

 4 files changed, 744 insertions(+), 1 deletion(-)
[2026-08-05 03:00] ==================================================
[2026-08-05 03:00] Client Acquisition OS — Weekly Refresh
[2026-08-05 03:00] ── JOBS ─────────────────────────────────
[2026-08-05 03:00]   Amazon Account Manager — Remote
[2026-08-05 03:00]     0 results
[2026-08-05 03:00]   Amazon Account Manager — New York
[2026-08-05 03:00]     10 results
[2026-08-05 03:00]     + Sales Account Manager, Telecom (Advertising) @ Amazon (New York, NY)
[2026-08-05 03:00]   Amazon Brand Manager — Remote
[2026-08-05 03:00]     0 results
[2026-08-05 03:00]   Amazon Brand Manager — New York
[2026-08-05 03:00]     10 results
[2026-08-05 03:00]     + Principal Brand Strategist, Amazon Ads, Amazon Ads Marketing @ Amazon Advertising LLC (New York, NY) [LinkedIn · Easy Apply]
[2026-08-05 03:00]   Senior Amazon Brand Manager — Remote
[2026-08-05 03:00]     0 results
[2026-08-05 03:00]   Senior Amazon Brand Manager — New York
[2026-08-05 03:00]     10 results
[2026-08-05 03:00]     + Senior Marketing Manager, Amazon Digital Advertising @ Amazon (New York, NY) [LinkedIn · Easy Apply]
[2026-08-05 03:00]   Amazon Marketplace Manager — Remote
[2026-08-05 03:00]     0 results
[2026-08-05 03:00]   Amazon Marketplace Manager — New York
[2026-08-05 03:00]     10 results
[2026-08-05 03:00]   Ecommerce Brand Manager — Remote
[2026-08-05 03:00]     0 results
[2026-08-05 03:00]   Ecommerce Brand Manager — New York
[2026-08-05 03:00]     10 results
[2026-08-05 03:00]   Ecommerce Account Manager — Remote
[2026-08-05 03:00]     0 results
[2026-08-05 03:01]   Ecommerce Account Manager — New York
[2026-08-05 03:01]     10 results
[2026-08-05 03:01]   Marketplace Manager Walmart Amazon — Remote
[2026-08-05 03:01]     0 results
[2026-08-05 03:01]   Marketplace Manager Walmart Amazon — New York
[2026-08-05 03:01]     3 results
[2026-08-05 03:01]   Ecommerce Operations Manager — Remote
[2026-08-05 03:01]     0 results
[2026-08-05 03:01]   Ecommerce Operations Manager — New York
[2026-08-05 03:01]     10 results
[2026-08-05 03:01]     + Global eCommerce Manager @ Fable and Mane (Anywhere) [LinkedIn · Easy Apply]
[2026-08-05 03:01]   DTC Brand Manager — Remote
[2026-08-05 03:01]     0 results
[2026-08-05 03:01]   DTC Brand Manager — New York
[2026-08-05 03:01]     10 results
[2026-08-05 03:01]   Amazon Agency Account Manager — Remote
[2026-08-05 03:01]     0 results
[2026-08-05 03:01]   Amazon Agency Account Manager — New York
[2026-08-05 03:01]     10 results
[2026-08-05 03:02]   Chief of Staff ecommerce — Remote
[2026-08-05 03:02]     0 results
[2026-08-05 03:02]   Chief of Staff ecommerce — New York
[2026-08-05 03:02]     0 results
[2026-08-05 03:02]   Chief of Staff startup — Remote
[2026-08-05 03:02]     0 results
[2026-08-05 03:02]   Chief of Staff startup — New York
[2026-08-05 03:02]     2 results
[2026-08-05 03:02]   Chief of Staff DTC — Remote
[2026-08-05 03:02]     0 results
[2026-08-05 03:02]   Chief of Staff DTC — New York
[2026-08-05 03:02]     4 results
[2026-08-05 03:03]   Head of Operations DTC — Remote
[2026-08-05 03:03]     0 results
[2026-08-05 03:03]   Head of Operations DTC — New York
[2026-08-05 03:03]     10 results
[2026-08-05 03:03]   Head of Operations ecommerce — Remote
[2026-08-05 03:03]     0 results
[2026-08-05 03:03]   Head of Operations ecommerce — New York
[2026-08-05 03:03]     9 results
[2026-08-05 03:03]   Director of Operations ecommerce — Remote
[2026-08-05 03:03]     0 results
[2026-08-05 03:03]   Director of Operations ecommerce — New York
[2026-08-05 03:03]     10 results
[2026-08-05 03:03]   EOS Integrator — Remote
[2026-08-05 03:03]     0 results
[2026-08-05 03:03]   EOS Integrator — New York
[2026-08-05 03:03]     4 results
[2026-08-05 03:03]   Fractional COO — Remote
[2026-08-05 03:03]     0 results
[2026-08-05 03:03]   Fractional COO — New York
[2026-08-05 03:04]     8 results
[2026-08-05 03:04]     + Fractional Chief Operating Officer/Operations Advisor @ Via Logic LLC (Anywhere) [LinkedIn · Easy Apply]
[2026-08-05 03:04]   VP Operations DTC — Remote
[2026-08-05 03:04]     0 results
[2026-08-05 03:04]   VP Operations DTC — New York
[2026-08-05 03:04]     10 results
[2026-08-05 03:04]   Business Operations Lead startup — Remote
[2026-08-05 03:04]     0 results
[2026-08-05 03:04]   Business Operations Lead startup — New York
[2026-08-05 03:04]     4 results
[2026-08-05 03:04]   Amazon Account Manager agency client portfolio — Remote
[2026-08-05 03:04]     0 results
[2026-08-05 03:04]   Amazon Account Manager agency client portfolio — New York
[2026-08-05 03:04]     0 results
[2026-08-05 03:04]   Amazon Brand Manager Seller Central agency — Remote
[2026-08-05 03:04]     0 results
[2026-08-05 03:04]   Amazon Brand Manager Seller Central agency — New York
[2026-08-05 03:05]     8 results
[2026-08-05 03:05]   Marketplace Account Manager consumer brands — Remote
[2026-08-05 03:05]     0 results
[2026-08-05 03:05]   Marketplace Account Manager consumer brands — New York
[2026-08-05 03:05]     2 results
[2026-08-05 03:05]   Ecommerce Account Manager client facing Amazon — Remote
[2026-08-05 03:05]     0 results
[2026-08-05 03:05]   Ecommerce Account Manager client facing Amazon — New York
[2026-08-05 03:05]     3 results
[2026-08-05 03:05]   Amazon Account Director agency — Remote
[2026-08-05 03:06]     0 results
[2026-08-05 03:06]   Amazon Account Director agency — New York
[2026-08-05 03:06]     4 results
[2026-08-05 03:06]   Senior Account Manager Amazon marketplace agency — Remote
[2026-08-05 03:06]     0 results
[2026-08-05 03:06]   Senior Account Manager Amazon marketplace agency — New York
[2026-08-05 03:06]     1 results
[2026-08-05 03:06]   Brand Strategy Manager Amazon ecommerce — Remote
[2026-08-05 03:06]     0 results
[2026-08-05 03:06]   Brand Strategy Manager Amazon ecommerce — New York
[2026-08-05 03:06]     10 results
[2026-08-05 03:06]   Client Success Manager Amazon agency — Remote
[2026-08-05 03:06]     0 results
[2026-08-05 03:06]   Client Success Manager Amazon agency — New York
[2026-08-05 03:07]     4 results
[2026-08-05 03:07]   Wrote 187 jobs to data/jobs.json (5 new)
[2026-08-05 03:07] ── DEPLOYING via GitLab ──────────────────
[2026-08-05 03:07]   Push done
[2026-08-05 03:07]   Deployed to Vercel
[2026-08-05 03:07] Done.

Scraper exit code: 0
--- Committing and pushing ---
[main c666307] Nightly auto-sync 2026-08-05
 Committer: OpenClaw <openclaw@Sovereigns-Mac-mini.local>
Your name and email address were configured automatically based
on your username and hostname. Please check that they are accurate.
You can suppress this message by setting them explicitly. Run the
following command and follow the instructions in your editor to edit
your configuration file:

    git config --global --edit

After doing this, you may fix the identity used for this commit with:

    git commit --amend --reset-author

 2 files changed, 147 insertions(+)
failed to store: -61
To https://gitlab.com/client-os/client-os.git
 ! [rejected]        main -> main (fetch first)
error: failed to push some refs to 'https://gitlab.com/client-os/client-os.git'
hint: Updates were rejected because the remote contains work that you do not
hint: have locally. This is usually caused by another repository pushing to
hint: the same ref. If you want to integrate the remote changes, use
hint: 'git pull' before pushing again.
hint: See the 'Note about fast-forwards' in 'git push --help' for details.
To https://github.com/angieraja23/client-os.git
   64919ce..c666307  main -> main
Vercel CLI 56.4.1 (Node.js 25.8.0)
Retrieving project…
Deploying angieraja23-9144s-projects/client-acquisition-os
Uploading [--------------------] (0.0B/1012.6KB)
Uploading [=====---------------] (256.0KB/1012.6KB)
Uploading [==========----------] (507.4KB/1012.6KB)
Uploading [===============-----] (763.4KB/1012.6KB)
Uploading [====================] (1012.6KB/1012.6KB)
  Inspect         https://vercel.com/angieraja23-9144s-projects/client-acquisition-os/5hQFrKGjEDrrHY6zFmGknx4yidZd
  Production      https://client-acquisition-2y720tg2y-angieraja23-9144s-projects.vercel.app
https://client-acquisition-2y720tg2y-angieraja23-9144s-projects.vercel.appBuilding…
Building…
Running build in Washington, D.C., USA (East) – iad1
Build machine configuration: 2 cores, 8 GB
Retrieving list of deployment files...
Previous build caches not available.
Downloading 253 deployment files...
Running "vercel build"
Vercel CLI 58.1.0
Build Completed in /vercel/output [189ms]
[2K[1A[2K[G  Production      https://client-acquisition-2y720tg2y-angieraja23-9144s-projects.vercel.app
Completing…
▲ Aliased         https://clientos.angieraja.com

✓ Ready in 8s
=== Deployed: Wed Aug  5 03:07:29 EDT 2026 ===
--- Running tailor ---
=== Tailor started: Wed Aug  5 03:07:29 EDT 2026 ===
Track: ops
SKIP (already tailored): Chief of Staff at Cascade at Jack & Jill
Track: ops
SKIP (already tailored): Chief of Staff to the GM of Housing at Flex
Track: ops
SKIP (already tailored): Executive Assistant to the Chief of Staff at DEPARTMENT OF CORRECTION
Track: amazon
SKIP (already tailored): Associate Manager, Commerce Platform Logistics - Strategy and Operations at DoorDash
Track: amazon
SKIP (already tailored): Sr. Resourcing Operations Manager at MKG Productions, LLC
Track: ops
SKIP (already tailored): Logistics Operations Project Manager at Fluidstack
Track: ops
SKIP (already tailored): Manager, Enrollment Fulfillment Operations at New York Life
Track: amazon
SKIP (already tailored): Ecommerce Manager at Zachys Wine & Liquor
Track: amazon
SKIP (already tailored): Amazon Brand Manager at Cartograph
Track: amazon
SKIP (already tailored): Director of Ecommerce at SBH Fashion
Track: amazon
SKIP (already tailored): Ecommerce Marketplace Manager at Universal Perfumes & Cosmetics
Track: amazon
SKIP (already tailored): Client Account Manager, Digital Accounts at Amsive
Track: ops
SKIP (already tailored): DTC Performance & Growth Marketing Manager at Blueair North America
Track: amazon
SKIP (already tailored): AWS Sr. Enterprise Account Manager, Automotive & Manufacturing at Amazon Web Services (AWS)
Track: amazon
SKIP (already tailored): Senior Amazon Brand Manager at GNO Partners
Track: amazon
SKIP (already tailored): Campaign & Creative Manager, Campaign & Creative Management, Amazon at Amazon
Track: amazon
SKIP (already tailored): Sr. Marketing Manager, Engagement, WW Amazon Flex, Amazon Flex at Amazon
Track: amazon
SKIP (already tailored): Director, Amazon at Nécessaire, Inc.
Track: amazon
SKIP (already tailored): Amazon & Marketplace Account Growth Manager at The PCA Group
Track: amazon
SKIP (already tailored): Remote Amazon Marketplace Manager at Foxelli Group Remote at Foxelli Group
Track: amazon
SKIP (already tailored): E-commerce Growth Manager at BURDLIFE
Track: amazon
SKIP (already tailored): Marketplace Manager at PetsWorld Inc
Track: amazon
SKIP (already tailored): TikTok Shop Account Manager at KAMP Agency
Track: amazon
SKIP (already tailored): Sales Account Manager, US LCS, Consumer Electronics at Amazon
Track: amazon
SKIP (already tailored): Director of Operations — Digital & Ecommerce at Maxima Apparel
Track: amazon
SKIP (already tailored): Senior Manager, Ecommerce at SBH Fashion
Track: amazon
SKIP (already tailored): Sales Account Manager, LCS Acquisitions at Amazon
Track: ops
SKIP (already tailored): Chief of Staff - AI-native startup is rewiring a trillion-dollar consumer industry at Big Wave Digital
Track: ops
SKIP (already tailored): COO/EOS Integrator at CBIZ Talent Solutions
Track: ops
SKIP (already tailored): Office Operations at Series B AI Startup at Bloom Talent
Track: ops
SKIP (already tailored): Office & Operations Lead — Startup NYC (Equity) at The Talent Post
Track: ops
SKIP (already tailored): Jr. Amazon Account Coordinator at Tiide Commerce
Track: ops
SKIP (already tailored): Amazon Account Coordinator - Affiliate Marketing Agency at Ikon Digital Media
Track: ops
SKIP (already tailored): Manager, Amazon - Origins at DECIEM | THE ABNORMAL BEAUTY COMPANY
Track: amazon
SKIP (already tailored): Website for Amazon Account Management at Upwork
Track: amazon
SKIP (already tailored): Sr Product Marketing Manager, WW New Customer Registration, Amazon Business at Amazon
Track: amazon
SKIP (already tailored): Amazon Marketplace Specialist at Master Wholesale International, Inc.
Track: amazon
SKIP (already tailored): Senior Brand Manager, eCommerce Agency at Jobot
Track: amazon
SKIP (already tailored): Category Manager Intern (TikTok Shop - Operations) - 2026 Summer (MBA) at TikTok
Track: amazon
SKIP (already tailored): Ecommerce Optimization Manager at Clean Simple Eats, LLC.
Track: amazon
SKIP (already tailored): National Account Manager - Amazon at Scholastic
Track: amazon
SKIP (already tailored): Sales Account Manager, US LCS, Consumer Electronics at Amazon Advertising LLC
Track: ops
SKIP (already tailored): Director of Business Operations, SaaS | AI | eCommerce at Get Plus - The Autonomous Commerce OS
Track: amazon
SKIP (already tailored): AWS Account Manager, FSI at Amazon Web Services (AWS)
Track: amazon
SKIP (already tailored): Sr. Account Manager-RRT, Startups at Amazon Web Services (AWS)
Track: ops
SKIP (already tailored): Amazon Specialist at My Amazon Guy
Track: amazon
SKIP (already tailored): Strategic Account Manager, Amazon Publisher Services at Amazon
Track: amazon
SKIP (already tailored): Account Manager I, Amazon Global Logistics at Amazon Global Logistics
Track: amazon
SKIP (already tailored): VP, Ecommerce at Grüns
Track: amazon
SKIP (already tailored): Senior Director of Ecommerce & Growth at CleanBoss Inc.
Track: amazon
SKIP (already tailored): National Account Manager, Beauty (Direct eCommerce) at Dyson Direct Inc
Track: amazon
SKIP (already tailored): Sales Account Manager, Fashion Advertising Account Management, Fashion Advertising Account Management at Amazon
Track: amazon
SKIP (already tailored): Sales Account Manager, US LCS at Amazon
Track: amazon
SKIP (already tailored): Sr. Account Manager-RRT, Startups at Amazon Web Services, Inc.
Track: ops
SKIP (already tailored): Executive Assistant to Founder & Operations at Early-stage, Mission-driven Startup at Bloom Talent
Track: ops
SKIP (already tailored): Sr.  Amazon Ads Account Manager at Freshdesk
Track: amazon
SKIP (already tailored): Account Manager I, Hub Delivery at Amazon
Track: amazon
SKIP (already tailored): Sales Account Manager, Fashion, Sales, Advertising, & Account Management at Amazon
Track: amazon
SKIP (already tailored): National Account Manager, Amazon at ACCO Brands
Track: amazon
SKIP (already tailored): Sr. Product Marketing Manager , Amazon Live Creator Partnerships at Amazon
Track: amazon
SKIP (already tailored): Senior Amazon Brand Growth Lead Remote at Ballard House
Track: amazon
SKIP (already tailored): Ecommerce Assistant Manager (Amazon Focus) at Kiss Beauty Group
Track: amazon
SKIP (already tailored): Ecommerce Specialist (Amazon Focus) at Kiss Beauty Group
Track: amazon
SKIP (already tailored): Digital Commerce Specialist- Amazon at Kiss Beauty Group
Track: amazon
SKIP (already tailored): eCommerce Manager Delivery Claims & Incidents at Hermès
Track: amazon
SKIP (already tailored): Ecommerce Assistant Manager at Kiss Beauty Group
Track: amazon
SKIP (already tailored): eCommerce Lead FT @ Guggenheim at Event Network, LLC
Track: amazon
SKIP (already tailored): Director, eCommerce - Stuart Weitzman at Caleres, Inc.
Track: amazon
SKIP (already tailored): Operations Manager, Social Commerce at AMOREPACIFIC
Track: amazon
SKIP (already tailored): Sales Account Manager, Live Sports at Amazon
Track: amazon
SKIP (already tailored): Sales Account Manager, Fashion Advertising Account Management, Fashion Advertising Account Management at Amazon Advertising LLC
Track: amazon
SKIP (already tailored): Principal Account Manager, ISV at Amazon Web Services (AWS)
Track: amazon
SKIP (already tailored): Sales Account Manager (Fashion, Sales, Advertising, & Account Management) at Amazon
Track: ops
SKIP (already tailored): Chief Operations Officer In Residence – Startup Fintech at Scalata.ai
Track: ops
SKIP (already tailored): Fractional CEO for Small Businesses at How to Manage a Small Law Firm II, Incorporated
Track: ops
SKIP (already tailored): Manager, Digital Merchandising, Amazon at Kiss Beauty Group
Track: amazon
SKIP (already tailored): Amazon Account Strategist -  Amazon Seller & Vendor Central required! at VENDO – A PLTFRM Company
Track: amazon
SKIP (already tailored): E-Commerce Operations Manager at TOM FORD FASHION
Track: amazon
SKIP (already tailored): Ecommerce Manager (Beauty) at Solomon Page
Track: amazon
SKIP (already tailored): Manager, Book Sales & eCommerce at AWA Studios
Track: amazon
SKIP (already tailored): Ecommerce Assistant Manager at Ivy Enterprises, Inc.
Track: amazon
SKIP (already tailored): Account Manager, US Govtech Mid-Market at Amazon Web Services (AWS)
Track: ops
SKIP (already tailored): eCommerce Operations Manager at Adecco
Track: amazon
SKIP (already tailored): Account Manager I, Business Development, Amazon Global Logistics at Amazon
Track: amazon
SKIP (already tailored): Remote Amazon Brand Manager | Growth & Strategy Lead at Tiide Commerce
Track: amazon
SKIP (already tailored): Senior Applied Science Manager, Amazon Sponsored Products & Brands at Amazon
Track: amazon
SKIP (already tailored): Amazon Marketplace Manager | Amazon US & AU | PPC, SEO, Seller Central & Growth Any Posted on 2026-07-09 12:19:24 at Amazon Marketplace Manager — Amazon US, Amazon AU & Walmart US
Track: amazon
SKIP (already tailored): Ecommerce Merchandising Manager at Dana-co LLC
Track: amazon
SKIP (already tailored): Ecommerce Assistant Manager at Kiss Products
Track: amazon
SKIP (already tailored): Senior Ecommerce Account Manager, Beauty at The PCA Companies
Track: amazon
SKIP (already tailored): eCommerce Account Manager - Hybrid/Remote at Vtldesign
Track: amazon
SKIP (already tailored): Strategic Ecommerce Account Manager | Growth & Partnerships at scandiweb
Track: amazon
SKIP (already tailored): Senior Manager of Ecommerce Operations at Hadley Designs
Track: amazon
SKIP (already tailored): Sr. Account Manager, ISV, ISV at Amazon Web Services (AWS)
Track: amazon
SKIP (already tailored): AWS Sr. Enterprise Account Manager, FSI-Capital Markets, FSI-Capital Markets at Amazon Web Services (AWS)
Track: ops
SKIP (already tailored): Remote Fractional COO: Scale Operations for Owners at How To MANAGE a Small Law Firm
Track: ops
SKIP (already tailored): Contracts Manager, Buy with Prime & Amazon Multi-Channel Fulfillment at Amazon
Track: amazon
SKIP (already tailored): Global Creative Strategist, Brand Innovation Lab, Amazon Ads Brand Innovation Lab at Amazon
Track: amazon
SKIP (already tailored): Sr. Paid Media Marketing Manager, Amazon Ads, Paid and Social Media Team, Amazon Ads at Amazon
Track: amazon
SKIP (already tailored): Head of Ecommerce at CHARLES & KEITH GROUP
Track: amazon
SKIP (already tailored): Manager, Customer Insights + Analytics (Ecommerce) at Pandora
Track: amazon
SKIP (already tailored): Junior Account Manager, Ecommerce at Tangle Teezer Ltd
Track: amazon
SKIP (already tailored): Junior Ecommerce Account Manager | Hybrid Role at BIC
Track: amazon
SKIP (already tailored): Senior Sales Account Manager, US LCS at Amazon
Track: amazon
SKIP (already tailored): Sr Client Account Manager, Amazon at Pinterest
Track: ops
SKIP (already tailored): Startup Operations Lead at Trekker Auto
Track: ops
SKIP (already tailored): Head of Operations ($150k-$195k + Equity) at well-funded healthtech startup at Jack & Jill
Track: ops
SKIP (already tailored): Amazon Advertising Manager at Cartograph
Track: amazon
SKIP (already tailored): Account Manager, Telecom at Amazon
Track: amazon
SKIP (already tailored): Strategic Account Manager, Amazon at Eaton Corporation
Track: amazon
SKIP (already tailored): Senior IT&S Project Manager at Northwell Careers
Track: amazon
SKIP (already tailored): Account Manager - E-Comm and Design at DADA Goldberg
Track: amazon
SKIP (already tailored): Ecommerce Account Manager, Amazon at Justrite Safety Group
Track: amazon
SKIP (already tailored): Senior Sales Account Manager, Sponsored Ads (Paid Search), Large Customer Sales Advertising at Amazon
Track: ops
SKIP (already tailored): Global SVP eCommerce Solutions at NielsenIQ
Track: ops
SKIP (already tailored): Director of International Ecommerce at Veronica Beard
Track: ops
SKIP (already tailored): Manager of Ecommerce at SBH Fashion
Track: ops
SKIP (already tailored): Chief Operations Officer, Marketing, Advertising & eCommerce at Confidential
Track: amazon
SKIP (already tailored): Sr. Marketing Manager, GTM, Amazon Flex, Amazon Flex at Amazon
Track: amazon
SKIP (already tailored): Director, Marketplace NAM at Pandora
Track: amazon
SKIP (already tailored): Senior eCommerce Analyst - Tommy Hilfiger at PVH
Track: amazon
SKIP (already tailored): E-Commerce Marketplace Specialist at JW Mobile
Track: amazon
SKIP (already tailored): LatAm Ecommerce Operations Manager Contract at Rad-Hires
Track: amazon
SKIP (already tailored): Senior Sales Account Manager, Sponsored Ads (Paid Search), Large Customer Sales Advertising at Amazon Advertising LLC
Track: amazon
SKIP (already tailored): TAM Manager, Video Advertising, Amazon Prime Video Ads at Amazon
Track: ops
SKIP (already tailored): Head of Operations / VP of Operations at Go Fractional
Track: ops
SKIP (already tailored): Business Operations Lead at Castle
Track: ops
SKIP (already tailored): People Operations Lead — Startup HR Leader (Hybrid) at Clarity Recruiting
Track: ops
SKIP (already tailored): Account Executive - Public Sector, Enterprise - New York, Amazon Web Services at Amazon Web Services (AWS)
Track: amazon
SKIP (already tailored): Sr. Amazon Brand Manager at Upwork
Track: amazon
SKIP (already tailored): Manager - Amazon eCommerce (WCB) at L'Oréal
Track: amazon
SKIP (already tailored): Senior Specialist, Customer Experience, Amazon - Marketplace Partnership at Front Row
Track: amazon
SKIP (already tailored): Amazon Marketplace Growth & Global Sourcing Manager (Full-Time, Remote) Full Time Posted on 2026-07-20 13:52:54 $7 per hour at Amazon Marketplace Growth & Global Sourcing Manager (Full-Time, Remote)
Track: amazon
SKIP (already tailored): Director of Ecommerce at Outdoor Collective
Track: amazon
SKIP (already tailored): Director eCommerce Capabilities at TeHiring.com
Track: ops
SKIP (already tailored): Associate Tech Strategy and Business Operations at Fanatics Collectibles
Track: ops
SKIP (already tailored): Retail Media Account Manager (Amazon and TikTok Shop) at WITHIN
Track: ops
SKIP (already tailored): Programmatic Solutions Consultant, Amazon Ads at Amazon
Track: ops
SKIP (already tailored): Marketing Manager, Amazon Pickup Program , PARP Traffic at Amazon
Track: amazon
SKIP (already tailored): Amazon 1P Vendor Account Manager | Brooklyn, NY · $175K–$200K + Commission - 2447 at Bhired
Track: amazon
SKIP (already tailored): Amazon Marketplace Director – remote freelance at 24 Seven Talent
Track: amazon
SKIP (already tailored): Ecommerce Manager, Amazon & eRetailers (Hybrid Role - New York) at OLAPLEX
Track: amazon
SKIP (already tailored): US Market + Marketing Manager (m/f/d) - 3x German Shopify E-Commerce Brands - 100% remote at Lyto Brands Group GmbH
Track: amazon
SKIP (already tailored): Pandora Manager, Customer Insights + Analytics (Ecommerce) at Pandora
Track: amazon
SKIP (already tailored): Sales Account Manager, Gold Accelerator at Amazon
Track: ops
SKIP (already tailored): Sr. Manager DTC Operations & Support at Ralph Lauren
Track: ops
SKIP (already tailored): COO - Integrator at 6AM City, LLC
Track: ops
SKIP (already tailored): Fractional CFO/CEO/COO/CIO/CRO - B.O. at Save with Denise
Track: ops
SKIP (already tailored): Head of Operations ($150k–$170k + Equity) at well-funded healthtech startup at CareersElite.com
Track: ops
SKIP (already tailored): Workplace & Talent Operations Specialist - AI Startup at BURKE + CO.
Track: ops
SKIP (already tailored): Revenue Operations Manager (B2B SaaS Startup) at PINATA New York, NY at PINATA
Track: ops
SKIP (already tailored): Senior Portfolio Growth Manager, Professional Services, AWS Worldwide Startups at Amazon Web Services (AWS)
Track: ops
SKIP (already tailored): Category Insights Account Manager at UNFI
Track: ops
SKIP (already tailored): Global Agency Development Manager, Amazon Ads at Amazon
Track: ops
SKIP (already tailored): Merchandising Manager, Amazon at AS Beauty Group
Track: amazon
SKIP (already tailored): Product Safety Compliance Manager, Amazon Private Brands, Amazon Private Brands, Product Safety and Compliance at Amazon
Track: amazon
SKIP (already tailored): National Account Manager, Amazon - US Stationery at BIC
Track: amazon
SKIP (already tailored): Sr. Industry Manager, Ecommerce at Pinterest
Track: amazon
SKIP (already tailored): Manager, Ecommerce Merchandising & AI at BIC Corporation
Track: amazon
SKIP (already tailored): Marketplace Operations Associate at Rokt
Track: amazon
SKIP (already tailored): E-Commerce Operations Manager at EmergencyMD
Track: amazon
SKIP (already tailored): Remote Ecommerce Operations Manager | Growth & Strategy at JobRack
Track: ops
SKIP (already tailored): DTC Operations Manager – E‑commerce (Hybrid) at Audio Network Group
Track: amazon
SKIP (already tailored): Senior Sales Account Manager, Live Sports at Amazon
Track: amazon
SKIP (already tailored): Director, Ecommerce & CRO at Create Wellness
Track: amazon
SKIP (already tailored): HEAD OF MARKETING - DTC GROWTH at Hē Labs
Track: amazon
SKIP (already tailored): Acne Studios DTC Operations Manager at Acne Studios
Track: amazon
SKIP (already tailored): Sales Account Manager, Gold Accelerator at Amazon Advertising LLC
Track: ops
SKIP (already tailored): Chief of Staff, Office of the CEO at Coast
Track: ops
SKIP (already tailored): Supervisor, Operations- DTC Settlements (Hybrid - Newark, NJ or Edgewood, LI) at Broadridge
Track: ops
SKIP (already tailored): Category Insights Account Manager - Boston at UNFI
Track: ops
SKIP (already tailored): Visual Content Manager, Amazon Delivery Experience (ADX) at Amazon
Track: amazon
SKIP (already tailored): Sr Account Manager, ISV Greenfield at Amazon Web Services (AWS)
Track: amazon
SKIP (already tailored): Ecommerce Marketplace Manager (Amazon Experience Essential) at We Are Refyne
Track: amazon
SKIP (already tailored): Client Account Manager II, E-Commerce at Pinterest
Track: amazon
SKIP (already tailored): Associate Account Manager Amazon North America at Vestacy
Track: ops
SKIP (already tailored): On site - Head of eCommerce Sales - $150,000 + Bonus - Cedarhurst (Long Island), NY at R2 Global
Track: amazon
SKIP (already tailored): Sr. Analyst Relations Manager, Amazon Ads at Amazon
Track: amazon
SKIP (already tailored): Amazon Marketplace Coordinator at LHH
Track: amazon
SKIP (already tailored): Head of eCommerce at Danimás
Track: amazon
SKIP (already tailored): Growth Marketing Manager — DTC Paid Media at MOHR Talent
Track: amazon
SKIP (already tailored): Sr. Amazon Account Manager (Remote) at Envision Horizons LLC
Track: amazon
Using resume: master_amazon.json

Tailoring resume for: Sales Account Manager, Telecom (Advertising) at Amazon
Extracting keywords via Claude Haiku...
Top ATS keywords: ['Account Management', 'Sales Strategy', 'Telecom Industry', 'Revenue Growth', 'Client Relationship Management', 'Advertising Sales']

Match score BEFORE tailoring: 83/100
  Already in resume: ['Account Management', 'Sales Strategy', 'Revenue Growth', 'Client Relationship Management', 'Advertising Sales']
  Missing: ['Telecom Industry']

Match score AFTER tailoring: 100/100

Tailored resume saved: /Users/openclaw/job-search-agent/resumes/tailored/amazon_sales-account-manager-telecom-advertisin.docx
Track: amazon
Using resume: master_amazon.json

Tailoring resume for: Principal Brand Strategist, Amazon Ads, Amazon Ads Marketing at Amazon Advertising LLC
Extracting keywords via Claude Haiku...
Top ATS keywords: ['Brand Strategy', 'Amazon Ads', 'Marketing Strategy', 'Cross-Functional Leadership', 'Performance Analytics', 'Campaign Management']

Match score BEFORE tailoring: 100/100
  Already in resume: ['Brand Strategy', 'Amazon Ads', 'Marketing Strategy', 'Cross-Functional Leadership', 'Performance Analytics', 'Campaign Management']
  Missing: []

Match score AFTER tailoring: 100/100

Tailored resume saved: /Users/openclaw/job-search-agent/resumes/tailored/amazon-advertising-llc_principal-brand-strategist-amazon-ads-am.docx
Track: amazon
Using resume: master_amazon.json

Tailoring resume for: Senior Marketing Manager, Amazon Digital Advertising at Amazon
Extracting keywords via Claude Haiku...
Top ATS keywords: ['Digital Advertising', 'Marketing Strategy', 'P&L Management', 'Amazon Advertising', 'Cross-Functional Leadership', 'Performance Marketing']

Match score BEFORE tailoring: 100/100
  Already in resume: ['Digital Advertising', 'Marketing Strategy', 'P&L Management', 'Amazon Advertising', 'Cross-Functional Leadership', 'Performance Marketing']
  Missing: []

Match score AFTER tailoring: 100/100

Tailored resume saved: /Users/openclaw/job-search-agent/resumes/tailored/amazon_senior-marketing-manager-amazon-digital-.docx
Track: amazon
Using resume: master_amazon.json

Tailoring resume for: Global eCommerce Manager at Fable and Mane
Extracting keywords via Claude Haiku...
Top ATS keywords: ['eCommerce Management', 'Global Operations', 'P&L Management', 'Channel Strategy', 'Cross-Functional Leadership', 'Digital Marketing']

Match score BEFORE tailoring: 100/100
  Already in resume: ['eCommerce Management', 'Global Operations', 'P&L Management', 'Channel Strategy', 'Cross-Functional Leadership', 'Digital Marketing']
  Missing: []

Match score AFTER tailoring: 100/100

Tailored resume saved: /Users/openclaw/job-search-agent/resumes/tailored/fable-and-mane_global-ecommerce-manager.docx
Track: ops
Using resume: master_ops.json

Tailoring resume for: Fractional Chief Operating Officer/Operations Advisor at Via Logic LLC
Extracting keywords via Claude Haiku...
Top ATS keywords: ['Operations Management', 'Process Optimization', 'Strategic Planning', 'P&L Management', 'Cross-Functional Leadership', 'Performance Metrics']

Match score BEFORE tailoring: 100/100
  Already in resume: ['Operations Management', 'Process Optimization', 'Strategic Planning', 'P&L Management', 'Cross-Functional Leadership', 'Performance Metrics']
  Missing: []

Match score AFTER tailoring: 100/100

Tailored resume saved: /Users/openclaw/job-search-agent/resumes/tailored/via-logic-llc_fractional-chief-operating-officer-opera.docx
=== Tailor complete: 187 tailored, 0 failed at Wed Aug  5 03:30:06 EDT 2026 ===
[main 9c3d868] Sync tailored resumes 2026-08-05
 Committer: OpenClaw <openclaw@Sovereigns-Mac-mini.local>
Your name and email address were configured automatically based
on your username and hostname. Please check that they are accurate.
You can suppress this message by setting them explicitly. Run the
following command and follow the instructions in your editor to edit
your configuration file:

    git config --global --edit

After doing this, you may fix the identity used for this commit with:

    git commit --amend --reset-author

 5 files changed, 0 insertions(+), 0 deletions(-)
 create mode 100644 resumes/tailored/amazon-advertising-llc_principal-brand-strategist-amazon-ads-am.docx
 create mode 100644 resumes/tailored/amazon_sales-account-manager-telecom-advertisin.docx
 create mode 100644 resumes/tailored/amazon_senior-marketing-manager-amazon-digital-.docx
 create mode 100644 resumes/tailored/fable-and-mane_global-ecommerce-manager.docx
 create mode 100644 resumes/tailored/via-logic-llc_fractional-chief-operating-officer-opera.docx
failed to store: -61
To https://gitlab.com/client-os/client-os.git
 ! [rejected]        main -> main (fetch first)
error: failed to push some refs to 'https://gitlab.com/client-os/client-os.git'
hint: Updates were rejected because the remote contains work that you do not
hint: have locally. This is usually caused by another repository pushing to
hint: the same ref. If you want to integrate the remote changes, use
hint: 'git pull' before pushing again.
hint: See the 'Note about fast-forwards' in 'git push --help' for details.
To https://github.com/angieraja23/client-os.git
   c666307..9c3d868  main -> main
Vercel CLI 56.4.1 (Node.js 25.8.0)
Retrieving project…
Deploying angieraja23-9144s-projects/client-acquisition-os
Uploading [--------------------] (0.0B/960.4KB)
Uploading [=====---------------] (248.6KB/960.4KB)
Uploading [==========----------] (494.8KB/960.4KB)
Uploading [===============-----] (734.8KB/960.4KB)
Uploading [====================] (960.4KB/960.4KB)
  Inspect         https://vercel.com/angieraja23-9144s-projects/client-acquisition-os/ApMiahFGcM2cXSeFMk14EF6yVYts
  Production      https://client-acquisition-phzut0ouo-angieraja23-9144s-projects.vercel.app
https://client-acquisition-phzut0ouo-angieraja23-9144s-projects.vercel.appBuilding…
Building…
Running build in Washington, D.C., USA (East) – iad1
Build machine configuration: 2 cores, 8 GB
Retrieving list of deployment files...
Previous build caches not available.
Downloading 258 deployment files...
Running "vercel build"
Vercel CLI 58.1.0
Build Completed in /vercel/output [234ms]
Deploying outputs...
[2K[1A[2K[G  Production      https://client-acquisition-phzut0ouo-angieraja23-9144s-projects.vercel.app
Completing…
▲ Aliased         https://clientos.angieraja.com

✓ Ready in 7s
=== Resumes synced and deployed ===
=== Digest sent ===
=== Run finished: Wed Aug  5 03:30:17 EDT 2026 ===
=== Run started: Fri Aug  7 03:00:00 EDT 2026 ===
PATH=/opt/homebrew/bin:/opt/homebrew/sbin:/usr/local/bin:/usr/bin:/bin:/usr/sbin:/sbin
GITLAB_TOKEN=SET
GITHUB_TOKEN=SET
ANTHROPIC_API_KEY=SET
--- Running scraper ---
[main a246ba8] Weekly refresh 2026-08-07
 Committer: OpenClaw <openclaw@Sovereigns-Mac-mini.local>
Your name and email address were configured automatically based
on your username and hostname. Please check that they are accurate.
You can suppress this message by setting them explicitly. Run the
following command and follow the instructions in your editor to edit
your configuration file:

    git config --global --edit

After doing this, you may fix the identity used for this commit with:

    git commit --amend --reset-author

 4 files changed, 755 insertions(+), 1 deletion(-)
[2026-08-07 03:00] ==================================================
[2026-08-07 03:00] Client Acquisition OS — Weekly Refresh
[2026-08-07 03:00] ── JOBS ─────────────────────────────────
[2026-08-07 03:00]   Amazon Account Manager — Remote
[2026-08-07 03:00]     0 results
[2026-08-07 03:00]   Amazon Account Manager — New York
[2026-08-07 03:00]     10 results
[2026-08-07 03:00]   Amazon Brand Manager — Remote
[2026-08-07 03:00]     0 results
[2026-08-07 03:00]   Amazon Brand Manager — New York
[2026-08-07 03:00]     10 results
[2026-08-07 03:00]   Senior Amazon Brand Manager — Remote
[2026-08-07 03:00]     0 results
[2026-08-07 03:00]   Senior Amazon Brand Manager — New York
[2026-08-07 03:00]     10 results
[2026-08-07 03:00]     + Sr. Content Strategist, Amazon Music Brand and Copy Strategy @ Amazon Music (New York, NY) [LinkedIn · Easy Apply]
[2026-08-07 03:00]   Amazon Marketplace Manager — Remote
[2026-08-07 03:00]     0 results
[2026-08-07 03:00]   Amazon Marketplace Manager — New York
[2026-08-07 03:01]     10 results
[2026-08-07 03:01]   Ecommerce Brand Manager — Remote
[2026-08-07 03:01]     0 results
[2026-08-07 03:01]   Ecommerce Brand Manager — New York
[2026-08-07 03:01]     10 results
[2026-08-07 03:01]     + Specialist, eCommerce Trading & Web Merchandising @ Pandora (New York, NY) [LinkedIn · Easy Apply]
[2026-08-07 03:01]   Ecommerce Account Manager — Remote
[2026-08-07 03:01]   SerpAPI error: The read operation timed out
[2026-08-07 03:01]     0 results
[2026-08-07 03:01]   Ecommerce Account Manager — New York
[2026-08-07 03:01]     10 results
[2026-08-07 03:01]   Marketplace Manager Walmart Amazon — Remote
[2026-08-07 03:01]     0 results
[2026-08-07 03:01]   Marketplace Manager Walmart Amazon — New York
[2026-08-07 03:01]     4 results
[2026-08-07 03:01]   Ecommerce Operations Manager — Remote
[2026-08-07 03:01]     0 results
[2026-08-07 03:01]   Ecommerce Operations Manager — New York
[2026-08-07 03:02]     10 results
[2026-08-07 03:02]   DTC Brand Manager — Remote
[2026-08-07 03:02]     0 results
[2026-08-07 03:02]   DTC Brand Manager — New York
[2026-08-07 03:02]     10 results
[2026-08-07 03:02]     + DTC Growth Marketing Manager (CRO, Loyalty, AOV) @ People Architects (New York)
[2026-08-07 03:02]   Amazon Agency Account Manager — Remote
[2026-08-07 03:02]     0 results
[2026-08-07 03:02]   Amazon Agency Account Manager — New York
[2026-08-07 03:02]     10 results
[2026-08-07 03:02]   Chief of Staff ecommerce — Remote
[2026-08-07 03:02]     0 results
[2026-08-07 03:02]   Chief of Staff ecommerce — New York
[2026-08-07 03:02]     0 results
[2026-08-07 03:02]   Chief of Staff startup — Remote
[2026-08-07 03:02]     0 results
[2026-08-07 03:02]   Chief of Staff startup — New York
[2026-08-07 03:03]     1 results
[2026-08-07 03:03]   Chief of Staff DTC — Remote
[2026-08-07 03:03]     0 results
[2026-08-07 03:03]   Chief of Staff DTC — New York
[2026-08-07 03:03]     2 results
[2026-08-07 03:03]   Head of Operations DTC — Remote
[2026-08-07 03:03]     0 results
[2026-08-07 03:03]   Head of Operations DTC — New York
[2026-08-07 03:03]     10 results
[2026-08-07 03:03]   Head of Operations ecommerce — Remote
[2026-08-07 03:03]     0 results
[2026-08-07 03:03]   Head of Operations ecommerce — New York
[2026-08-07 03:03]     7 results
[2026-08-07 03:03]     + Co-Founder & CEO - AI E-commerce Operations System @ FutureSight (Anywhere) [LinkedIn · Easy Apply]
[2026-08-07 03:03]   Director of Operations ecommerce — Remote
[2026-08-07 03:04]   SerpAPI error: The read operation timed out
[2026-08-07 03:04]     0 results
[2026-08-07 03:04]   Director of Operations ecommerce — New York
[2026-08-07 03:04]     10 results
[2026-08-07 03:04]   EOS Integrator — Remote
[2026-08-07 03:04]     0 results
[2026-08-07 03:04]   EOS Integrator — New York
[2026-08-07 03:04]     3 results
[2026-08-07 03:04]   Fractional COO — Remote
[2026-08-07 03:04]     0 results
[2026-08-07 03:04]   Fractional COO — New York
[2026-08-07 03:04]     10 results
[2026-08-07 03:04]   VP Operations DTC — Remote
[2026-08-07 03:04]     0 results
[2026-08-07 03:04]   VP Operations DTC — New York
[2026-08-07 03:04]     10 results
[2026-08-07 03:04]   Business Operations Lead startup — Remote
[2026-08-07 03:05]     0 results
[2026-08-07 03:05]   Business Operations Lead startup — New York
[2026-08-07 03:05]     3 results
[2026-08-07 03:05]     + Growth Content Lead (SEO) @ Valur (Anywhere) [LinkedIn · Easy Apply]
[2026-08-07 03:05]   Amazon Account Manager agency client portfolio — Remote
[2026-08-07 03:05]     0 results
[2026-08-07 03:05]   Amazon Account Manager agency client portfolio — New York
[2026-08-07 03:05]     4 results
[2026-08-07 03:05]   Amazon Brand Manager Seller Central agency — Remote
[2026-08-07 03:05]     0 results
[2026-08-07 03:05]   Amazon Brand Manager Seller Central agency — New York
[2026-08-07 03:06]     8 results
[2026-08-07 03:06]   Marketplace Account Manager consumer brands — Remote
[2026-08-07 03:06]     0 results
[2026-08-07 03:06]   Marketplace Account Manager consumer brands — New York
[2026-08-07 03:06]     0 results
[2026-08-07 03:06]   Ecommerce Account Manager client facing Amazon — Remote
[2026-08-07 03:06]     0 results
[2026-08-07 03:06]   Ecommerce Account Manager client facing Amazon — New York
[2026-08-07 03:06]     4 results
[2026-08-07 03:06]   Amazon Account Director agency — Remote
[2026-08-07 03:06]     0 results
[2026-08-07 03:06]   Amazon Account Director agency — New York
[2026-08-07 03:06]     3 results
[2026-08-07 03:06]   Senior Account Manager Amazon marketplace agency — Remote
[2026-08-07 03:07]     0 results
[2026-08-07 03:07]   Senior Account Manager Amazon marketplace agency — New York
[2026-08-07 03:07]     2 results
[2026-08-07 03:07]   Brand Strategy Manager Amazon ecommerce — Remote
[2026-08-07 03:07]     0 results
[2026-08-07 03:07]   Brand Strategy Manager Amazon ecommerce — New York
[2026-08-07 03:07]     10 results
[2026-08-07 03:07]   Client Success Manager Amazon agency — Remote
[2026-08-07 03:07]     0 results
[2026-08-07 03:07]   Client Success Manager Amazon agency — New York
[2026-08-07 03:07]     2 results
[2026-08-07 03:07]   Wrote 192 jobs to data/jobs.json (5 new)
[2026-08-07 03:07] ── DEPLOYING via GitLab ──────────────────
[2026-08-07 03:07]   Push done
[2026-08-07 03:08]   Deployed to Vercel
[2026-08-07 03:08] Done.

Scraper exit code: 0
--- Committing and pushing ---
[main 2f368c9] Nightly auto-sync 2026-08-07
 Committer: OpenClaw <openclaw@Sovereigns-Mac-mini.local>
Your name and email address were configured automatically based
on your username and hostname. Please check that they are accurate.
You can suppress this message by setting them explicitly. Run the
following command and follow the instructions in your editor to edit
your configuration file:

    git config --global --edit

After doing this, you may fix the identity used for this commit with:

    git commit --amend --reset-author

 2 files changed, 149 insertions(+)
failed to store: -61
To https://gitlab.com/client-os/client-os.git
 ! [rejected]        main -> main (fetch first)
error: failed to push some refs to 'https://gitlab.com/client-os/client-os.git'
hint: Updates were rejected because the remote contains work that you do not
hint: have locally. This is usually caused by another repository pushing to
hint: the same ref. If you want to integrate the remote changes, use
hint: 'git pull' before pushing again.
hint: See the 'Note about fast-forwards' in 'git push --help' for details.
To https://github.com/angieraja23/client-os.git
   9c3d868..2f368c9  main -> main
Vercel CLI 56.4.1 (Node.js 25.8.0)
Retrieving project…
Deploying angieraja23-9144s-projects/client-acquisition-os
Uploading [--------------------] (0.0B/1MB)
Uploading [=====---------------] (272.0KB/1MB)
Uploading [==========----------] (528.0KB/1MB)
Uploading [===============-----] (801.9KB/1MB)
Uploading [====================] (1.0MB/1MB)
  Inspect         https://vercel.com/angieraja23-9144s-projects/client-acquisition-os/DHEn7chmkRKR1aSQVGcXQdiPxaoS
  Production      https://client-acquisition-19yiti7a4-angieraja23-9144s-projects.vercel.app
https://client-acquisition-19yiti7a4-angieraja23-9144s-projects.vercel.appBuilding…
Building…
Running build in Washington, D.C., USA (East) – iad1
Build machine configuration: 2 cores, 8 GB
Retrieving list of deployment files...
Previous build caches not available.
[2K[1A[2K[G  Production      https://client-acquisition-19yiti7a4-angieraja23-9144s-projects.vercel.app
Completing…
▲ Aliased         https://clientos.angieraja.com

✓ Ready in 7s
=== Deployed: Fri Aug  7 03:08:18 EDT 2026 ===
--- Running tailor ---
=== Tailor started: Fri Aug  7 03:08:18 EDT 2026 ===
Track: ops
SKIP (already tailored): Chief of Staff at Cascade at Jack & Jill
Track: ops
SKIP (already tailored): Chief of Staff to the GM of Housing at Flex
Track: ops
SKIP (already tailored): Executive Assistant to the Chief of Staff at DEPARTMENT OF CORRECTION
Track: amazon
SKIP (already tailored): Associate Manager, Commerce Platform Logistics - Strategy and Operations at DoorDash
Track: amazon
SKIP (already tailored): Sr. Resourcing Operations Manager at MKG Productions, LLC
Track: ops
SKIP (already tailored): Logistics Operations Project Manager at Fluidstack
Track: ops
SKIP (already tailored): Manager, Enrollment Fulfillment Operations at New York Life
Track: amazon
SKIP (already tailored): Ecommerce Manager at Zachys Wine & Liquor
Track: amazon
SKIP (already tailored): Amazon Brand Manager at Cartograph
Track: amazon
SKIP (already tailored): Director of Ecommerce at SBH Fashion
Track: amazon
SKIP (already tailored): Ecommerce Marketplace Manager at Universal Perfumes & Cosmetics
Track: amazon
SKIP (already tailored): Client Account Manager, Digital Accounts at Amsive
Track: ops
SKIP (already tailored): DTC Performance & Growth Marketing Manager at Blueair North America
Track: amazon
SKIP (already tailored): AWS Sr. Enterprise Account Manager, Automotive & Manufacturing at Amazon Web Services (AWS)
Track: amazon
SKIP (already tailored): Senior Amazon Brand Manager at GNO Partners
Track: amazon
SKIP (already tailored): Campaign & Creative Manager, Campaign & Creative Management, Amazon at Amazon
Track: amazon
SKIP (already tailored): Sr. Marketing Manager, Engagement, WW Amazon Flex, Amazon Flex at Amazon
Track: amazon
SKIP (already tailored): Director, Amazon at Nécessaire, Inc.
Track: amazon
SKIP (already tailored): Amazon & Marketplace Account Growth Manager at The PCA Group
Track: amazon
SKIP (already tailored): Remote Amazon Marketplace Manager at Foxelli Group Remote at Foxelli Group
Track: amazon
SKIP (already tailored): E-commerce Growth Manager at BURDLIFE
Track: amazon
SKIP (already tailored): Marketplace Manager at PetsWorld Inc
Track: amazon
SKIP (already tailored): TikTok Shop Account Manager at KAMP Agency
Track: amazon
SKIP (already tailored): Sales Account Manager, US LCS, Consumer Electronics at Amazon
Track: amazon
SKIP (already tailored): Director of Operations — Digital & Ecommerce at Maxima Apparel
Track: amazon
SKIP (already tailored): Senior Manager, Ecommerce at SBH Fashion
Track: amazon
SKIP (already tailored): Sales Account Manager, LCS Acquisitions at Amazon
Track: ops
SKIP (already tailored): Chief of Staff - AI-native startup is rewiring a trillion-dollar consumer industry at Big Wave Digital
Track: ops
SKIP (already tailored): COO/EOS Integrator at CBIZ Talent Solutions
Track: ops
SKIP (already tailored): Office Operations at Series B AI Startup at Bloom Talent
Track: ops
SKIP (already tailored): Office & Operations Lead — Startup NYC (Equity) at The Talent Post
Track: ops
SKIP (already tailored): Jr. Amazon Account Coordinator at Tiide Commerce
Track: ops
SKIP (already tailored): Amazon Account Coordinator - Affiliate Marketing Agency at Ikon Digital Media
Track: ops
SKIP (already tailored): Manager, Amazon - Origins at DECIEM | THE ABNORMAL BEAUTY COMPANY
Track: amazon
SKIP (already tailored): Website for Amazon Account Management at Upwork
Track: amazon
SKIP (already tailored): Sr Product Marketing Manager, WW New Customer Registration, Amazon Business at Amazon
Track: amazon
SKIP (already tailored): Amazon Marketplace Specialist at Master Wholesale International, Inc.
Track: amazon
SKIP (already tailored): Senior Brand Manager, eCommerce Agency at Jobot
Track: amazon
SKIP (already tailored): Category Manager Intern (TikTok Shop - Operations) - 2026 Summer (MBA) at TikTok
Track: amazon
SKIP (already tailored): Ecommerce Optimization Manager at Clean Simple Eats, LLC.
Track: amazon
SKIP (already tailored): National Account Manager - Amazon at Scholastic
Track: amazon
SKIP (already tailored): Sales Account Manager, US LCS, Consumer Electronics at Amazon Advertising LLC
Track: ops
SKIP (already tailored): Director of Business Operations, SaaS | AI | eCommerce at Get Plus - The Autonomous Commerce OS
Track: amazon
SKIP (already tailored): AWS Account Manager, FSI at Amazon Web Services (AWS)
Track: amazon
SKIP (already tailored): Sr. Account Manager-RRT, Startups at Amazon Web Services (AWS)
Track: ops
SKIP (already tailored): Amazon Specialist at My Amazon Guy
Track: amazon
SKIP (already tailored): Strategic Account Manager, Amazon Publisher Services at Amazon
Track: amazon
SKIP (already tailored): Account Manager I, Amazon Global Logistics at Amazon Global Logistics
Track: amazon
SKIP (already tailored): VP, Ecommerce at Grüns
Track: amazon
SKIP (already tailored): Senior Director of Ecommerce & Growth at CleanBoss Inc.
Track: amazon
SKIP (already tailored): National Account Manager, Beauty (Direct eCommerce) at Dyson Direct Inc
Track: amazon
SKIP (already tailored): Sales Account Manager, Fashion Advertising Account Management, Fashion Advertising Account Management at Amazon
Track: amazon
SKIP (already tailored): Sales Account Manager, US LCS at Amazon
Track: amazon
SKIP (already tailored): Sr. Account Manager-RRT, Startups at Amazon Web Services, Inc.
Track: ops
SKIP (already tailored): Executive Assistant to Founder & Operations at Early-stage, Mission-driven Startup at Bloom Talent
Track: ops
SKIP (already tailored): Sr.  Amazon Ads Account Manager at Freshdesk
Track: amazon
SKIP (already tailored): Account Manager I, Hub Delivery at Amazon
Track: amazon
SKIP (already tailored): Sales Account Manager, Fashion, Sales, Advertising, & Account Management at Amazon
Track: amazon
SKIP (already tailored): National Account Manager, Amazon at ACCO Brands
Track: amazon
SKIP (already tailored): Sr. Product Marketing Manager , Amazon Live Creator Partnerships at Amazon
Track: amazon
SKIP (already tailored): Senior Amazon Brand Growth Lead Remote at Ballard House
Track: amazon
SKIP (already tailored): Ecommerce Assistant Manager (Amazon Focus) at Kiss Beauty Group
Track: amazon
SKIP (already tailored): Ecommerce Specialist (Amazon Focus) at Kiss Beauty Group
Track: amazon
SKIP (already tailored): Digital Commerce Specialist- Amazon at Kiss Beauty Group
Track: amazon
SKIP (already tailored): eCommerce Manager Delivery Claims & Incidents at Hermès
Track: amazon
SKIP (already tailored): Ecommerce Assistant Manager at Kiss Beauty Group
Track: amazon
SKIP (already tailored): eCommerce Lead FT @ Guggenheim at Event Network, LLC
Track: amazon
SKIP (already tailored): Director, eCommerce - Stuart Weitzman at Caleres, Inc.
Track: amazon
SKIP (already tailored): Operations Manager, Social Commerce at AMOREPACIFIC
Track: amazon
SKIP (already tailored): Sales Account Manager, Live Sports at Amazon
Track: amazon
SKIP (already tailored): Sales Account Manager, Fashion Advertising Account Management, Fashion Advertising Account Management at Amazon Advertising LLC
Track: amazon
SKIP (already tailored): Principal Account Manager, ISV at Amazon Web Services (AWS)
Track: amazon
SKIP (already tailored): Sales Account Manager (Fashion, Sales, Advertising, & Account Management) at Amazon
Track: ops
SKIP (already tailored): Chief Operations Officer In Residence – Startup Fintech at Scalata.ai
Track: ops
SKIP (already tailored): Fractional CEO for Small Businesses at How to Manage a Small Law Firm II, Incorporated
Track: ops
SKIP (already tailored): Manager, Digital Merchandising, Amazon at Kiss Beauty Group
Track: amazon
SKIP (already tailored): Amazon Account Strategist -  Amazon Seller & Vendor Central required! at VENDO – A PLTFRM Company
Track: amazon
SKIP (already tailored): E-Commerce Operations Manager at TOM FORD FASHION
Track: amazon
SKIP (already tailored): Ecommerce Manager (Beauty) at Solomon Page
Track: amazon
SKIP (already tailored): Manager, Book Sales & eCommerce at AWA Studios
Track: amazon
SKIP (already tailored): Ecommerce Assistant Manager at Ivy Enterprises, Inc.
Track: amazon
SKIP (already tailored): Account Manager, US Govtech Mid-Market at Amazon Web Services (AWS)
Track: ops
SKIP (already tailored): eCommerce Operations Manager at Adecco
Track: amazon
SKIP (already tailored): Account Manager I, Business Development, Amazon Global Logistics at Amazon
Track: amazon
SKIP (already tailored): Remote Amazon Brand Manager | Growth & Strategy Lead at Tiide Commerce
Track: amazon
SKIP (already tailored): Senior Applied Science Manager, Amazon Sponsored Products & Brands at Amazon
Track: amazon
SKIP (already tailored): Amazon Marketplace Manager | Amazon US & AU | PPC, SEO, Seller Central & Growth Any Posted on 2026-07-09 12:19:24 at Amazon Marketplace Manager — Amazon US, Amazon AU & Walmart US
Track: amazon
SKIP (already tailored): Ecommerce Merchandising Manager at Dana-co LLC
Track: amazon
SKIP (already tailored): Ecommerce Assistant Manager at Kiss Products
Track: amazon
SKIP (already tailored): Senior Ecommerce Account Manager, Beauty at The PCA Companies
Track: amazon
SKIP (already tailored): eCommerce Account Manager - Hybrid/Remote at Vtldesign
Track: amazon
SKIP (already tailored): Strategic Ecommerce Account Manager | Growth & Partnerships at scandiweb
Track: amazon
SKIP (already tailored): Senior Manager of Ecommerce Operations at Hadley Designs
Track: amazon
SKIP (already tailored): Sr. Account Manager, ISV, ISV at Amazon Web Services (AWS)
Track: amazon
SKIP (already tailored): AWS Sr. Enterprise Account Manager, FSI-Capital Markets, FSI-Capital Markets at Amazon Web Services (AWS)
Track: ops
SKIP (already tailored): Remote Fractional COO: Scale Operations for Owners at How To MANAGE a Small Law Firm
Track: ops
SKIP (already tailored): Contracts Manager, Buy with Prime & Amazon Multi-Channel Fulfillment at Amazon
Track: amazon
SKIP (already tailored): Global Creative Strategist, Brand Innovation Lab, Amazon Ads Brand Innovation Lab at Amazon
Track: amazon
SKIP (already tailored): Sr. Paid Media Marketing Manager, Amazon Ads, Paid and Social Media Team, Amazon Ads at Amazon
Track: amazon
SKIP (already tailored): Head of Ecommerce at CHARLES & KEITH GROUP
Track: amazon
SKIP (already tailored): Manager, Customer Insights + Analytics (Ecommerce) at Pandora
Track: amazon
SKIP (already tailored): Junior Account Manager, Ecommerce at Tangle Teezer Ltd
Track: amazon
SKIP (already tailored): Junior Ecommerce Account Manager | Hybrid Role at BIC
Track: amazon
SKIP (already tailored): Senior Sales Account Manager, US LCS at Amazon
Track: amazon
SKIP (already tailored): Sr Client Account Manager, Amazon at Pinterest
Track: ops
SKIP (already tailored): Startup Operations Lead at Trekker Auto
Track: ops
SKIP (already tailored): Head of Operations ($150k-$195k + Equity) at well-funded healthtech startup at Jack & Jill
Track: ops
SKIP (already tailored): Amazon Advertising Manager at Cartograph
Track: amazon
SKIP (already tailored): Account Manager, Telecom at Amazon
Track: amazon
SKIP (already tailored): Strategic Account Manager, Amazon at Eaton Corporation
Track: amazon
SKIP (already tailored): Senior IT&S Project Manager at Northwell Careers
Track: amazon
SKIP (already tailored): Account Manager - E-Comm and Design at DADA Goldberg
Track: amazon
SKIP (already tailored): Ecommerce Account Manager, Amazon at Justrite Safety Group
Track: amazon
SKIP (already tailored): Senior Sales Account Manager, Sponsored Ads (Paid Search), Large Customer Sales Advertising at Amazon
Track: ops
SKIP (already tailored): Global SVP eCommerce Solutions at NielsenIQ
Track: ops
SKIP (already tailored): Director of International Ecommerce at Veronica Beard
Track: ops
SKIP (already tailored): Manager of Ecommerce at SBH Fashion
Track: ops
SKIP (already tailored): Chief Operations Officer, Marketing, Advertising & eCommerce at Confidential
Track: amazon
SKIP (already tailored): Sr. Marketing Manager, GTM, Amazon Flex, Amazon Flex at Amazon
Track: amazon
SKIP (already tailored): Director, Marketplace NAM at Pandora
Track: amazon
SKIP (already tailored): Senior eCommerce Analyst - Tommy Hilfiger at PVH
Track: amazon
SKIP (already tailored): E-Commerce Marketplace Specialist at JW Mobile
Track: amazon
SKIP (already tailored): LatAm Ecommerce Operations Manager Contract at Rad-Hires
Track: amazon
SKIP (already tailored): Senior Sales Account Manager, Sponsored Ads (Paid Search), Large Customer Sales Advertising at Amazon Advertising LLC
Track: amazon
SKIP (already tailored): TAM Manager, Video Advertising, Amazon Prime Video Ads at Amazon
Track: ops
SKIP (already tailored): Head of Operations / VP of Operations at Go Fractional
Track: ops
SKIP (already tailored): Business Operations Lead at Castle
Track: ops
SKIP (already tailored): People Operations Lead — Startup HR Leader (Hybrid) at Clarity Recruiting
Track: ops
SKIP (already tailored): Account Executive - Public Sector, Enterprise - New York, Amazon Web Services at Amazon Web Services (AWS)
Track: amazon
SKIP (already tailored): Sr. Amazon Brand Manager at Upwork
Track: amazon
SKIP (already tailored): Manager - Amazon eCommerce (WCB) at L'Oréal
Track: amazon
SKIP (already tailored): Senior Specialist, Customer Experience, Amazon - Marketplace Partnership at Front Row
Track: amazon
SKIP (already tailored): Amazon Marketplace Growth & Global Sourcing Manager (Full-Time, Remote) Full Time Posted on 2026-07-20 13:52:54 $7 per hour at Amazon Marketplace Growth & Global Sourcing Manager (Full-Time, Remote)
Track: amazon
SKIP (already tailored): Director of Ecommerce at Outdoor Collective
Track: amazon
SKIP (already tailored): Director eCommerce Capabilities at TeHiring.com
Track: ops
SKIP (already tailored): Associate Tech Strategy and Business Operations at Fanatics Collectibles
Track: ops
SKIP (already tailored): Retail Media Account Manager (Amazon and TikTok Shop) at WITHIN
Track: ops
SKIP (already tailored): Programmatic Solutions Consultant, Amazon Ads at Amazon
Track: ops
SKIP (already tailored): Marketing Manager, Amazon Pickup Program , PARP Traffic at Amazon
Track: amazon
SKIP (already tailored): Amazon 1P Vendor Account Manager | Brooklyn, NY · $175K–$200K + Commission - 2447 at Bhired
Track: amazon
SKIP (already tailored): Amazon Marketplace Director – remote freelance at 24 Seven Talent
Track: amazon
SKIP (already tailored): Ecommerce Manager, Amazon & eRetailers (Hybrid Role - New York) at OLAPLEX
Track: amazon
SKIP (already tailored): US Market + Marketing Manager (m/f/d) - 3x German Shopify E-Commerce Brands - 100% remote at Lyto Brands Group GmbH
Track: amazon
SKIP (already tailored): Pandora Manager, Customer Insights + Analytics (Ecommerce) at Pandora
Track: amazon
SKIP (already tailored): Sales Account Manager, Gold Accelerator at Amazon
Track: ops
SKIP (already tailored): Sr. Manager DTC Operations & Support at Ralph Lauren
Track: ops
SKIP (already tailored): COO - Integrator at 6AM City, LLC
Track: ops
SKIP (already tailored): Fractional CFO/CEO/COO/CIO/CRO - B.O. at Save with Denise
Track: ops
SKIP (already tailored): Head of Operations ($150k–$170k + Equity) at well-funded healthtech startup at CareersElite.com
Track: ops
SKIP (already tailored): Workplace & Talent Operations Specialist - AI Startup at BURKE + CO.
Track: ops
SKIP (already tailored): Revenue Operations Manager (B2B SaaS Startup) at PINATA New York, NY at PINATA
Track: ops
SKIP (already tailored): Senior Portfolio Growth Manager, Professional Services, AWS Worldwide Startups at Amazon Web Services (AWS)
Track: ops
SKIP (already tailored): Category Insights Account Manager at UNFI
Track: ops
SKIP (already tailored): Global Agency Development Manager, Amazon Ads at Amazon
Track: ops
SKIP (already tailored): Merchandising Manager, Amazon at AS Beauty Group
Track: amazon
SKIP (already tailored): Product Safety Compliance Manager, Amazon Private Brands, Amazon Private Brands, Product Safety and Compliance at Amazon
Track: amazon
SKIP (already tailored): National Account Manager, Amazon - US Stationery at BIC
Track: amazon
SKIP (already tailored): Sr. Industry Manager, Ecommerce at Pinterest
Track: amazon
SKIP (already tailored): Manager, Ecommerce Merchandising & AI at BIC Corporation
Track: amazon
SKIP (already tailored): Marketplace Operations Associate at Rokt
Track: amazon
SKIP (already tailored): E-Commerce Operations Manager at EmergencyMD
Track: amazon
SKIP (already tailored): Remote Ecommerce Operations Manager | Growth & Strategy at JobRack
Track: ops
SKIP (already tailored): DTC Operations Manager – E‑commerce (Hybrid) at Audio Network Group
Track: amazon
SKIP (already tailored): Senior Sales Account Manager, Live Sports at Amazon
Track: amazon
SKIP (already tailored): Director, Ecommerce & CRO at Create Wellness
Track: amazon
SKIP (already tailored): HEAD OF MARKETING - DTC GROWTH at Hē Labs
Track: amazon
SKIP (already tailored): Acne Studios DTC Operations Manager at Acne Studios
Track: amazon
SKIP (already tailored): Sales Account Manager, Gold Accelerator at Amazon Advertising LLC
Track: ops
SKIP (already tailored): Chief of Staff, Office of the CEO at Coast
Track: ops
SKIP (already tailored): Supervisor, Operations- DTC Settlements (Hybrid - Newark, NJ or Edgewood, LI) at Broadridge
Track: ops
SKIP (already tailored): Category Insights Account Manager - Boston at UNFI
Track: ops
SKIP (already tailored): Visual Content Manager, Amazon Delivery Experience (ADX) at Amazon
Track: amazon
SKIP (already tailored): Sr Account Manager, ISV Greenfield at Amazon Web Services (AWS)
Track: amazon
SKIP (already tailored): Ecommerce Marketplace Manager (Amazon Experience Essential) at We Are Refyne
Track: amazon
SKIP (already tailored): Client Account Manager II, E-Commerce at Pinterest
Track: amazon
SKIP (already tailored): Associate Account Manager Amazon North America at Vestacy
Track: ops
SKIP (already tailored): On site - Head of eCommerce Sales - $150,000 + Bonus - Cedarhurst (Long Island), NY at R2 Global
Track: amazon
SKIP (already tailored): Sr. Analyst Relations Manager, Amazon Ads at Amazon
Track: amazon
SKIP (already tailored): Amazon Marketplace Coordinator at LHH
Track: amazon
SKIP (already tailored): Head of eCommerce at Danimás
Track: amazon
SKIP (already tailored): Growth Marketing Manager — DTC Paid Media at MOHR Talent
Track: amazon
SKIP (already tailored): Sr. Amazon Account Manager (Remote) at Envision Horizons LLC
Track: amazon
SKIP (already tailored): Sales Account Manager, Telecom (Advertising) at Amazon
Track: amazon
SKIP (already tailored): Principal Brand Strategist, Amazon Ads, Amazon Ads Marketing at Amazon Advertising LLC
Track: amazon
SKIP (already tailored): Senior Marketing Manager, Amazon Digital Advertising at Amazon
Track: amazon
SKIP (already tailored): Global eCommerce Manager at Fable and Mane
Track: ops
SKIP (already tailored): Fractional Chief Operating Officer/Operations Advisor at Via Logic LLC
Track: amazon
Using resume: master_amazon.json

Tailoring resume for: Sr. Content Strategist, Amazon Music Brand and Copy Strategy at Amazon Music
Extracting keywords via Claude Haiku...
Top ATS keywords: ['Content Strategy', 'Brand Strategy', 'Copy Writing', 'Amazon Music', 'Cross-Functional Leadership', 'Marketing Communications']

Match score BEFORE tailoring: 83/100
  Already in resume: ['Content Strategy', 'Brand Strategy', 'Amazon Music', 'Cross-Functional Leadership', 'Marketing Communications']
  Missing: ['Copy Writing']

Match score AFTER tailoring: 100/100

Tailored resume saved: /Users/openclaw/job-search-agent/resumes/tailored/amazon-music_sr-content-strategist-amazon-music-brand.docx
Track: amazon
Using resume: master_amazon.json

Tailoring resume for: Specialist, eCommerce Trading & Web Merchandising at Pandora
Extracting keywords via Claude Haiku...
Top ATS keywords: ['eCommerce Trading', 'Web Merchandising', 'Product Assortment', 'Inventory Management', 'Conversion Optimization', 'Sales Analytics']

Match score BEFORE tailoring: 50/100
  Already in resume: ['Product Assortment', 'Inventory Management', 'Conversion Optimization']
  Missing: ['eCommerce Trading', 'Web Merchandising', 'Sales Analytics']

Match score AFTER tailoring: 100/100

Tailored resume saved: /Users/openclaw/job-search-agent/resumes/tailored/pandora_specialist-ecommerce-trading-web-merchan.docx
Track: amazon
Using resume: master_amazon.json

Tailoring resume for: DTC Growth Marketing Manager (CRO, Loyalty, AOV) at People Architects
Extracting keywords via Claude Haiku...
Top ATS keywords: ['Conversion Rate Optimization', 'Customer Loyalty Programs', 'Average Order Value', 'DTC Marketing', 'Email Marketing Automation', 'A/B Testing']

Match score BEFORE tailoring: 66/100
  Already in resume: ['Conversion Rate Optimization', 'Customer Loyalty Programs', 'DTC Marketing', 'Email Marketing Automation']
  Missing: ['Average Order Value', 'A/B Testing']

Match score AFTER tailoring: 100/100

Tailored resume saved: /Users/openclaw/job-search-agent/resumes/tailored/people-architects_dtc-growth-marketing-manager-cro-loyalty.docx
Track: ops
Using resume: master_ops.json

Tailoring resume for: Co-Founder & CEO - AI E-commerce Operations System at FutureSight
Extracting keywords via Claude Haiku...
Top ATS keywords: ['AI Technology', 'E-commerce Operations', 'Founder/CEO Leadership', 'Business Strategy', 'Operations Management', 'System Development']

Match score BEFORE tailoring: 83/100
  Already in resume: ['E-commerce Operations', 'Founder/CEO Leadership', 'Business Strategy', 'Operations Management', 'System Development']
  Missing: ['AI Technology']

Match score AFTER tailoring: 100/100

Tailored resume saved: /Users/openclaw/job-search-agent/resumes/tailored/futuresight_co-founder-ceo-ai-e-commerce-operations-.docx
Track: ops
Using resume: master_ops.json

Tailoring resume for: Growth Content Lead (SEO) at Valur
Extracting keywords via Claude Haiku...
Top ATS keywords: ['SEO', 'Content Strategy', 'Growth Marketing', 'Keyword Research', 'Analytics', 'Content Leadership']

Match score BEFORE tailoring: 83/100
  Already in resume: ['SEO', 'Content Strategy', 'Growth Marketing', 'Keyword Research', 'Content Leadership']
  Missing: ['Analytics']

Match score AFTER tailoring: 100/100

Tailored resume saved: /Users/openclaw/job-search-agent/resumes/tailored/valur_growth-content-lead-seo.docx
=== Tailor complete: 192 tailored, 0 failed at Fri Aug  7 03:31:37 EDT 2026 ===
[main 8cf612a] Sync tailored resumes 2026-08-07
 Committer: OpenClaw <openclaw@Sovereigns-Mac-mini.local>
Your name and email address were configured automatically based
on your username and hostname. Please check that they are accurate.
You can suppress this message by setting them explicitly. Run the
following command and follow the instructions in your editor to edit
your configuration file:

    git config --global --edit

After doing this, you may fix the identity used for this commit with:

    git commit --amend --reset-author

 5 files changed, 0 insertions(+), 0 deletions(-)
 create mode 100644 resumes/tailored/amazon-music_sr-content-strategist-amazon-music-brand.docx
 create mode 100644 resumes/tailored/futuresight_co-founder-ceo-ai-e-commerce-operations-.docx
 create mode 100644 resumes/tailored/pandora_specialist-ecommerce-trading-web-merchan.docx
 create mode 100644 resumes/tailored/people-architects_dtc-growth-marketing-manager-cro-loyalty.docx
 create mode 100644 resumes/tailored/valur_growth-content-lead-seo.docx
failed to store: -61
To https://gitlab.com/client-os/client-os.git
 ! [rejected]        main -> main (fetch first)
error: failed to push some refs to 'https://gitlab.com/client-os/client-os.git'
hint: Updates were rejected because the remote contains work that you do not
hint: have locally. This is usually caused by another repository pushing to
hint: the same ref. If you want to integrate the remote changes, use
hint: 'git pull' before pushing again.
hint: See the 'Note about fast-forwards' in 'git push --help' for details.
To https://github.com/angieraja23/client-os.git
   2f368c9..8cf612a  main -> main
Vercel CLI 56.4.1 (Node.js 25.8.0)
Retrieving project…
Deploying angieraja23-9144s-projects/client-acquisition-os
Uploading [--------------------] (0.0B/994.9KB)
Uploading [=====---------------] (248.7KB/994.9KB)
Uploading [==========----------] (510.9KB/994.9KB)
Uploading [===============-----] (750.9KB/994.9KB)
Uploading [====================] (994.9KB/994.9KB)
  Inspect         https://vercel.com/angieraja23-9144s-projects/client-acquisition-os/4EMRNSRMrfh7DLBFXMQzdu2uG3tM
  Production      https://client-acquisition-6dfvjnc8o-angieraja23-9144s-projects.vercel.app
https://client-acquisition-6dfvjnc8o-angieraja23-9144s-projects.vercel.appBuilding…
Building…
Running build in Washington, D.C., USA (East) – iad1
Build machine configuration: 2 cores, 8 GB
Retrieving list of deployment files...
Previous build caches not available.
Downloading 263 deployment files...
[2K[1A[2K[G  Production      https://client-acquisition-6dfvjnc8o-angieraja23-9144s-projects.vercel.app
Completing…
▲ Aliased         https://clientos.angieraja.com

✓ Ready in 10s
=== Resumes synced and deployed ===
=== Digest sent ===
=== Run finished: Fri Aug  7 03:31:52 EDT 2026 ===
=== Run started: Mon Aug 10 03:00:00 EDT 2026 ===
PATH=/opt/homebrew/bin:/opt/homebrew/sbin:/usr/local/bin:/usr/bin:/bin:/usr/sbin:/sbin
GITLAB_TOKEN=SET
GITHUB_TOKEN=SET
ANTHROPIC_API_KEY=SET
--- Running scraper ---
[main 75f33f6] Weekly refresh 2026-08-10
 Committer: OpenClaw <openclaw@Sovereigns-Mac-mini.local>
Your name and email address were configured automatically based
on your username and hostname. Please check that they are accurate.
You can suppress this message by setting them explicitly. Run the
following command and follow the instructions in your editor to edit
your configuration file:

    git config --global --edit

After doing this, you may fix the identity used for this commit with:

    git commit --amend --reset-author

 6 files changed, 812 insertions(+), 2 deletions(-)
[2026-08-10 03:00] ==================================================
[2026-08-10 03:00] Client Acquisition OS — Weekly Refresh
[2026-08-10 03:00] ── JOBS ─────────────────────────────────
[2026-08-10 03:00]   Amazon Account Manager — Remote
[2026-08-10 03:00]     0 results
[2026-08-10 03:00]   Amazon Account Manager — New York
[2026-08-10 03:00]     10 results
[2026-08-10 03:00]   Amazon Brand Manager — Remote
[2026-08-10 03:00]     0 results
[2026-08-10 03:00]   Amazon Brand Manager — New York
[2026-08-10 03:00]     10 results
[2026-08-10 03:00]   Senior Amazon Brand Manager — Remote
[2026-08-10 03:00]     0 results
[2026-08-10 03:00]   Senior Amazon Brand Manager — New York
[2026-08-10 03:00]     10 results
[2026-08-10 03:00]     + Sr Manager Enterprise Systems Architecture, Amazon Leo @ Amazon (New York, NY) [LinkedIn · Easy Apply]
[2026-08-10 03:00]   Amazon Marketplace Manager — Remote
[2026-08-10 03:00]     0 results
[2026-08-10 03:00]   Amazon Marketplace Manager — New York
[2026-08-10 03:00]     10 results
[2026-08-10 03:00]   Ecommerce Brand Manager — Remote
[2026-08-10 03:01]     0 results
[2026-08-10 03:01]   Ecommerce Brand Manager — New York
[2026-08-10 03:01]     10 results
[2026-08-10 03:01]     + Specialist, Ecommerce (Category Growth) @ Saks (New York, NY) [LinkedIn · Easy Apply]
[2026-08-10 03:01]   Ecommerce Account Manager — Remote
[2026-08-10 03:01]     0 results
[2026-08-10 03:01]   Ecommerce Account Manager — New York
[2026-08-10 03:01]     10 results
[2026-08-10 03:01]     + Director of eCommerce, Key Accounts @ Mars (New York, NY (+2 others)) [LinkedIn · Easy Apply]
[2026-08-10 03:01]   Marketplace Manager Walmart Amazon — Remote
[2026-08-10 03:01]     0 results
[2026-08-10 03:01]   Marketplace Manager Walmart Amazon — New York
[2026-08-10 03:01]     6 results
[2026-08-10 03:01]   Ecommerce Operations Manager — Remote
[2026-08-10 03:02]     0 results
[2026-08-10 03:02]   Ecommerce Operations Manager — New York
[2026-08-10 03:02]     10 results
[2026-08-10 03:02]     + Senior Manager of Strategy & Operations for Digital Commerce (Remote) @ Lenovo (Anywhere) [LinkedIn · Easy Apply]
[2026-08-10 03:02]   DTC Brand Manager — Remote
[2026-08-10 03:02]     0 results
[2026-08-10 03:02]   DTC Brand Manager — New York
[2026-08-10 03:02]     10 results
[2026-08-10 03:02]   Amazon Agency Account Manager — Remote
[2026-08-10 03:02]     0 results
[2026-08-10 03:02]   Amazon Agency Account Manager — New York
[2026-08-10 03:02]     10 results
[2026-08-10 03:02]   Chief of Staff ecommerce — Remote
[2026-08-10 03:02]     0 results
[2026-08-10 03:02]   Chief of Staff ecommerce — New York
[2026-08-10 03:02]     0 results
[2026-08-10 03:02]   Chief of Staff startup — Remote
[2026-08-10 03:02]     0 results
[2026-08-10 03:02]   Chief of Staff startup — New York
[2026-08-10 03:02]     2 results
[2026-08-10 03:02]   Chief of Staff DTC — Remote
[2026-08-10 03:02]     0 results
[2026-08-10 03:02]   Chief of Staff DTC — New York
[2026-08-10 03:03]     1 results
[2026-08-10 03:03]   Head of Operations DTC — Remote
[2026-08-10 03:03]     0 results
[2026-08-10 03:03]   Head of Operations DTC — New York
[2026-08-10 03:03]     10 results
[2026-08-10 03:03]   Head of Operations ecommerce — Remote
[2026-08-10 03:03]     0 results
[2026-08-10 03:03]   Head of Operations ecommerce — New York
[2026-08-10 03:03]     10 results
[2026-08-10 03:03]   Director of Operations ecommerce — Remote
[2026-08-10 03:03]     0 results
[2026-08-10 03:03]   Director of Operations ecommerce — New York
[2026-08-10 03:03]     10 results
[2026-08-10 03:03]   EOS Integrator — Remote
[2026-08-10 03:03]     0 results
[2026-08-10 03:03]   EOS Integrator — New York
[2026-08-10 03:03]     4 results
[2026-08-10 03:03]   Fractional COO — Remote
[2026-08-10 03:04]     0 results
[2026-08-10 03:04]   Fractional COO — New York
[2026-08-10 03:04]     10 results
[2026-08-10 03:04]   VP Operations DTC — Remote
[2026-08-10 03:04]     0 results
[2026-08-10 03:04]   VP Operations DTC — New York
[2026-08-10 03:04]     10 results
[2026-08-10 03:04]   Business Operations Lead startup — Remote
[2026-08-10 03:04]     0 results
[2026-08-10 03:04]   Business Operations Lead startup — New York
[2026-08-10 03:04]     7 results
[2026-08-10 03:04]   Amazon Account Manager agency client portfolio — Remote
[2026-08-10 03:04]     0 results
[2026-08-10 03:04]   Amazon Account Manager agency client portfolio — New York
[2026-08-10 03:04]     0 results
[2026-08-10 03:04]   Amazon Brand Manager Seller Central agency — Remote
[2026-08-10 03:05]     0 results
[2026-08-10 03:05]   Amazon Brand Manager Seller Central agency — New York
[2026-08-10 03:05]     6 results
[2026-08-10 03:05]     + Performance Manager (Amazon Ads) @ Aisle3 (Anywhere)
[2026-08-10 03:05]   Marketplace Account Manager consumer brands — Remote
[2026-08-10 03:05]     0 results
[2026-08-10 03:05]   Marketplace Account Manager consumer brands — New York
[2026-08-10 03:05]     0 results
[2026-08-10 03:05]   Ecommerce Account Manager client facing Amazon — Remote
[2026-08-10 03:05]     0 results
[2026-08-10 03:05]   Ecommerce Account Manager client facing Amazon — New York
[2026-08-10 03:05]     5 results
[2026-08-10 03:05]   Amazon Account Director agency — Remote
[2026-08-10 03:05]     0 results
[2026-08-10 03:05]   Amazon Account Director agency — New York
[2026-08-10 03:06]     2 results
[2026-08-10 03:06]   Senior Account Manager Amazon marketplace agency — Remote
[2026-08-10 03:06]     0 results
[2026-08-10 03:06]   Senior Account Manager Amazon marketplace agency — New York
[2026-08-10 03:06]     1 results
[2026-08-10 03:06]   Brand Strategy Manager Amazon ecommerce — Remote
[2026-08-10 03:06]     0 results
[2026-08-10 03:06]   Brand Strategy Manager Amazon ecommerce — New York
[2026-08-10 03:06]     10 results
[2026-08-10 03:06]   Client Success Manager Amazon agency — Remote
[2026-08-10 03:06]     0 results
[2026-08-10 03:07]   Client Success Manager Amazon agency — New York
[2026-08-10 03:07]     4 results
[2026-08-10 03:07]   Wrote 197 jobs to data/jobs.json (5 new)
[2026-08-10 03:07] ── CONTACTS ─────────────────────────────
[2026-08-10 03:07]   site:linkedin.com/in "amazon agency" "founder" operatio...
[2026-08-10 03:07]     + Malik Hussam — I help Amazon agency founders find new ' ... @ 
[2026-08-10 03:07]   site:linkedin.com/in "amazon agency" "co-founder"...
[2026-08-10 03:07]   site:linkedin.com/in "amazon agency" founder CEO...
[2026-08-10 03:07]   site:linkedin.com/in "ecommerce agency" founder operati...
[2026-08-10 03:07]   SerpAPI error: The read operation timed out
[2026-08-10 03:07]   site:linkedin.com/in "FBA agency" founder...
[2026-08-10 03:08]   site:linkedin.com/in "amazon seller" founder COO...
[2026-08-10 03:08]   site:linkedin.com/in "amazon brand" founder operations...
[2026-08-10 03:08]     + Ryan Gaffney — Co-Founder @ Fueling Brand Success and ...
[2026-08-10 03:08]   site:linkedin.com/in "amazon marketing agency" founder...
[2026-08-10 03:08]   site:linkedin.com/in "ecommerce operations" founder CEO...
[2026-08-10 03:08]   site:linkedin.com/in "amazon consulting" founder OR co-...
[2026-08-10 03:08]     + Chris Fryburger — Amazon Matchmaker / Founder @ nReach
[2026-08-10 03:08]   Added 3 contacts (total 128)
[2026-08-10 03:08] ── DEPLOYING via GitLab ──────────────────
[2026-08-10 03:08]   Push done
[2026-08-10 03:08]   Deployed to Vercel
[2026-08-10 03:08] Done.

Scraper exit code: 0
--- Committing and pushing ---
[main 3894c3a] Nightly auto-sync 2026-08-10
 Committer: OpenClaw <openclaw@Sovereigns-Mac-mini.local>
Your name and email address were configured automatically based
on your username and hostname. Please check that they are accurate.
You can suppress this message by setting them explicitly. Run the
following command and follow the instructions in your editor to edit
your configuration file:

    git config --global --edit

After doing this, you may fix the identity used for this commit with:

    git commit --amend --reset-author

 2 files changed, 163 insertions(+)
failed to store: -61
To https://gitlab.com/client-os/client-os.git
 ! [rejected]        main -> main (fetch first)
error: failed to push some refs to 'https://gitlab.com/client-os/client-os.git'
hint: Updates were rejected because the remote contains work that you do not
hint: have locally. This is usually caused by another repository pushing to
hint: the same ref. If you want to integrate the remote changes, use
hint: 'git pull' before pushing again.
hint: See the 'Note about fast-forwards' in 'git push --help' for details.
To https://github.com/angieraja23/client-os.git
   8cf612a..3894c3a  main -> main
Vercel CLI 56.4.1 (Node.js 25.8.0)
Retrieving project…
Deploying angieraja23-9144s-projects/client-acquisition-os
Uploading [--------------------] (0.0B/1.1MB)
Uploading [=====---------------] (288.0KB/1.1MB)
Uploading [==========----------] (560.0KB/1.1MB)
Uploading [===============-----] (825.4KB/1.1MB)
Uploading [====================] (1.1MB/1.1MB)
  Inspect         https://vercel.com/angieraja23-9144s-projects/client-acquisition-os/CHRrdTi9ZGdqsU9issuNDdC9W7vE
  Production      https://client-acquisition-i2itv7eai-angieraja23-9144s-projects.vercel.app
https://client-acquisition-i2itv7eai-angieraja23-9144s-projects.vercel.appBuilding…
Building…
Running build in Washington, D.C., USA (East) – iad1
Build machine configuration: 2 cores, 8 GB
Retrieving list of deployment files...
Previous build caches not available.
Downloading 263 deployment files...
[2K[1A[2K[G  Production      https://client-acquisition-i2itv7eai-angieraja23-9144s-projects.vercel.app
Completing…
▲ Aliased         https://clientos.angieraja.com

✓ Ready in 7s
=== Deployed: Mon Aug 10 03:08:39 EDT 2026 ===
--- Running tailor ---
=== Tailor started: Mon Aug 10 03:08:39 EDT 2026 ===
Track: ops
SKIP (already tailored): Chief of Staff at Cascade at Jack & Jill
Track: ops
SKIP (already tailored): Chief of Staff to the GM of Housing at Flex
Track: ops
SKIP (already tailored): Executive Assistant to the Chief of Staff at DEPARTMENT OF CORRECTION
Track: amazon
SKIP (already tailored): Associate Manager, Commerce Platform Logistics - Strategy and Operations at DoorDash
Track: amazon
SKIP (already tailored): Sr. Resourcing Operations Manager at MKG Productions, LLC
Track: ops
SKIP (already tailored): Logistics Operations Project Manager at Fluidstack
Track: ops
SKIP (already tailored): Manager, Enrollment Fulfillment Operations at New York Life
Track: amazon
SKIP (already tailored): Ecommerce Manager at Zachys Wine & Liquor
Track: amazon
SKIP (already tailored): Amazon Brand Manager at Cartograph
Track: amazon
SKIP (already tailored): Director of Ecommerce at SBH Fashion
Track: amazon
SKIP (already tailored): Ecommerce Marketplace Manager at Universal Perfumes & Cosmetics
Track: amazon
SKIP (already tailored): Client Account Manager, Digital Accounts at Amsive
Track: ops
SKIP (already tailored): DTC Performance & Growth Marketing Manager at Blueair North America
Track: amazon
SKIP (already tailored): AWS Sr. Enterprise Account Manager, Automotive & Manufacturing at Amazon Web Services (AWS)
Track: amazon
SKIP (already tailored): Senior Amazon Brand Manager at GNO Partners
Track: amazon
SKIP (already tailored): Campaign & Creative Manager, Campaign & Creative Management, Amazon at Amazon
Track: amazon
SKIP (already tailored): Sr. Marketing Manager, Engagement, WW Amazon Flex, Amazon Flex at Amazon
Track: amazon
SKIP (already tailored): Director, Amazon at Nécessaire, Inc.
Track: amazon
SKIP (already tailored): Amazon & Marketplace Account Growth Manager at The PCA Group
Track: amazon
SKIP (already tailored): Remote Amazon Marketplace Manager at Foxelli Group Remote at Foxelli Group
Track: amazon
SKIP (already tailored): E-commerce Growth Manager at BURDLIFE
Track: amazon
SKIP (already tailored): Marketplace Manager at PetsWorld Inc
Track: amazon
SKIP (already tailored): TikTok Shop Account Manager at KAMP Agency
Track: amazon
SKIP (already tailored): Sales Account Manager, US LCS, Consumer Electronics at Amazon
Track: amazon
SKIP (already tailored): Director of Operations — Digital & Ecommerce at Maxima Apparel
Track: amazon
SKIP (already tailored): Senior Manager, Ecommerce at SBH Fashion
Track: amazon
SKIP (already tailored): Sales Account Manager, LCS Acquisitions at Amazon
Track: ops
SKIP (already tailored): Chief of Staff - AI-native startup is rewiring a trillion-dollar consumer industry at Big Wave Digital
Track: ops
SKIP (already tailored): COO/EOS Integrator at CBIZ Talent Solutions
Track: ops
SKIP (already tailored): Office Operations at Series B AI Startup at Bloom Talent
Track: ops
SKIP (already tailored): Office & Operations Lead — Startup NYC (Equity) at The Talent Post
Track: ops
SKIP (already tailored): Jr. Amazon Account Coordinator at Tiide Commerce
Track: ops
SKIP (already tailored): Amazon Account Coordinator - Affiliate Marketing Agency at Ikon Digital Media
Track: ops
SKIP (already tailored): Manager, Amazon - Origins at DECIEM | THE ABNORMAL BEAUTY COMPANY
Track: amazon
SKIP (already tailored): Website for Amazon Account Management at Upwork
Track: amazon
SKIP (already tailored): Sr Product Marketing Manager, WW New Customer Registration, Amazon Business at Amazon
Track: amazon
SKIP (already tailored): Amazon Marketplace Specialist at Master Wholesale International, Inc.
Track: amazon
SKIP (already tailored): Senior Brand Manager, eCommerce Agency at Jobot
Track: amazon
SKIP (already tailored): Category Manager Intern (TikTok Shop - Operations) - 2026 Summer (MBA) at TikTok
Track: amazon
SKIP (already tailored): Ecommerce Optimization Manager at Clean Simple Eats, LLC.
Track: amazon
SKIP (already tailored): National Account Manager - Amazon at Scholastic
Track: amazon
SKIP (already tailored): Sales Account Manager, US LCS, Consumer Electronics at Amazon Advertising LLC
Track: ops
SKIP (already tailored): Director of Business Operations, SaaS | AI | eCommerce at Get Plus - The Autonomous Commerce OS
Track: amazon
SKIP (already tailored): AWS Account Manager, FSI at Amazon Web Services (AWS)
Track: amazon
SKIP (already tailored): Sr. Account Manager-RRT, Startups at Amazon Web Services (AWS)
Track: ops
SKIP (already tailored): Amazon Specialist at My Amazon Guy
Track: amazon
SKIP (already tailored): Strategic Account Manager, Amazon Publisher Services at Amazon
Track: amazon
SKIP (already tailored): Account Manager I, Amazon Global Logistics at Amazon Global Logistics
Track: amazon
SKIP (already tailored): VP, Ecommerce at Grüns
Track: amazon
SKIP (already tailored): Senior Director of Ecommerce & Growth at CleanBoss Inc.
Track: amazon
SKIP (already tailored): National Account Manager, Beauty (Direct eCommerce) at Dyson Direct Inc
Track: amazon
SKIP (already tailored): Sales Account Manager, Fashion Advertising Account Management, Fashion Advertising Account Management at Amazon
Track: amazon
SKIP (already tailored): Sales Account Manager, US LCS at Amazon
Track: amazon
SKIP (already tailored): Sr. Account Manager-RRT, Startups at Amazon Web Services, Inc.
Track: ops
SKIP (already tailored): Executive Assistant to Founder & Operations at Early-stage, Mission-driven Startup at Bloom Talent
Track: ops
SKIP (already tailored): Sr.  Amazon Ads Account Manager at Freshdesk
Track: amazon
SKIP (already tailored): Account Manager I, Hub Delivery at Amazon
Track: amazon
SKIP (already tailored): Sales Account Manager, Fashion, Sales, Advertising, & Account Management at Amazon
Track: amazon
SKIP (already tailored): National Account Manager, Amazon at ACCO Brands
Track: amazon
SKIP (already tailored): Sr. Product Marketing Manager , Amazon Live Creator Partnerships at Amazon
Track: amazon
SKIP (already tailored): Senior Amazon Brand Growth Lead Remote at Ballard House
Track: amazon
SKIP (already tailored): Ecommerce Assistant Manager (Amazon Focus) at Kiss Beauty Group
Track: amazon
SKIP (already tailored): Ecommerce Specialist (Amazon Focus) at Kiss Beauty Group
Track: amazon
SKIP (already tailored): Digital Commerce Specialist- Amazon at Kiss Beauty Group
Track: amazon
SKIP (already tailored): eCommerce Manager Delivery Claims & Incidents at Hermès
Track: amazon
SKIP (already tailored): Ecommerce Assistant Manager at Kiss Beauty Group
Track: amazon
SKIP (already tailored): eCommerce Lead FT @ Guggenheim at Event Network, LLC
Track: amazon
SKIP (already tailored): Director, eCommerce - Stuart Weitzman at Caleres, Inc.
Track: amazon
SKIP (already tailored): Operations Manager, Social Commerce at AMOREPACIFIC
Track: amazon
SKIP (already tailored): Sales Account Manager, Live Sports at Amazon
Track: amazon
SKIP (already tailored): Sales Account Manager, Fashion Advertising Account Management, Fashion Advertising Account Management at Amazon Advertising LLC
Track: amazon
SKIP (already tailored): Principal Account Manager, ISV at Amazon Web Services (AWS)
Track: amazon
SKIP (already tailored): Sales Account Manager (Fashion, Sales, Advertising, & Account Management) at Amazon
Track: ops
SKIP (already tailored): Chief Operations Officer In Residence – Startup Fintech at Scalata.ai
Track: ops
SKIP (already tailored): Fractional CEO for Small Businesses at How to Manage a Small Law Firm II, Incorporated
Track: ops
SKIP (already tailored): Manager, Digital Merchandising, Amazon at Kiss Beauty Group
Track: amazon
SKIP (already tailored): Amazon Account Strategist -  Amazon Seller & Vendor Central required! at VENDO – A PLTFRM Company
Track: amazon
SKIP (already tailored): E-Commerce Operations Manager at TOM FORD FASHION
Track: amazon
SKIP (already tailored): Ecommerce Manager (Beauty) at Solomon Page
Track: amazon
SKIP (already tailored): Manager, Book Sales & eCommerce at AWA Studios
Track: amazon
SKIP (already tailored): Ecommerce Assistant Manager at Ivy Enterprises, Inc.
Track: amazon
SKIP (already tailored): Account Manager, US Govtech Mid-Market at Amazon Web Services (AWS)
Track: ops
SKIP (already tailored): eCommerce Operations Manager at Adecco
Track: amazon
SKIP (already tailored): Account Manager I, Business Development, Amazon Global Logistics at Amazon
Track: amazon
SKIP (already tailored): Remote Amazon Brand Manager | Growth & Strategy Lead at Tiide Commerce
Track: amazon
SKIP (already tailored): Senior Applied Science Manager, Amazon Sponsored Products & Brands at Amazon
Track: amazon
SKIP (already tailored): Amazon Marketplace Manager | Amazon US & AU | PPC, SEO, Seller Central & Growth Any Posted on 2026-07-09 12:19:24 at Amazon Marketplace Manager — Amazon US, Amazon AU & Walmart US
Track: amazon
SKIP (already tailored): Ecommerce Merchandising Manager at Dana-co LLC
Track: amazon
SKIP (already tailored): Ecommerce Assistant Manager at Kiss Products
Track: amazon
SKIP (already tailored): Senior Ecommerce Account Manager, Beauty at The PCA Companies
Track: amazon
SKIP (already tailored): eCommerce Account Manager - Hybrid/Remote at Vtldesign
Track: amazon
SKIP (already tailored): Strategic Ecommerce Account Manager | Growth & Partnerships at scandiweb
Track: amazon
SKIP (already tailored): Senior Manager of Ecommerce Operations at Hadley Designs
Track: amazon
SKIP (already tailored): Sr. Account Manager, ISV, ISV at Amazon Web Services (AWS)
Track: amazon
SKIP (already tailored): AWS Sr. Enterprise Account Manager, FSI-Capital Markets, FSI-Capital Markets at Amazon Web Services (AWS)
Track: ops
SKIP (already tailored): Remote Fractional COO: Scale Operations for Owners at How To MANAGE a Small Law Firm
Track: ops
SKIP (already tailored): Contracts Manager, Buy with Prime & Amazon Multi-Channel Fulfillment at Amazon
Track: amazon
SKIP (already tailored): Global Creative Strategist, Brand Innovation Lab, Amazon Ads Brand Innovation Lab at Amazon
Track: amazon
SKIP (already tailored): Sr. Paid Media Marketing Manager, Amazon Ads, Paid and Social Media Team, Amazon Ads at Amazon
Track: amazon
SKIP (already tailored): Head of Ecommerce at CHARLES & KEITH GROUP
Track: amazon
SKIP (already tailored): Manager, Customer Insights + Analytics (Ecommerce) at Pandora
Track: amazon
SKIP (already tailored): Junior Account Manager, Ecommerce at Tangle Teezer Ltd
Track: amazon
SKIP (already tailored): Junior Ecommerce Account Manager | Hybrid Role at BIC
Track: amazon
SKIP (already tailored): Senior Sales Account Manager, US LCS at Amazon
Track: amazon
SKIP (already tailored): Sr Client Account Manager, Amazon at Pinterest
Track: ops
SKIP (already tailored): Startup Operations Lead at Trekker Auto
Track: ops
SKIP (already tailored): Head of Operations ($150k-$195k + Equity) at well-funded healthtech startup at Jack & Jill
Track: ops
SKIP (already tailored): Amazon Advertising Manager at Cartograph
Track: amazon
SKIP (already tailored): Account Manager, Telecom at Amazon
Track: amazon
SKIP (already tailored): Strategic Account Manager, Amazon at Eaton Corporation
Track: amazon
SKIP (already tailored): Senior IT&S Project Manager at Northwell Careers
Track: amazon
SKIP (already tailored): Account Manager - E-Comm and Design at DADA Goldberg
Track: amazon
SKIP (already tailored): Ecommerce Account Manager, Amazon at Justrite Safety Group
Track: amazon
SKIP (already tailored): Senior Sales Account Manager, Sponsored Ads (Paid Search), Large Customer Sales Advertising at Amazon
Track: ops
SKIP (already tailored): Global SVP eCommerce Solutions at NielsenIQ
Track: ops
SKIP (already tailored): Director of International Ecommerce at Veronica Beard
Track: ops
SKIP (already tailored): Manager of Ecommerce at SBH Fashion
Track: ops
SKIP (already tailored): Chief Operations Officer, Marketing, Advertising & eCommerce at Confidential
Track: amazon
SKIP (already tailored): Sr. Marketing Manager, GTM, Amazon Flex, Amazon Flex at Amazon
Track: amazon
SKIP (already tailored): Director, Marketplace NAM at Pandora
Track: amazon
SKIP (already tailored): Senior eCommerce Analyst - Tommy Hilfiger at PVH
Track: amazon
SKIP (already tailored): E-Commerce Marketplace Specialist at JW Mobile
Track: amazon
SKIP (already tailored): LatAm Ecommerce Operations Manager Contract at Rad-Hires
Track: amazon
SKIP (already tailored): Senior Sales Account Manager, Sponsored Ads (Paid Search), Large Customer Sales Advertising at Amazon Advertising LLC
Track: amazon
SKIP (already tailored): TAM Manager, Video Advertising, Amazon Prime Video Ads at Amazon
Track: ops
SKIP (already tailored): Head of Operations / VP of Operations at Go Fractional
Track: ops
SKIP (already tailored): Business Operations Lead at Castle
Track: ops
SKIP (already tailored): People Operations Lead — Startup HR Leader (Hybrid) at Clarity Recruiting
Track: ops
SKIP (already tailored): Account Executive - Public Sector, Enterprise - New York, Amazon Web Services at Amazon Web Services (AWS)
Track: amazon
SKIP (already tailored): Sr. Amazon Brand Manager at Upwork
Track: amazon
SKIP (already tailored): Manager - Amazon eCommerce (WCB) at L'Oréal
Track: amazon
SKIP (already tailored): Senior Specialist, Customer Experience, Amazon - Marketplace Partnership at Front Row
Track: amazon
SKIP (already tailored): Amazon Marketplace Growth & Global Sourcing Manager (Full-Time, Remote) Full Time Posted on 2026-07-20 13:52:54 $7 per hour at Amazon Marketplace Growth & Global Sourcing Manager (Full-Time, Remote)
Track: amazon
SKIP (already tailored): Director of Ecommerce at Outdoor Collective
Track: amazon
SKIP (already tailored): Director eCommerce Capabilities at TeHiring.com
Track: ops
SKIP (already tailored): Associate Tech Strategy and Business Operations at Fanatics Collectibles
Track: ops
SKIP (already tailored): Retail Media Account Manager (Amazon and TikTok Shop) at WITHIN
Track: ops
SKIP (already tailored): Programmatic Solutions Consultant, Amazon Ads at Amazon
Track: ops
SKIP (already tailored): Marketing Manager, Amazon Pickup Program , PARP Traffic at Amazon
Track: amazon
SKIP (already tailored): Amazon 1P Vendor Account Manager | Brooklyn, NY · $175K–$200K + Commission - 2447 at Bhired
Track: amazon
SKIP (already tailored): Amazon Marketplace Director – remote freelance at 24 Seven Talent
Track: amazon
SKIP (already tailored): Ecommerce Manager, Amazon & eRetailers (Hybrid Role - New York) at OLAPLEX
Track: amazon
SKIP (already tailored): US Market + Marketing Manager (m/f/d) - 3x German Shopify E-Commerce Brands - 100% remote at Lyto Brands Group GmbH
Track: amazon
SKIP (already tailored): Pandora Manager, Customer Insights + Analytics (Ecommerce) at Pandora
Track: amazon
SKIP (already tailored): Sales Account Manager, Gold Accelerator at Amazon
Track: ops
SKIP (already tailored): Sr. Manager DTC Operations & Support at Ralph Lauren
Track: ops
SKIP (already tailored): COO - Integrator at 6AM City, LLC
Track: ops
SKIP (already tailored): Fractional CFO/CEO/COO/CIO/CRO - B.O. at Save with Denise
Track: ops
SKIP (already tailored): Head of Operations ($150k–$170k + Equity) at well-funded healthtech startup at CareersElite.com
Track: ops
SKIP (already tailored): Workplace & Talent Operations Specialist - AI Startup at BURKE + CO.
Track: ops
SKIP (already tailored): Revenue Operations Manager (B2B SaaS Startup) at PINATA New York, NY at PINATA
Track: ops
SKIP (already tailored): Senior Portfolio Growth Manager, Professional Services, AWS Worldwide Startups at Amazon Web Services (AWS)
Track: ops
SKIP (already tailored): Category Insights Account Manager at UNFI
Track: ops
SKIP (already tailored): Global Agency Development Manager, Amazon Ads at Amazon
Track: ops
SKIP (already tailored): Merchandising Manager, Amazon at AS Beauty Group
Track: amazon
SKIP (already tailored): Product Safety Compliance Manager, Amazon Private Brands, Amazon Private Brands, Product Safety and Compliance at Amazon
Track: amazon
SKIP (already tailored): National Account Manager, Amazon - US Stationery at BIC
Track: amazon
SKIP (already tailored): Sr. Industry Manager, Ecommerce at Pinterest
Track: amazon
SKIP (already tailored): Manager, Ecommerce Merchandising & AI at BIC Corporation
Track: amazon
SKIP (already tailored): Marketplace Operations Associate at Rokt
Track: amazon
SKIP (already tailored): E-Commerce Operations Manager at EmergencyMD
Track: amazon
SKIP (already tailored): Remote Ecommerce Operations Manager | Growth & Strategy at JobRack
Track: ops
SKIP (already tailored): DTC Operations Manager – E‑commerce (Hybrid) at Audio Network Group
Track: amazon
SKIP (already tailored): Senior Sales Account Manager, Live Sports at Amazon
Track: amazon
SKIP (already tailored): Director, Ecommerce & CRO at Create Wellness
Track: amazon
SKIP (already tailored): HEAD OF MARKETING - DTC GROWTH at Hē Labs
Track: amazon
SKIP (already tailored): Acne Studios DTC Operations Manager at Acne Studios
Track: amazon
SKIP (already tailored): Sales Account Manager, Gold Accelerator at Amazon Advertising LLC
Track: ops
SKIP (already tailored): Chief of Staff, Office of the CEO at Coast
Track: ops
SKIP (already tailored): Supervisor, Operations- DTC Settlements (Hybrid - Newark, NJ or Edgewood, LI) at Broadridge
Track: ops
SKIP (already tailored): Category Insights Account Manager - Boston at UNFI
Track: ops
SKIP (already tailored): Visual Content Manager, Amazon Delivery Experience (ADX) at Amazon
Track: amazon
SKIP (already tailored): Sr Account Manager, ISV Greenfield at Amazon Web Services (AWS)
Track: amazon
SKIP (already tailored): Ecommerce Marketplace Manager (Amazon Experience Essential) at We Are Refyne
Track: amazon
SKIP (already tailored): Client Account Manager II, E-Commerce at Pinterest
Track: amazon
SKIP (already tailored): Associate Account Manager Amazon North America at Vestacy
Track: ops
SKIP (already tailored): On site - Head of eCommerce Sales - $150,000 + Bonus - Cedarhurst (Long Island), NY at R2 Global
Track: amazon
SKIP (already tailored): Sr. Analyst Relations Manager, Amazon Ads at Amazon
Track: amazon
SKIP (already tailored): Amazon Marketplace Coordinator at LHH
Track: amazon
SKIP (already tailored): Head of eCommerce at Danimás
Track: amazon
SKIP (already tailored): Growth Marketing Manager — DTC Paid Media at MOHR Talent
Track: amazon
SKIP (already tailored): Sr. Amazon Account Manager (Remote) at Envision Horizons LLC
Track: amazon
SKIP (already tailored): Sales Account Manager, Telecom (Advertising) at Amazon
Track: amazon
SKIP (already tailored): Principal Brand Strategist, Amazon Ads, Amazon Ads Marketing at Amazon Advertising LLC
Track: amazon
SKIP (already tailored): Senior Marketing Manager, Amazon Digital Advertising at Amazon
Track: amazon
SKIP (already tailored): Global eCommerce Manager at Fable and Mane
Track: ops
SKIP (already tailored): Fractional Chief Operating Officer/Operations Advisor at Via Logic LLC
Track: amazon
SKIP (already tailored): Sr. Content Strategist, Amazon Music Brand and Copy Strategy at Amazon Music
Track: amazon
SKIP (already tailored): Specialist, eCommerce Trading & Web Merchandising at Pandora
Track: amazon
SKIP (already tailored): DTC Growth Marketing Manager (CRO, Loyalty, AOV) at People Architects
Track: ops
SKIP (already tailored): Co-Founder & CEO - AI E-commerce Operations System at FutureSight
Track: ops
SKIP (already tailored): Growth Content Lead (SEO) at Valur
Track: amazon
Using resume: master_amazon.json

Tailoring resume for: Sr Manager Enterprise Systems Architecture, Amazon Leo at Amazon
Extracting keywords via Claude Haiku...
Top ATS keywords: ['Enterprise Systems Architecture', 'Systems Design', 'Technical Leadership', 'Cloud Infrastructure', 'Stakeholder Management', 'Strategic Planning']

Match score BEFORE tailoring: 83/100
  Already in resume: ['Enterprise Systems Architecture', 'Systems Design', 'Technical Leadership', 'Stakeholder Management', 'Strategic Planning']
  Missing: ['Cloud Infrastructure']

Match score AFTER tailoring: 100/100

Tailored resume saved: /Users/openclaw/job-search-agent/resumes/tailored/amazon_sr-manager-enterprise-systems-architectu.docx
Track: amazon
Using resume: master_amazon.json

Tailoring resume for: Specialist, Ecommerce (Category Growth) at Saks
Extracting keywords via Claude Haiku...
Top ATS keywords: ['Category Growth Strategy', 'Ecommerce Operations', 'Sales Analytics', 'Inventory Management', 'Vendor Collaboration', 'Performance Metrics']

Match score BEFORE tailoring: 83/100
  Already in resume: ['Category Growth Strategy', 'Ecommerce Operations', 'Inventory Management', 'Vendor Collaboration', 'Performance Metrics']
  Missing: ['Sales Analytics']

Match score AFTER tailoring: 100/100

Tailored resume saved: /Users/openclaw/job-search-agent/resumes/tailored/saks_specialist-ecommerce-category-growth.docx
Track: amazon
Using resume: master_amazon.json

Tailoring resume for: Director of eCommerce, Key Accounts at Mars
Extracting keywords via Claude Haiku...
Top ATS keywords: ['eCommerce Strategy', 'Key Account Management', 'P&L Management', 'Amazon Operations', 'Channel Partnership', 'Sales Leadership']

Match score BEFORE tailoring: 100/100
  Already in resume: ['eCommerce Strategy', 'Key Account Management', 'P&L Management', 'Amazon Operations', 'Channel Partnership', 'Sales Leadership']
  Missing: []

Match score AFTER tailoring: 100/100

Tailored resume saved: /Users/openclaw/job-search-agent/resumes/tailored/mars_director-of-ecommerce-key-accounts.docx
Track: amazon
Using resume: master_amazon.json

Tailoring resume for: Senior Manager of Strategy & Operations for Digital Commerce (Remote) at Lenovo
Extracting keywords via Claude Haiku...
Top ATS keywords: ['Digital Commerce Strategy', 'Operations Management', 'P&L Management', 'Cross-Functional Leadership', 'Process Optimization', 'KPI Analysis']

Match score BEFORE tailoring: 100/100
  Already in resume: ['Digital Commerce Strategy', 'Operations Management', 'P&L Management', 'Cross-Functional Leadership', 'Process Optimization', 'KPI Analysis']
  Missing: []

Match score AFTER tailoring: 100/100

Tailored resume saved: /Users/openclaw/job-search-agent/resumes/tailored/lenovo_senior-manager-of-strategy-operations-fo.docx
Track: ops
Using resume: master_ops.json

Tailoring resume for: Performance Manager (Amazon Ads) at Aisle3
Extracting keywords via Claude Haiku...
Top ATS keywords: ['Amazon Ads', 'Performance Management', 'P&L Management', 'KPI Analysis', 'Campaign Optimization', 'Advertising Strategy']

Match score BEFORE tailoring: 100/100
  Already in resume: ['Amazon Ads', 'Performance Management', 'P&L Management', 'KPI Analysis', 'Campaign Optimization', 'Advertising Strategy']
  Missing: []

Match score AFTER tailoring: 100/100

Tailored resume saved: /Users/openclaw/job-search-agent/resumes/tailored/aisle3_performance-manager-amazon-ads.docx
=== Tailor complete: 197 tailored, 0 failed at Mon Aug 10 03:32:30 EDT 2026 ===
[main 6e19b6a] Sync tailored resumes 2026-08-10
 Committer: OpenClaw <openclaw@Sovereigns-Mac-mini.local>
Your name and email address were configured automatically based
on your username and hostname. Please check that they are accurate.
You can suppress this message by setting them explicitly. Run the
following command and follow the instructions in your editor to edit
your configuration file:

    git config --global --edit

After doing this, you may fix the identity used for this commit with:

    git commit --amend --reset-author

 5 files changed, 0 insertions(+), 0 deletions(-)
 create mode 100644 resumes/tailored/aisle3_performance-manager-amazon-ads.docx
 create mode 100644 resumes/tailored/amazon_sr-manager-enterprise-systems-architectu.docx
 create mode 100644 resumes/tailored/lenovo_senior-manager-of-strategy-operations-fo.docx
 create mode 100644 resumes/tailored/mars_director-of-ecommerce-key-accounts.docx
 create mode 100644 resumes/tailored/saks_specialist-ecommerce-category-growth.docx
failed to store: -61
To https://gitlab.com/client-os/client-os.git
 ! [rejected]        main -> main (fetch first)
error: failed to push some refs to 'https://gitlab.com/client-os/client-os.git'
hint: Updates were rejected because the remote contains work that you do not
hint: have locally. This is usually caused by another repository pushing to
hint: the same ref. If you want to integrate the remote changes, use
hint: 'git pull' before pushing again.
hint: See the 'Note about fast-forwards' in 'git push --help' for details.
To https://github.com/angieraja23/client-os.git
   3894c3a..6e19b6a  main -> main
Vercel CLI 56.4.1 (Node.js 25.8.0)
Retrieving project…
Deploying angieraja23-9144s-projects/client-acquisition-os
Uploading [--------------------] (0.0B/1MB)
Uploading [=====---------------] (270.8KB/1MB)
Uploading [==========----------] (526.8KB/1MB)
Uploading [===============-----] (782.8KB/1MB)
Uploading [====================] (1.0MB/1MB)
  Inspect         https://vercel.com/angieraja23-9144s-projects/client-acquisition-os/FF2uLHp3aM5fVL3jU4wyQLFLPWWR
  Production      https://client-acquisition-5ilhos3px-angieraja23-9144s-projects.vercel.app
https://client-acquisition-5ilhos3px-angieraja23-9144s-projects.vercel.appBuilding…
Building…
Running build in Washington, D.C., USA (East) – iad1
Build machine configuration: 2 cores, 8 GB
Retrieving list of deployment files...
Previous build caches not available.
Downloading 268 deployment files...
[2K[1A[2K[G  Production      https://client-acquisition-5ilhos3px-angieraja23-9144s-projects.vercel.app
Completing…
▲ Aliased         https://clientos.angieraja.com

✓ Ready in 7s
=== Resumes synced and deployed ===
=== Digest sent ===
=== Run finished: Mon Aug 10 03:32:42 EDT 2026 ===
=== Run started: Wed Aug 12 03:00:00 EDT 2026 ===
PATH=/opt/homebrew/bin:/opt/homebrew/sbin:/usr/local/bin:/usr/bin:/bin:/usr/sbin:/sbin
GITLAB_TOKEN=SET
GITHUB_TOKEN=SET
ANTHROPIC_API_KEY=SET
--- Running scraper ---
[main 5920fbf] Weekly refresh 2026-08-12
 Committer: OpenClaw <openclaw@Sovereigns-Mac-mini.local>
Your name and email address were configured automatically based
on your username and hostname. Please check that they are accurate.
You can suppress this message by setting them explicitly. Run the
following command and follow the instructions in your editor to edit
your configuration file:

    git config --global --edit

After doing this, you may fix the identity used for this commit with:

    git commit --amend --reset-author

 4 files changed, 846 insertions(+), 1 deletion(-)
[2026-08-12 03:00] ==================================================
[2026-08-12 03:00] Client Acquisition OS — Weekly Refresh
[2026-08-12 03:00] ── JOBS ─────────────────────────────────
[2026-08-12 03:00]   Amazon Account Manager — Remote
[2026-08-12 03:00]     0 results
[2026-08-12 03:00]   Amazon Account Manager — New York
[2026-08-12 03:00]     10 results
[2026-08-12 03:00]     + Account Manager, Startups, AWS Early Startups, US East @ Amazon Web Services (AWS) (New York, NY) [LinkedIn · Easy Apply]
[2026-08-12 03:00]   Amazon Brand Manager — Remote
[2026-08-12 03:00]     0 results
[2026-08-12 03:00]   Amazon Brand Manager — New York
[2026-08-12 03:00]     10 results
[2026-08-12 03:00]     + Head of  Amazon Brand Management @ Heap (Anywhere)
[2026-08-12 03:00]   Senior Amazon Brand Manager — Remote
[2026-08-12 03:00]     0 results
[2026-08-12 03:00]   Senior Amazon Brand Manager — New York
[2026-08-12 03:00]     10 results
[2026-08-12 03:00]     + Sr. Manager, Amazon Strategic Initiatives @ Amazon (New York, NY) [LinkedIn · Easy Apply]
[2026-08-12 03:00]     + Advertising Senior Manager, Amazon @ AS Beauty Group (New York, NY) [LinkedIn · Easy Apply]
[2026-08-12 03:00]     + Sr. Account Manager, Agency, Advertising, Account Management, Agency @ Amazon (New York, NY) [LinkedIn · Easy Apply]
[2026-08-12 03:00]   Amazon Marketplace Manager — Remote
[2026-08-12 03:01]     0 results
[2026-08-12 03:01]   Amazon Marketplace Manager — New York
[2026-08-12 03:01]     10 results
[2026-08-12 03:01]   Ecommerce Brand Manager — Remote
[2026-08-12 03:01]     0 results
[2026-08-12 03:01]   Ecommerce Brand Manager — New York
[2026-08-12 03:01]     10 results
[2026-08-12 03:01]     + Ecommerce Manager - B2B @ Confidential (New York, NY) [LinkedIn · Easy Apply]
[2026-08-12 03:01]   Ecommerce Account Manager — Remote
[2026-08-12 03:01]     0 results
[2026-08-12 03:01]   Ecommerce Account Manager — New York
[2026-08-12 03:01]     10 results
[2026-08-12 03:01]   Marketplace Manager Walmart Amazon — Remote
[2026-08-12 03:01]     0 results
[2026-08-12 03:01]   Marketplace Manager Walmart Amazon — New York
[2026-08-12 03:01]     6 results
[2026-08-12 03:01]   Ecommerce Operations Manager — Remote
[2026-08-12 03:02]     0 results
[2026-08-12 03:02]   Ecommerce Operations Manager — New York
[2026-08-12 03:02]     10 results
[2026-08-12 03:02]     + ECOMMERCE OPERATIONS COORDINATOR @ MCM WORLDWIDE (New York, NY) [LinkedIn · Easy Apply]
[2026-08-12 03:02]   DTC Brand Manager — Remote
[2026-08-12 03:02]     0 results
[2026-08-12 03:02]   DTC Brand Manager — New York
[2026-08-12 03:02]     10 results
[2026-08-12 03:02]     + Senior Growth Marketing Lead — DTC Brand Portfolio @ People Architects (New York)
[2026-08-12 03:02]   Amazon Agency Account Manager — Remote
[2026-08-12 03:02]     0 results
[2026-08-12 03:02]   Amazon Agency Account Manager — New York
[2026-08-12 03:02]     10 results
[2026-08-12 03:02]   Chief of Staff ecommerce — Remote
[2026-08-12 03:02]     0 results
[2026-08-12 03:02]   Chief of Staff ecommerce — New York
[2026-08-12 03:02]     0 results
[2026-08-12 03:02]   Chief of Staff startup — Remote
[2026-08-12 03:03]     0 results
[2026-08-12 03:03]   Chief of Staff startup — New York
[2026-08-12 03:03]     2 results
[2026-08-12 03:03]   Chief of Staff DTC — Remote
[2026-08-12 03:03]     0 results
[2026-08-12 03:03]   Chief of Staff DTC — New York
[2026-08-12 03:03]     1 results
[2026-08-12 03:03]   Head of Operations DTC — Remote
[2026-08-12 03:03]     0 results
[2026-08-12 03:03]   Head of Operations DTC — New York
[2026-08-12 03:03]     10 results
[2026-08-12 03:03]   Head of Operations ecommerce — Remote
[2026-08-12 03:04]     0 results
[2026-08-12 03:04]   Head of Operations ecommerce — New York
[2026-08-12 03:04]     10 results
[2026-08-12 03:04]   Director of Operations ecommerce — Remote
[2026-08-12 03:04]     0 results
[2026-08-12 03:04]   Director of Operations ecommerce — New York
[2026-08-12 03:04]     10 results
[2026-08-12 03:04]   EOS Integrator — Remote
[2026-08-12 03:04]     0 results
[2026-08-12 03:04]   EOS Integrator — New York
[2026-08-12 03:04]     6 results
[2026-08-12 03:04]   Fractional COO — Remote
[2026-08-12 03:04]     0 results
[2026-08-12 03:04]   Fractional COO — New York
[2026-08-12 03:05]     10 results
[2026-08-12 03:05]     + Fractional COO @ FlexBoard (Anywhere)
[2026-08-12 03:05]   VP Operations DTC — Remote
[2026-08-12 03:05]     0 results
[2026-08-12 03:05]   VP Operations DTC — New York
[2026-08-12 03:05]     8 results
[2026-08-12 03:05]   Business Operations Lead startup — Remote
[2026-08-12 03:05]     0 results
[2026-08-12 03:05]   Business Operations Lead startup — New York
[2026-08-12 03:05]     9 results
[2026-08-12 03:05]   Amazon Account Manager agency client portfolio — Remote
[2026-08-12 03:05]     0 results
[2026-08-12 03:05]   Amazon Account Manager agency client portfolio — New York
[2026-08-12 03:05]     0 results
[2026-08-12 03:05]   Amazon Brand Manager Seller Central agency — Remote
[2026-08-12 03:06]     0 results
[2026-08-12 03:06]   Amazon Brand Manager Seller Central agency — New York
[2026-08-12 03:06]     6 results
[2026-08-12 03:06]   Marketplace Account Manager consumer brands — Remote
[2026-08-12 03:06]     0 results
[2026-08-12 03:06]   Marketplace Account Manager consumer brands — New York
[2026-08-12 03:06]     1 results
[2026-08-12 03:06]   Ecommerce Account Manager client facing Amazon — Remote
[2026-08-12 03:06]     0 results
[2026-08-12 03:06]   Ecommerce Account Manager client facing Amazon — New York
[2026-08-12 03:06]     6 results
[2026-08-12 03:06]   Amazon Account Director agency — Remote
[2026-08-12 03:07]     0 results
[2026-08-12 03:07]   Amazon Account Director agency — New York
[2026-08-12 03:07]     10 results
[2026-08-12 03:07]   Senior Account Manager Amazon marketplace agency — Remote
[2026-08-12 03:07]     0 results
[2026-08-12 03:07]   Senior Account Manager Amazon marketplace agency — New York
[2026-08-12 03:07]     1 results
[2026-08-12 03:07]   Brand Strategy Manager Amazon ecommerce — Remote
[2026-08-12 03:07]     0 results
[2026-08-12 03:07]   Brand Strategy Manager Amazon ecommerce — New York
[2026-08-12 03:07]     10 results
[2026-08-12 03:07]   Client Success Manager Amazon agency — Remote
[2026-08-12 03:07]     0 results
[2026-08-12 03:07]   Client Success Manager Amazon agency — New York
[2026-08-12 03:08]     2 results
[2026-08-12 03:08]     + Client Success Manager - Trivium Group @ Trivium Group (Anywhere)
[2026-08-12 03:08]   Wrote 207 jobs to data/jobs.json (10 new)
[2026-08-12 03:08] ── DEPLOYING via GitLab ──────────────────
[2026-08-12 03:08]   Push done
[2026-08-12 03:08]   Deployed to Vercel
[2026-08-12 03:08] Done.

Scraper exit code: 0
--- Committing and pushing ---
[main fcfcb4b] Nightly auto-sync 2026-08-12
 Committer: OpenClaw <openclaw@Sovereigns-Mac-mini.local>
Your name and email address were configured automatically based
on your username and hostname. Please check that they are accurate.
You can suppress this message by setting them explicitly. Run the
following command and follow the instructions in your editor to edit
your configuration file:

    git config --global --edit

After doing this, you may fix the identity used for this commit with:

    git commit --amend --reset-author

 2 files changed, 152 insertions(+)
failed to store: -61
To https://gitlab.com/client-os/client-os.git
 ! [rejected]        main -> main (fetch first)
error: failed to push some refs to 'https://gitlab.com/client-os/client-os.git'
hint: Updates were rejected because the remote contains work that you do not
hint: have locally. This is usually caused by another repository pushing to
hint: the same ref. If you want to integrate the remote changes, use
hint: 'git pull' before pushing again.
hint: See the 'Note about fast-forwards' in 'git push --help' for details.
To https://github.com/angieraja23/client-os.git
   6e19b6a..fcfcb4b  main -> main
Vercel CLI 56.4.1 (Node.js 25.8.0)
Retrieving project…
Deploying angieraja23-9144s-projects/client-acquisition-os
Uploading [--------------------] (0.0B/1.1MB)
Uploading [=====---------------] (288.0KB/1.1MB)
Uploading [==========----------] (576.0KB/1.1MB)
Uploading [===============-----] (864.0KB/1.1MB)
Uploading [====================] (1.1MB/1.1MB)
  Inspect         https://vercel.com/angieraja23-9144s-projects/client-acquisition-os/3AApZ8QiyfL1CtG4ToUkDdo8iGYi
  Production      https://client-acquisition-k78ppoxo2-angieraja23-9144s-projects.vercel.app
https://client-acquisition-k78ppoxo2-angieraja23-9144s-projects.vercel.appBuilding…
Building…
Running build in Washington, D.C., USA (East) – iad1
Build machine configuration: 2 cores, 8 GB
Retrieving list of deployment files...
Previous build caches not available.
Downloading 268 deployment files...
Running "vercel build"
Vercel CLI 58.1.0
Build Completed in /vercel/output [770ms]
Deploying outputs...
[2K[1A[2K[G  Production      https://client-acquisition-k78ppoxo2-angieraja23-9144s-projects.vercel.app
Completing…
▲ Aliased         https://clientos.angieraja.com

✓ Ready in 7s
=== Deployed: Wed Aug 12 03:08:27 EDT 2026 ===
--- Running tailor ---
=== Tailor started: Wed Aug 12 03:08:27 EDT 2026 ===
Track: ops
SKIP (already tailored): Chief of Staff at Cascade at Jack & Jill
Track: ops
SKIP (already tailored): Chief of Staff to the GM of Housing at Flex
Track: ops
SKIP (already tailored): Executive Assistant to the Chief of Staff at DEPARTMENT OF CORRECTION
Track: amazon
SKIP (already tailored): Associate Manager, Commerce Platform Logistics - Strategy and Operations at DoorDash
Track: amazon
SKIP (already tailored): Sr. Resourcing Operations Manager at MKG Productions, LLC
Track: ops
SKIP (already tailored): Logistics Operations Project Manager at Fluidstack
Track: ops
SKIP (already tailored): Manager, Enrollment Fulfillment Operations at New York Life
Track: amazon
SKIP (already tailored): Ecommerce Manager at Zachys Wine & Liquor
Track: amazon
SKIP (already tailored): Amazon Brand Manager at Cartograph
Track: amazon
SKIP (already tailored): Director of Ecommerce at SBH Fashion
Track: amazon
SKIP (already tailored): Ecommerce Marketplace Manager at Universal Perfumes & Cosmetics
Track: amazon
SKIP (already tailored): Client Account Manager, Digital Accounts at Amsive
Track: ops
SKIP (already tailored): DTC Performance & Growth Marketing Manager at Blueair North America
Track: amazon
SKIP (already tailored): AWS Sr. Enterprise Account Manager, Automotive & Manufacturing at Amazon Web Services (AWS)
Track: amazon
SKIP (already tailored): Senior Amazon Brand Manager at GNO Partners
Track: amazon
SKIP (already tailored): Campaign & Creative Manager, Campaign & Creative Management, Amazon at Amazon
Track: amazon
SKIP (already tailored): Sr. Marketing Manager, Engagement, WW Amazon Flex, Amazon Flex at Amazon
Track: amazon
SKIP (already tailored): Director, Amazon at Nécessaire, Inc.
Track: amazon
SKIP (already tailored): Amazon & Marketplace Account Growth Manager at The PCA Group
Track: amazon
SKIP (already tailored): Remote Amazon Marketplace Manager at Foxelli Group Remote at Foxelli Group
Track: amazon
SKIP (already tailored): E-commerce Growth Manager at BURDLIFE
Track: amazon
SKIP (already tailored): Marketplace Manager at PetsWorld Inc
Track: amazon
SKIP (already tailored): TikTok Shop Account Manager at KAMP Agency
Track: amazon
SKIP (already tailored): Sales Account Manager, US LCS, Consumer Electronics at Amazon
Track: amazon
SKIP (already tailored): Director of Operations — Digital & Ecommerce at Maxima Apparel
Track: amazon
SKIP (already tailored): Senior Manager, Ecommerce at SBH Fashion
Track: amazon
SKIP (already tailored): Sales Account Manager, LCS Acquisitions at Amazon
Track: ops
SKIP (already tailored): Chief of Staff - AI-native startup is rewiring a trillion-dollar consumer industry at Big Wave Digital
Track: ops
SKIP (already tailored): COO/EOS Integrator at CBIZ Talent Solutions
Track: ops
SKIP (already tailored): Office Operations at Series B AI Startup at Bloom Talent
Track: ops
SKIP (already tailored): Office & Operations Lead — Startup NYC (Equity) at The Talent Post
Track: ops
SKIP (already tailored): Jr. Amazon Account Coordinator at Tiide Commerce
Track: ops
SKIP (already tailored): Amazon Account Coordinator - Affiliate Marketing Agency at Ikon Digital Media
Track: ops
SKIP (already tailored): Manager, Amazon - Origins at DECIEM | THE ABNORMAL BEAUTY COMPANY
Track: amazon
SKIP (already tailored): Website for Amazon Account Management at Upwork
Track: amazon
SKIP (already tailored): Sr Product Marketing Manager, WW New Customer Registration, Amazon Business at Amazon
Track: amazon
SKIP (already tailored): Amazon Marketplace Specialist at Master Wholesale International, Inc.
Track: amazon
SKIP (already tailored): Senior Brand Manager, eCommerce Agency at Jobot
Track: amazon
SKIP (already tailored): Category Manager Intern (TikTok Shop - Operations) - 2026 Summer (MBA) at TikTok
Track: amazon
SKIP (already tailored): Ecommerce Optimization Manager at Clean Simple Eats, LLC.
Track: amazon
SKIP (already tailored): National Account Manager - Amazon at Scholastic
Track: amazon
SKIP (already tailored): Sales Account Manager, US LCS, Consumer Electronics at Amazon Advertising LLC
Track: ops
SKIP (already tailored): Director of Business Operations, SaaS | AI | eCommerce at Get Plus - The Autonomous Commerce OS
Track: amazon
SKIP (already tailored): AWS Account Manager, FSI at Amazon Web Services (AWS)
Track: amazon
SKIP (already tailored): Sr. Account Manager-RRT, Startups at Amazon Web Services (AWS)
Track: ops
SKIP (already tailored): Amazon Specialist at My Amazon Guy
Track: amazon
SKIP (already tailored): Strategic Account Manager, Amazon Publisher Services at Amazon
Track: amazon
SKIP (already tailored): Account Manager I, Amazon Global Logistics at Amazon Global Logistics
Track: amazon
SKIP (already tailored): VP, Ecommerce at Grüns
Track: amazon
SKIP (already tailored): Senior Director of Ecommerce & Growth at CleanBoss Inc.
Track: amazon
SKIP (already tailored): National Account Manager, Beauty (Direct eCommerce) at Dyson Direct Inc
Track: amazon
SKIP (already tailored): Sales Account Manager, Fashion Advertising Account Management, Fashion Advertising Account Management at Amazon
Track: amazon
SKIP (already tailored): Sales Account Manager, US LCS at Amazon
Track: amazon
SKIP (already tailored): Sr. Account Manager-RRT, Startups at Amazon Web Services, Inc.
Track: ops
SKIP (already tailored): Executive Assistant to Founder & Operations at Early-stage, Mission-driven Startup at Bloom Talent
Track: ops
SKIP (already tailored): Sr.  Amazon Ads Account Manager at Freshdesk
Track: amazon
SKIP (already tailored): Account Manager I, Hub Delivery at Amazon
Track: amazon
SKIP (already tailored): Sales Account Manager, Fashion, Sales, Advertising, & Account Management at Amazon
Track: amazon
SKIP (already tailored): National Account Manager, Amazon at ACCO Brands
Track: amazon
SKIP (already tailored): Sr. Product Marketing Manager , Amazon Live Creator Partnerships at Amazon
Track: amazon
SKIP (already tailored): Senior Amazon Brand Growth Lead Remote at Ballard House
Track: amazon
SKIP (already tailored): Ecommerce Assistant Manager (Amazon Focus) at Kiss Beauty Group
Track: amazon
SKIP (already tailored): Ecommerce Specialist (Amazon Focus) at Kiss Beauty Group
Track: amazon
SKIP (already tailored): Digital Commerce Specialist- Amazon at Kiss Beauty Group
Track: amazon
SKIP (already tailored): eCommerce Manager Delivery Claims & Incidents at Hermès
Track: amazon
SKIP (already tailored): Ecommerce Assistant Manager at Kiss Beauty Group
Track: amazon
SKIP (already tailored): eCommerce Lead FT @ Guggenheim at Event Network, LLC
Track: amazon
SKIP (already tailored): Director, eCommerce - Stuart Weitzman at Caleres, Inc.
Track: amazon
SKIP (already tailored): Operations Manager, Social Commerce at AMOREPACIFIC
Track: amazon
SKIP (already tailored): Sales Account Manager, Live Sports at Amazon
Track: amazon
SKIP (already tailored): Sales Account Manager, Fashion Advertising Account Management, Fashion Advertising Account Management at Amazon Advertising LLC
Track: amazon
SKIP (already tailored): Principal Account Manager, ISV at Amazon Web Services (AWS)
Track: amazon
SKIP (already tailored): Sales Account Manager (Fashion, Sales, Advertising, & Account Management) at Amazon
Track: ops
SKIP (already tailored): Chief Operations Officer In Residence – Startup Fintech at Scalata.ai
Track: ops
SKIP (already tailored): Fractional CEO for Small Businesses at How to Manage a Small Law Firm II, Incorporated
Track: ops
SKIP (already tailored): Manager, Digital Merchandising, Amazon at Kiss Beauty Group
Track: amazon
SKIP (already tailored): Amazon Account Strategist -  Amazon Seller & Vendor Central required! at VENDO – A PLTFRM Company
Track: amazon
SKIP (already tailored): E-Commerce Operations Manager at TOM FORD FASHION
Track: amazon
SKIP (already tailored): Ecommerce Manager (Beauty) at Solomon Page
Track: amazon
SKIP (already tailored): Manager, Book Sales & eCommerce at AWA Studios
Track: amazon
SKIP (already tailored): Ecommerce Assistant Manager at Ivy Enterprises, Inc.
Track: amazon
SKIP (already tailored): Account Manager, US Govtech Mid-Market at Amazon Web Services (AWS)
Track: ops
SKIP (already tailored): eCommerce Operations Manager at Adecco
Track: amazon
SKIP (already tailored): Account Manager I, Business Development, Amazon Global Logistics at Amazon
Track: amazon
SKIP (already tailored): Remote Amazon Brand Manager | Growth & Strategy Lead at Tiide Commerce
Track: amazon
SKIP (already tailored): Senior Applied Science Manager, Amazon Sponsored Products & Brands at Amazon
Track: amazon
SKIP (already tailored): Amazon Marketplace Manager | Amazon US & AU | PPC, SEO, Seller Central & Growth Any Posted on 2026-07-09 12:19:24 at Amazon Marketplace Manager — Amazon US, Amazon AU & Walmart US
Track: amazon
SKIP (already tailored): Ecommerce Merchandising Manager at Dana-co LLC
Track: amazon
SKIP (already tailored): Ecommerce Assistant Manager at Kiss Products
Track: amazon
SKIP (already tailored): Senior Ecommerce Account Manager, Beauty at The PCA Companies
Track: amazon
SKIP (already tailored): eCommerce Account Manager - Hybrid/Remote at Vtldesign
Track: amazon
SKIP (already tailored): Strategic Ecommerce Account Manager | Growth & Partnerships at scandiweb
Track: amazon
SKIP (already tailored): Senior Manager of Ecommerce Operations at Hadley Designs
Track: amazon
SKIP (already tailored): Sr. Account Manager, ISV, ISV at Amazon Web Services (AWS)
Track: amazon
SKIP (already tailored): AWS Sr. Enterprise Account Manager, FSI-Capital Markets, FSI-Capital Markets at Amazon Web Services (AWS)
Track: ops
SKIP (already tailored): Remote Fractional COO: Scale Operations for Owners at How To MANAGE a Small Law Firm
Track: ops
SKIP (already tailored): Contracts Manager, Buy with Prime & Amazon Multi-Channel Fulfillment at Amazon
Track: amazon
SKIP (already tailored): Global Creative Strategist, Brand Innovation Lab, Amazon Ads Brand Innovation Lab at Amazon
Track: amazon
SKIP (already tailored): Sr. Paid Media Marketing Manager, Amazon Ads, Paid and Social Media Team, Amazon Ads at Amazon
Track: amazon
SKIP (already tailored): Head of Ecommerce at CHARLES & KEITH GROUP
Track: amazon
SKIP (already tailored): Manager, Customer Insights + Analytics (Ecommerce) at Pandora
Track: amazon
SKIP (already tailored): Junior Account Manager, Ecommerce at Tangle Teezer Ltd
Track: amazon
SKIP (already tailored): Junior Ecommerce Account Manager | Hybrid Role at BIC
Track: amazon
SKIP (already tailored): Senior Sales Account Manager, US LCS at Amazon
Track: amazon
SKIP (already tailored): Sr Client Account Manager, Amazon at Pinterest
Track: ops
SKIP (already tailored): Startup Operations Lead at Trekker Auto
Track: ops
SKIP (already tailored): Head of Operations ($150k-$195k + Equity) at well-funded healthtech startup at Jack & Jill
Track: ops
SKIP (already tailored): Amazon Advertising Manager at Cartograph
Track: amazon
SKIP (already tailored): Account Manager, Telecom at Amazon
Track: amazon
SKIP (already tailored): Strategic Account Manager, Amazon at Eaton Corporation
Track: amazon
SKIP (already tailored): Senior IT&S Project Manager at Northwell Careers
Track: amazon
SKIP (already tailored): Account Manager - E-Comm and Design at DADA Goldberg
Track: amazon
SKIP (already tailored): Ecommerce Account Manager, Amazon at Justrite Safety Group
Track: amazon
SKIP (already tailored): Senior Sales Account Manager, Sponsored Ads (Paid Search), Large Customer Sales Advertising at Amazon
Track: ops
SKIP (already tailored): Global SVP eCommerce Solutions at NielsenIQ
Track: ops
SKIP (already tailored): Director of International Ecommerce at Veronica Beard
Track: ops
SKIP (already tailored): Manager of Ecommerce at SBH Fashion
Track: ops
SKIP (already tailored): Chief Operations Officer, Marketing, Advertising & eCommerce at Confidential
Track: amazon
SKIP (already tailored): Sr. Marketing Manager, GTM, Amazon Flex, Amazon Flex at Amazon
Track: amazon
SKIP (already tailored): Director, Marketplace NAM at Pandora
Track: amazon
SKIP (already tailored): Senior eCommerce Analyst - Tommy Hilfiger at PVH
Track: amazon
SKIP (already tailored): E-Commerce Marketplace Specialist at JW Mobile
Track: amazon
SKIP (already tailored): LatAm Ecommerce Operations Manager Contract at Rad-Hires
Track: amazon
SKIP (already tailored): Senior Sales Account Manager, Sponsored Ads (Paid Search), Large Customer Sales Advertising at Amazon Advertising LLC
Track: amazon
SKIP (already tailored): TAM Manager, Video Advertising, Amazon Prime Video Ads at Amazon
Track: ops
SKIP (already tailored): Head of Operations / VP of Operations at Go Fractional
Track: ops
SKIP (already tailored): Business Operations Lead at Castle
Track: ops
SKIP (already tailored): People Operations Lead — Startup HR Leader (Hybrid) at Clarity Recruiting
Track: ops
SKIP (already tailored): Account Executive - Public Sector, Enterprise - New York, Amazon Web Services at Amazon Web Services (AWS)
Track: amazon
SKIP (already tailored): Sr. Amazon Brand Manager at Upwork
Track: amazon
SKIP (already tailored): Manager - Amazon eCommerce (WCB) at L'Oréal
Track: amazon
SKIP (already tailored): Senior Specialist, Customer Experience, Amazon - Marketplace Partnership at Front Row
Track: amazon
SKIP (already tailored): Amazon Marketplace Growth & Global Sourcing Manager (Full-Time, Remote) Full Time Posted on 2026-07-20 13:52:54 $7 per hour at Amazon Marketplace Growth & Global Sourcing Manager (Full-Time, Remote)
Track: amazon
SKIP (already tailored): Director of Ecommerce at Outdoor Collective
Track: amazon
SKIP (already tailored): Director eCommerce Capabilities at TeHiring.com
Track: ops
SKIP (already tailored): Associate Tech Strategy and Business Operations at Fanatics Collectibles
Track: ops
SKIP (already tailored): Retail Media Account Manager (Amazon and TikTok Shop) at WITHIN
Track: ops
SKIP (already tailored): Programmatic Solutions Consultant, Amazon Ads at Amazon
Track: ops
SKIP (already tailored): Marketing Manager, Amazon Pickup Program , PARP Traffic at Amazon
Track: amazon
SKIP (already tailored): Amazon 1P Vendor Account Manager | Brooklyn, NY · $175K–$200K + Commission - 2447 at Bhired
Track: amazon
SKIP (already tailored): Amazon Marketplace Director – remote freelance at 24 Seven Talent
Track: amazon
SKIP (already tailored): Ecommerce Manager, Amazon & eRetailers (Hybrid Role - New York) at OLAPLEX
Track: amazon
SKIP (already tailored): US Market + Marketing Manager (m/f/d) - 3x German Shopify E-Commerce Brands - 100% remote at Lyto Brands Group GmbH
Track: amazon
SKIP (already tailored): Pandora Manager, Customer Insights + Analytics (Ecommerce) at Pandora
Track: amazon
SKIP (already tailored): Sales Account Manager, Gold Accelerator at Amazon
Track: ops
SKIP (already tailored): Sr. Manager DTC Operations & Support at Ralph Lauren
Track: ops
SKIP (already tailored): COO - Integrator at 6AM City, LLC
Track: ops
SKIP (already tailored): Fractional CFO/CEO/COO/CIO/CRO - B.O. at Save with Denise
Track: ops
SKIP (already tailored): Head of Operations ($150k–$170k + Equity) at well-funded healthtech startup at CareersElite.com
Track: ops
SKIP (already tailored): Workplace & Talent Operations Specialist - AI Startup at BURKE + CO.
Track: ops
SKIP (already tailored): Revenue Operations Manager (B2B SaaS Startup) at PINATA New York, NY at PINATA
Track: ops
SKIP (already tailored): Senior Portfolio Growth Manager, Professional Services, AWS Worldwide Startups at Amazon Web Services (AWS)
Track: ops
SKIP (already tailored): Category Insights Account Manager at UNFI
Track: ops
SKIP (already tailored): Global Agency Development Manager, Amazon Ads at Amazon
Track: ops
SKIP (already tailored): Merchandising Manager, Amazon at AS Beauty Group
Track: amazon
SKIP (already tailored): Product Safety Compliance Manager, Amazon Private Brands, Amazon Private Brands, Product Safety and Compliance at Amazon
Track: amazon
SKIP (already tailored): National Account Manager, Amazon - US Stationery at BIC
Track: amazon
SKIP (already tailored): Sr. Industry Manager, Ecommerce at Pinterest
Track: amazon
SKIP (already tailored): Manager, Ecommerce Merchandising & AI at BIC Corporation
Track: amazon
SKIP (already tailored): Marketplace Operations Associate at Rokt
Track: amazon
SKIP (already tailored): E-Commerce Operations Manager at EmergencyMD
Track: amazon
SKIP (already tailored): Remote Ecommerce Operations Manager | Growth & Strategy at JobRack
Track: ops
SKIP (already tailored): DTC Operations Manager – E‑commerce (Hybrid) at Audio Network Group
Track: amazon
SKIP (already tailored): Senior Sales Account Manager, Live Sports at Amazon
Track: amazon
SKIP (already tailored): Director, Ecommerce & CRO at Create Wellness
Track: amazon
SKIP (already tailored): HEAD OF MARKETING - DTC GROWTH at Hē Labs
Track: amazon
SKIP (already tailored): Acne Studios DTC Operations Manager at Acne Studios
Track: amazon
SKIP (already tailored): Sales Account Manager, Gold Accelerator at Amazon Advertising LLC
Track: ops
SKIP (already tailored): Chief of Staff, Office of the CEO at Coast
Track: ops
SKIP (already tailored): Supervisor, Operations- DTC Settlements (Hybrid - Newark, NJ or Edgewood, LI) at Broadridge
Track: ops
SKIP (already tailored): Category Insights Account Manager - Boston at UNFI
Track: ops
SKIP (already tailored): Visual Content Manager, Amazon Delivery Experience (ADX) at Amazon
Track: amazon
SKIP (already tailored): Sr Account Manager, ISV Greenfield at Amazon Web Services (AWS)
Track: amazon
SKIP (already tailored): Ecommerce Marketplace Manager (Amazon Experience Essential) at We Are Refyne
Track: amazon
SKIP (already tailored): Client Account Manager II, E-Commerce at Pinterest
Track: amazon
SKIP (already tailored): Associate Account Manager Amazon North America at Vestacy
Track: ops
SKIP (already tailored): On site - Head of eCommerce Sales - $150,000 + Bonus - Cedarhurst (Long Island), NY at R2 Global
Track: amazon
SKIP (already tailored): Sr. Analyst Relations Manager, Amazon Ads at Amazon
Track: amazon
SKIP (already tailored): Amazon Marketplace Coordinator at LHH
Track: amazon
SKIP (already tailored): Head of eCommerce at Danimás
Track: amazon
SKIP (already tailored): Growth Marketing Manager — DTC Paid Media at MOHR Talent
Track: amazon
SKIP (already tailored): Sr. Amazon Account Manager (Remote) at Envision Horizons LLC
Track: amazon
SKIP (already tailored): Sales Account Manager, Telecom (Advertising) at Amazon
Track: amazon
SKIP (already tailored): Principal Brand Strategist, Amazon Ads, Amazon Ads Marketing at Amazon Advertising LLC
Track: amazon
SKIP (already tailored): Senior Marketing Manager, Amazon Digital Advertising at Amazon
Track: amazon
SKIP (already tailored): Global eCommerce Manager at Fable and Mane
Track: ops
SKIP (already tailored): Fractional Chief Operating Officer/Operations Advisor at Via Logic LLC
Track: amazon
SKIP (already tailored): Sr. Content Strategist, Amazon Music Brand and Copy Strategy at Amazon Music
Track: amazon
SKIP (already tailored): Specialist, eCommerce Trading & Web Merchandising at Pandora
Track: amazon
SKIP (already tailored): DTC Growth Marketing Manager (CRO, Loyalty, AOV) at People Architects
Track: ops
SKIP (already tailored): Co-Founder & CEO - AI E-commerce Operations System at FutureSight
Track: ops
SKIP (already tailored): Growth Content Lead (SEO) at Valur
Track: amazon
SKIP (already tailored): Sr Manager Enterprise Systems Architecture, Amazon Leo at Amazon
Track: amazon
SKIP (already tailored): Specialist, Ecommerce (Category Growth) at Saks
Track: amazon
SKIP (already tailored): Director of eCommerce, Key Accounts at Mars
Track: amazon
SKIP (already tailored): Senior Manager of Strategy & Operations for Digital Commerce (Remote) at Lenovo
Track: ops
SKIP (already tailored): Performance Manager (Amazon Ads) at Aisle3
Track: amazon
Using resume: master_amazon.json

Tailoring resume for: Account Manager, Startups, AWS Early Startups, US East at Amazon Web Services (AWS)
Extracting keywords via Claude Haiku...
Top ATS keywords: ['Account Management', 'Startup Sales', 'AWS Services', 'Business Development', 'Client Relationship Management', 'Revenue Growth']

Match score BEFORE tailoring: 66/100
  Already in resume: ['Account Management', 'Business Development', 'Client Relationship Management', 'Revenue Growth']
  Missing: ['Startup Sales', 'AWS Services']

Match score AFTER tailoring: 100/100

Tailored resume saved: /Users/openclaw/job-search-agent/resumes/tailored/amazon-web-services-aws_account-manager-startups-aws-early-start.docx
Track: amazon
Using resume: master_amazon.json

Tailoring resume for: Head of  Amazon Brand Management at Heap
Extracting keywords via Claude Haiku...
Top ATS keywords: ['Amazon Brand Management', 'Seller Central', 'P&L Management', 'Cross-Functional Leadership', 'Brand Strategy', 'Performance Analytics']

Match score BEFORE tailoring: 100/100
  Already in resume: ['Amazon Brand Management', 'Seller Central', 'P&L Management', 'Cross-Functional Leadership', 'Brand Strategy', 'Performance Analytics']
  Missing: []

Match score AFTER tailoring: 100/100

Tailored resume saved: /Users/openclaw/job-search-agent/resumes/tailored/heap_head-of-amazon-brand-management.docx
Track: amazon
Using resume: master_amazon.json

Tailoring resume for: Sr. Manager, Amazon Strategic Initiatives at Amazon
Extracting keywords via Claude Haiku...
Top ATS keywords: ['Strategic Planning', 'Cross-Functional Leadership', 'Project Management', 'Business Analysis', 'Data-Driven Decision Making', 'Stakeholder Management']

Match score BEFORE tailoring: 83/100
  Already in resume: ['Strategic Planning', 'Cross-Functional Leadership', 'Project Management', 'Business Analysis', 'Stakeholder Management']
  Missing: ['Data-Driven Decision Making']

Match score AFTER tailoring: 100/100

Tailored resume saved: /Users/openclaw/job-search-agent/resumes/tailored/amazon_sr-manager-amazon-strategic-initiatives.docx
Track: amazon
Using resume: master_amazon.json

Tailoring resume for: Advertising Senior Manager, Amazon at AS Beauty Group
Extracting keywords via Claude Haiku...
Top ATS keywords: ['Advertising Campaign Management', 'Amazon Advertising Platform', 'P&L Management', 'Cross-Functional Leadership', 'Performance Marketing', 'Budget Optimization']

Match score BEFORE tailoring: 100/100
  Already in resume: ['Advertising Campaign Management', 'Amazon Advertising Platform', 'P&L Management', 'Cross-Functional Leadership', 'Performance Marketing', 'Budget Optimization']
  Missing: []

Match score AFTER tailoring: 100/100

Tailored resume saved: /Users/openclaw/job-search-agent/resumes/tailored/as-beauty-group_advertising-senior-manager-amazon.docx
Track: amazon
Using resume: master_amazon.json

Tailoring resume for: Sr. Account Manager, Agency, Advertising, Account Management, Agency at Amazon
Extracting keywords via Claude Haiku...
Top ATS keywords: ['Account Management', 'Client Relationship Management', 'Agency Experience', 'Advertising Strategy', 'Campaign Management', 'Stakeholder Communication']

Match score BEFORE tailoring: 100/100
  Already in resume: ['Account Management', 'Client Relationship Management', 'Agency Experience', 'Advertising Strategy', 'Campaign Management', 'Stakeholder Communication']
  Missing: []

Match score AFTER tailoring: 100/100

Tailored resume saved: /Users/openclaw/job-search-agent/resumes/tailored/amazon_sr-account-manager-agency-advertising-ac.docx
Track: amazon
Using resume: master_amazon.json

Tailoring resume for: Ecommerce Manager - B2B at Confidential
Extracting keywords via Claude Haiku...
Top ATS keywords: ['B2B Ecommerce', 'P&L Management', 'Channel Strategy', 'Vendor Management', 'KPI Tracking', 'Cross-Functional Leadership']

Match score BEFORE tailoring: 83/100
  Already in resume: ['P&L Management', 'Channel Strategy', 'Vendor Management', 'KPI Tracking', 'Cross-Functional Leadership']
  Missing: ['B2B Ecommerce']

Match score AFTER tailoring: 100/100

Tailored resume saved: /Users/openclaw/job-search-agent/resumes/tailored/confidential_ecommerce-manager-b2b.docx
Track: amazon
Using resume: master_amazon.json

Tailoring resume for: ECOMMERCE OPERATIONS COORDINATOR at MCM WORLDWIDE
Extracting keywords via Claude Haiku...
Top ATS keywords: ['Ecommerce Operations', 'Order Management', 'Inventory Management', 'Customer Service', 'Data Analysis', 'Process Improvement']

Match score BEFORE tailoring: 100/100
  Already in resume: ['Ecommerce Operations', 'Order Management', 'Inventory Management', 'Customer Service', 'Data Analysis', 'Process Improvement']
  Missing: []

Match score AFTER tailoring: 100/100

Tailored resume saved: /Users/openclaw/job-search-agent/resumes/tailored/mcm-worldwide_ecommerce-operations-coordinator.docx
Track: amazon
Using resume: master_amazon.json

Tailoring resume for: Senior Growth Marketing Lead — DTC Brand Portfolio at People Architects
Extracting keywords via Claude Haiku...
Top ATS keywords: ['Growth Marketing Strategy', 'DTC E-Commerce', 'P&L Management', 'Performance Marketing', 'Brand Portfolio Management', 'Cross-Functional Leadership']

Match score BEFORE tailoring: 100/100
  Already in resume: ['Growth Marketing Strategy', 'DTC E-Commerce', 'P&L Management', 'Performance Marketing', 'Brand Portfolio Management', 'Cross-Functional Leadership']
  Missing: []

Match score AFTER tailoring: 100/100

Tailored resume saved: /Users/openclaw/job-search-agent/resumes/tailored/people-architects_senior-growth-marketing-lead-dtc-brand-p.docx
Track: ops
Using resume: master_ops.json

Tailoring resume for: Fractional COO at FlexBoard
Extracting keywords via Claude Haiku...
Top ATS keywords: ['Operations Management', 'P&L Management', 'Process Optimization', 'Cross-Functional Leadership', 'Strategic Planning', 'KPI Tracking']

Match score BEFORE tailoring: 100/100
  Already in resume: ['Operations Management', 'P&L Management', 'Process Optimization', 'Cross-Functional Leadership', 'Strategic Planning', 'KPI Tracking']
  Missing: []

Match score AFTER tailoring: 100/100

Tailored resume saved: /Users/openclaw/job-search-agent/resumes/tailored/flexboard_fractional-coo.docx
Track: ops
Using resume: master_ops.json

Tailoring resume for: Client Success Manager - Trivium Group at Trivium Group
Extracting keywords via Claude Haiku...
Top ATS keywords: ['Client Success Management', 'Account Management', 'Customer Retention', 'Stakeholder Communication', 'SaaS Platform Proficiency', 'KPI Tracking']

Match score BEFORE tailoring: 100/100
  Already in resume: ['Client Success Management', 'Account Management', 'Customer Retention', 'Stakeholder Communication', 'SaaS Platform Proficiency', 'KPI Tracking']
  Missing: []

Match score AFTER tailoring: 100/100

Tailored resume saved: /Users/openclaw/job-search-agent/resumes/tailored/trivium-group_client-success-manager-trivium-group.docx
=== Tailor complete: 207 tailored, 0 failed at Wed Aug 12 03:33:34 EDT 2026 ===
[main 3ba1150] Sync tailored resumes 2026-08-12
 Committer: OpenClaw <openclaw@Sovereigns-Mac-mini.local>
Your name and email address were configured automatically based
on your username and hostname. Please check that they are accurate.
You can suppress this message by setting them explicitly. Run the
following command and follow the instructions in your editor to edit
your configuration file:

    git config --global --edit

After doing this, you may fix the identity used for this commit with:

    git commit --amend --reset-author

 10 files changed, 0 insertions(+), 0 deletions(-)
 create mode 100644 resumes/tailored/amazon-web-services-aws_account-manager-startups-aws-early-start.docx
 create mode 100644 resumes/tailored/amazon_sr-account-manager-agency-advertising-ac.docx
 create mode 100644 resumes/tailored/amazon_sr-manager-amazon-strategic-initiatives.docx
 create mode 100644 resumes/tailored/as-beauty-group_advertising-senior-manager-amazon.docx
 create mode 100644 resumes/tailored/confidential_ecommerce-manager-b2b.docx
 create mode 100644 resumes/tailored/flexboard_fractional-coo.docx
 create mode 100644 resumes/tailored/heap_head-of-amazon-brand-management.docx
 create mode 100644 resumes/tailored/mcm-worldwide_ecommerce-operations-coordinator.docx
 create mode 100644 resumes/tailored/people-architects_senior-growth-marketing-lead-dtc-brand-p.docx
 create mode 100644 resumes/tailored/trivium-group_client-success-manager-trivium-group.docx
failed to store: -61
To https://gitlab.com/client-os/client-os.git
 ! [rejected]        main -> main (fetch first)
error: failed to push some refs to 'https://gitlab.com/client-os/client-os.git'
hint: Updates were rejected because the remote contains work that you do not
hint: have locally. This is usually caused by another repository pushing to
hint: the same ref. If you want to integrate the remote changes, use
hint: 'git pull' before pushing again.
hint: See the 'Note about fast-forwards' in 'git push --help' for details.
To https://github.com/angieraja23/client-os.git
   fcfcb4b..3ba1150  main -> main
Vercel CLI 56.4.1 (Node.js 25.8.0)
Retrieving project…
Deploying angieraja23-9144s-projects/client-acquisition-os
Uploading [--------------------] (0.0B/1.2MB)
Uploading [=====---------------] (321.3KB/1.2MB)
Uploading [==========----------] (637.7KB/1.2MB)
Uploading [===============-----] (957.7KB/1.2MB)
Uploading [====================] (1.2MB/1.2MB)
  Inspect         https://vercel.com/angieraja23-9144s-projects/client-acquisition-os/6hYMWje6KeZeqtb9V1jsXxk6Fhis
  Production      https://client-acquisition-eeqfnbg9v-angieraja23-9144s-projects.vercel.app
https://client-acquisition-eeqfnbg9v-angieraja23-9144s-projects.vercel.appBuilding…
Building…
Running build in Washington, D.C., USA (East) – iad1
Build machine configuration: 2 cores, 8 GB
Retrieving list of deployment files...
Previous build caches not available.
Downloading 278 deployment files...
Running "vercel build"
Vercel CLI 58.1.0
Build Completed in /vercel/output [257ms]
Deploying outputs...
[2K[1A[2K[G  Production      https://client-acquisition-eeqfnbg9v-angieraja23-9144s-projects.vercel.app
Completing…
▲ Aliased         https://clientos.angieraja.com

✓ Ready in 7s
=== Resumes synced and deployed ===
=== Digest sent ===
=== Run finished: Wed Aug 12 03:33:46 EDT 2026 ===
=== Run started: Fri Aug 14 03:00:00 EDT 2026 ===
PATH=/opt/homebrew/bin:/opt/homebrew/sbin:/usr/local/bin:/usr/bin:/bin:/usr/sbin:/sbin
GITLAB_TOKEN=SET
GITHUB_TOKEN=SET
ANTHROPIC_API_KEY=SET
--- Running scraper ---
[main daf1647] Weekly refresh 2026-08-14
 Committer: OpenClaw <openclaw@Sovereigns-Mac-mini.local>
Your name and email address were configured automatically based
on your username and hostname. Please check that they are accurate.
You can suppress this message by setting them explicitly. Run the
following command and follow the instructions in your editor to edit
your configuration file:

    git config --global --edit

After doing this, you may fix the identity used for this commit with:

    git commit --amend --reset-author

 4 files changed, 876 insertions(+), 1 deletion(-)
[2026-08-14 03:00] ==================================================
[2026-08-14 03:00] Client Acquisition OS — Weekly Refresh
[2026-08-14 03:00] ── JOBS ─────────────────────────────────
[2026-08-14 03:00]   Amazon Account Manager — Remote
[2026-08-14 03:00]     0 results
[2026-08-14 03:00]   Amazon Account Manager — New York
[2026-08-14 03:00]     10 results
[2026-08-14 03:00]     + Amazon Account Manager @ Steve Madden (New York, NY) [LinkedIn · Easy Apply]
[2026-08-14 03:00]   Amazon Brand Manager — Remote
[2026-08-14 03:00]     0 results
[2026-08-14 03:00]   Amazon Brand Manager — New York
[2026-08-14 03:00]     10 results
[2026-08-14 03:00]   Senior Amazon Brand Manager — Remote
[2026-08-14 03:00]     0 results
[2026-08-14 03:00]   Senior Amazon Brand Manager — New York
[2026-08-14 03:00]     10 results
[2026-08-14 03:00]   Amazon Marketplace Manager — Remote
[2026-08-14 03:01]   SerpAPI error: The read operation timed out
[2026-08-14 03:01]     0 results
[2026-08-14 03:01]   Amazon Marketplace Manager — New York
[2026-08-14 03:01]     10 results
[2026-08-14 03:01]     + Marketplace Ecommerce Specialist @ Bloomingdale's (New York, NY) [LinkedIn · Easy Apply]
[2026-08-14 03:01]   Ecommerce Brand Manager — Remote
[2026-08-14 03:01]     0 results
[2026-08-14 03:01]   Ecommerce Brand Manager — New York
[2026-08-14 03:01]     10 results
[2026-08-14 03:01]     + Ecommerce Marketing Manager @ Dr. Squatch (New York, NY) [LinkedIn · Easy Apply]
[2026-08-14 03:01]     + Director of Ecommerce @ Mondo (New York, NY) [LinkedIn · Easy Apply]
[2026-08-14 03:01]   Ecommerce Account Manager — Remote
[2026-08-14 03:01]     0 results
[2026-08-14 03:01]   Ecommerce Account Manager — New York
[2026-08-14 03:01]     10 results
[2026-08-14 03:01]   Marketplace Manager Walmart Amazon — Remote
[2026-08-14 03:02]     0 results
[2026-08-14 03:02]   Marketplace Manager Walmart Amazon — New York
[2026-08-14 03:02]     6 results
[2026-08-14 03:02]   Ecommerce Operations Manager — Remote
[2026-08-14 03:02]     0 results
[2026-08-14 03:02]   Ecommerce Operations Manager — New York
[2026-08-14 03:02]     10 results
[2026-08-14 03:02]   DTC Brand Manager — Remote
[2026-08-14 03:02]     0 results
[2026-08-14 03:02]   DTC Brand Manager — New York
[2026-08-14 03:02]     10 results
[2026-08-14 03:02]   Amazon Agency Account Manager — Remote
[2026-08-14 03:02]     0 results
[2026-08-14 03:02]   Amazon Agency Account Manager — New York
[2026-08-14 03:02]     10 results
[2026-08-14 03:02]     + Account Manager - Automotive, Automotive @ Amazon (New York, NY) [LinkedIn · Easy Apply]
[2026-08-14 03:02]   Chief of Staff ecommerce — Remote
[2026-08-14 03:02]     0 results
[2026-08-14 03:02]   Chief of Staff ecommerce — New York
[2026-08-14 03:02]     0 results
[2026-08-14 03:03]   Chief of Staff startup — Remote
[2026-08-14 03:03]     0 results
[2026-08-14 03:03]   Chief of Staff startup — New York
[2026-08-14 03:03]     1 results
[2026-08-14 03:03]   Chief of Staff DTC — Remote
[2026-08-14 03:03]     0 results
[2026-08-14 03:03]   Chief of Staff DTC — New York
[2026-08-14 03:03]     0 results
[2026-08-14 03:03]   Head of Operations DTC — Remote
[2026-08-14 03:03]     0 results
[2026-08-14 03:03]   Head of Operations DTC — New York
[2026-08-14 03:03]     10 results
[2026-08-14 03:03]   Head of Operations ecommerce — Remote
[2026-08-14 03:03]     0 results
[2026-08-14 03:03]   Head of Operations ecommerce — New York
[2026-08-14 03:04]     10 results
[2026-08-14 03:04]   Director of Operations ecommerce — Remote
[2026-08-14 03:04]     0 results
[2026-08-14 03:04]   Director of Operations ecommerce — New York
[2026-08-14 03:04]     10 results
[2026-08-14 03:04]     + Head of eCommerce @ Idea Nuova, Inc. (New York, NY) [LinkedIn · Easy Apply]
[2026-08-14 03:04]   EOS Integrator — Remote
[2026-08-14 03:04]     0 results
[2026-08-14 03:04]   EOS Integrator — New York
[2026-08-14 03:04]     4 results
[2026-08-14 03:04]   Fractional COO — Remote
[2026-08-14 03:04]     0 results
[2026-08-14 03:04]   Fractional COO — New York
[2026-08-14 03:04]     10 results
[2026-08-14 03:04]   VP Operations DTC — Remote
[2026-08-14 03:04]     0 results
[2026-08-14 03:04]   VP Operations DTC — New York
[2026-08-14 03:05]     7 results
[2026-08-14 03:05]   Business Operations Lead startup — Remote
[2026-08-14 03:05]     0 results
[2026-08-14 03:05]   Business Operations Lead startup — New York
[2026-08-14 03:05]     6 results
[2026-08-14 03:05]   Amazon Account Manager agency client portfolio — Remote
[2026-08-14 03:05]     0 results
[2026-08-14 03:05]   Amazon Account Manager agency client portfolio — New York
[2026-08-14 03:05]     0 results
[2026-08-14 03:05]   Amazon Brand Manager Seller Central agency — Remote
[2026-08-14 03:05]     0 results
[2026-08-14 03:05]   Amazon Brand Manager Seller Central agency — New York
[2026-08-14 03:05]     4 results
[2026-08-14 03:05]   Marketplace Account Manager consumer brands — Remote
[2026-08-14 03:05]     0 results
[2026-08-14 03:05]   Marketplace Account Manager consumer brands — New York
[2026-08-14 03:06]     0 results
[2026-08-14 03:06]   Ecommerce Account Manager client facing Amazon — Remote
[2026-08-14 03:06]     0 results
[2026-08-14 03:06]   Ecommerce Account Manager client facing Amazon — New York
[2026-08-14 03:06]     7 results
[2026-08-14 03:06]   Amazon Account Director agency — Remote
[2026-08-14 03:06]     0 results
[2026-08-14 03:06]   Amazon Account Director agency — New York
[2026-08-14 03:06]     2 results
[2026-08-14 03:06]   Senior Account Manager Amazon marketplace agency — Remote
[2026-08-14 03:06]     0 results
[2026-08-14 03:06]   Senior Account Manager Amazon marketplace agency — New York
[2026-08-14 03:06]     1 results
[2026-08-14 03:06]   Brand Strategy Manager Amazon ecommerce — Remote
[2026-08-14 03:06]     0 results
[2026-08-14 03:06]   Brand Strategy Manager Amazon ecommerce — New York
[2026-08-14 03:06]     10 results
[2026-08-14 03:06]   Client Success Manager Amazon agency — Remote
[2026-08-14 03:07]     0 results
[2026-08-14 03:07]   Client Success Manager Amazon agency — New York
[2026-08-14 03:07]     2 results
[2026-08-14 03:07]   Wrote 213 jobs to data/jobs.json (6 new)
[2026-08-14 03:07] ── DEPLOYING via GitLab ──────────────────
[2026-08-14 03:07]   Push done
[2026-08-14 03:07]   Deployed to Vercel
[2026-08-14 03:07] Done.

Scraper exit code: 0
--- Committing and pushing ---
[main 4ba5edc] Nightly auto-sync 2026-08-14
 Committer: OpenClaw <openclaw@Sovereigns-Mac-mini.local>
Your name and email address were configured automatically based
on your username and hostname. Please check that they are accurate.
You can suppress this message by setting them explicitly. Run the
following command and follow the instructions in your editor to edit
your configuration file:

    git config --global --edit

After doing this, you may fix the identity used for this commit with:

    git commit --amend --reset-author

 2 files changed, 149 insertions(+)
failed to store: -61
To https://gitlab.com/client-os/client-os.git
 ! [rejected]        main -> main (fetch first)
error: failed to push some refs to 'https://gitlab.com/client-os/client-os.git'
hint: Updates were rejected because the remote contains work that you do not
hint: have locally. This is usually caused by another repository pushing to
hint: the same ref. If you want to integrate the remote changes, use
hint: 'git pull' before pushing again.
hint: See the 'Note about fast-forwards' in 'git push --help' for details.
To https://github.com/angieraja23/client-os.git
   3ba1150..4ba5edc  main -> main
Vercel CLI 56.4.1 (Node.js 25.8.0)
Retrieving project…
Deploying angieraja23-9144s-projects/client-acquisition-os
Uploading [--------------------] (0.0B/1.2MB)
Uploading [=====---------------] (304.0KB/1.2MB)
Uploading [==========----------] (598.7KB/1.2MB)
Uploading [===============-----] (902.7KB/1.2MB)
Uploading [====================] (1.2MB/1.2MB)
  Inspect         https://vercel.com/angieraja23-9144s-projects/client-acquisition-os/4ZHQ4SvH6E1HAQyEfdZzFHquz5Eu
  Production      https://client-acquisition-2eyegw1jr-angieraja23-9144s-projects.vercel.app
https://client-acquisition-2eyegw1jr-angieraja23-9144s-projects.vercel.appBuilding…
Building…
Running build in Washington, D.C., USA (East) – iad1
Build machine configuration: 2 cores, 8 GB
Retrieving list of deployment files...
Previous build caches not available.
Downloading 278 deployment files...
[2K[1A[2K[G  Production      https://client-acquisition-2eyegw1jr-angieraja23-9144s-projects.vercel.app
Completing…
▲ Aliased         https://clientos.angieraja.com

✓ Ready in 7s
=== Deployed: Fri Aug 14 03:07:36 EDT 2026 ===
--- Running tailor ---
=== Tailor started: Fri Aug 14 03:07:36 EDT 2026 ===
Track: ops
SKIP (already tailored): Chief of Staff at Cascade at Jack & Jill
Track: ops
SKIP (already tailored): Chief of Staff to the GM of Housing at Flex
Track: ops
SKIP (already tailored): Executive Assistant to the Chief of Staff at DEPARTMENT OF CORRECTION
Track: amazon
SKIP (already tailored): Associate Manager, Commerce Platform Logistics - Strategy and Operations at DoorDash
Track: amazon
SKIP (already tailored): Sr. Resourcing Operations Manager at MKG Productions, LLC
Track: ops
SKIP (already tailored): Logistics Operations Project Manager at Fluidstack
Track: ops
SKIP (already tailored): Manager, Enrollment Fulfillment Operations at New York Life
Track: amazon
SKIP (already tailored): Ecommerce Manager at Zachys Wine & Liquor
Track: amazon
SKIP (already tailored): Amazon Brand Manager at Cartograph
Track: amazon
SKIP (already tailored): Director of Ecommerce at SBH Fashion
Track: amazon
SKIP (already tailored): Ecommerce Marketplace Manager at Universal Perfumes & Cosmetics
Track: amazon
SKIP (already tailored): Client Account Manager, Digital Accounts at Amsive
Track: ops
SKIP (already tailored): DTC Performance & Growth Marketing Manager at Blueair North America
Track: amazon
SKIP (already tailored): AWS Sr. Enterprise Account Manager, Automotive & Manufacturing at Amazon Web Services (AWS)
Track: amazon
SKIP (already tailored): Senior Amazon Brand Manager at GNO Partners
Track: amazon
SKIP (already tailored): Campaign & Creative Manager, Campaign & Creative Management, Amazon at Amazon
Track: amazon
SKIP (already tailored): Sr. Marketing Manager, Engagement, WW Amazon Flex, Amazon Flex at Amazon
Track: amazon
SKIP (already tailored): Director, Amazon at Nécessaire, Inc.
Track: amazon
SKIP (already tailored): Amazon & Marketplace Account Growth Manager at The PCA Group
Track: amazon
SKIP (already tailored): Remote Amazon Marketplace Manager at Foxelli Group Remote at Foxelli Group
Track: amazon
SKIP (already tailored): E-commerce Growth Manager at BURDLIFE
Track: amazon
SKIP (already tailored): Marketplace Manager at PetsWorld Inc
Track: amazon
SKIP (already tailored): TikTok Shop Account Manager at KAMP Agency
Track: amazon
SKIP (already tailored): Sales Account Manager, US LCS, Consumer Electronics at Amazon
Track: amazon
SKIP (already tailored): Director of Operations — Digital & Ecommerce at Maxima Apparel
Track: amazon
SKIP (already tailored): Senior Manager, Ecommerce at SBH Fashion
Track: amazon
SKIP (already tailored): Sales Account Manager, LCS Acquisitions at Amazon
Track: ops
SKIP (already tailored): Chief of Staff - AI-native startup is rewiring a trillion-dollar consumer industry at Big Wave Digital
Track: ops
SKIP (already tailored): COO/EOS Integrator at CBIZ Talent Solutions
Track: ops
SKIP (already tailored): Office Operations at Series B AI Startup at Bloom Talent
Track: ops
SKIP (already tailored): Office & Operations Lead — Startup NYC (Equity) at The Talent Post
Track: ops
SKIP (already tailored): Jr. Amazon Account Coordinator at Tiide Commerce
Track: ops
SKIP (already tailored): Amazon Account Coordinator - Affiliate Marketing Agency at Ikon Digital Media
Track: ops
SKIP (already tailored): Manager, Amazon - Origins at DECIEM | THE ABNORMAL BEAUTY COMPANY
Track: amazon
SKIP (already tailored): Website for Amazon Account Management at Upwork
Track: amazon
SKIP (already tailored): Sr Product Marketing Manager, WW New Customer Registration, Amazon Business at Amazon
Track: amazon
SKIP (already tailored): Amazon Marketplace Specialist at Master Wholesale International, Inc.
Track: amazon
SKIP (already tailored): Senior Brand Manager, eCommerce Agency at Jobot
Track: amazon
SKIP (already tailored): Category Manager Intern (TikTok Shop - Operations) - 2026 Summer (MBA) at TikTok
Track: amazon
SKIP (already tailored): Ecommerce Optimization Manager at Clean Simple Eats, LLC.
Track: amazon
SKIP (already tailored): National Account Manager - Amazon at Scholastic
Track: amazon
SKIP (already tailored): Sales Account Manager, US LCS, Consumer Electronics at Amazon Advertising LLC
Track: ops
SKIP (already tailored): Director of Business Operations, SaaS | AI | eCommerce at Get Plus - The Autonomous Commerce OS
Track: amazon
SKIP (already tailored): AWS Account Manager, FSI at Amazon Web Services (AWS)
Track: amazon
SKIP (already tailored): Sr. Account Manager-RRT, Startups at Amazon Web Services (AWS)
Track: ops
SKIP (already tailored): Amazon Specialist at My Amazon Guy
Track: amazon
SKIP (already tailored): Strategic Account Manager, Amazon Publisher Services at Amazon
Track: amazon
SKIP (already tailored): Account Manager I, Amazon Global Logistics at Amazon Global Logistics
Track: amazon
SKIP (already tailored): VP, Ecommerce at Grüns
Track: amazon
SKIP (already tailored): Senior Director of Ecommerce & Growth at CleanBoss Inc.
Track: amazon
SKIP (already tailored): National Account Manager, Beauty (Direct eCommerce) at Dyson Direct Inc
Track: amazon
SKIP (already tailored): Sales Account Manager, Fashion Advertising Account Management, Fashion Advertising Account Management at Amazon
Track: amazon
SKIP (already tailored): Sales Account Manager, US LCS at Amazon
Track: amazon
SKIP (already tailored): Sr. Account Manager-RRT, Startups at Amazon Web Services, Inc.
Track: ops
SKIP (already tailored): Executive Assistant to Founder & Operations at Early-stage, Mission-driven Startup at Bloom Talent
Track: ops
SKIP (already tailored): Sr.  Amazon Ads Account Manager at Freshdesk
Track: amazon
SKIP (already tailored): Account Manager I, Hub Delivery at Amazon
Track: amazon
SKIP (already tailored): Sales Account Manager, Fashion, Sales, Advertising, & Account Management at Amazon
Track: amazon
SKIP (already tailored): National Account Manager, Amazon at ACCO Brands
Track: amazon
SKIP (already tailored): Sr. Product Marketing Manager , Amazon Live Creator Partnerships at Amazon
Track: amazon
SKIP (already tailored): Senior Amazon Brand Growth Lead Remote at Ballard House
Track: amazon
SKIP (already tailored): Ecommerce Assistant Manager (Amazon Focus) at Kiss Beauty Group
Track: amazon
SKIP (already tailored): Ecommerce Specialist (Amazon Focus) at Kiss Beauty Group
Track: amazon
SKIP (already tailored): Digital Commerce Specialist- Amazon at Kiss Beauty Group
Track: amazon
SKIP (already tailored): eCommerce Manager Delivery Claims & Incidents at Hermès
Track: amazon
SKIP (already tailored): Ecommerce Assistant Manager at Kiss Beauty Group
Track: amazon
SKIP (already tailored): eCommerce Lead FT @ Guggenheim at Event Network, LLC
Track: amazon
SKIP (already tailored): Director, eCommerce - Stuart Weitzman at Caleres, Inc.
Track: amazon
SKIP (already tailored): Operations Manager, Social Commerce at AMOREPACIFIC
Track: amazon
SKIP (already tailored): Sales Account Manager, Live Sports at Amazon
Track: amazon
SKIP (already tailored): Sales Account Manager, Fashion Advertising Account Management, Fashion Advertising Account Management at Amazon Advertising LLC
Track: amazon
SKIP (already tailored): Principal Account Manager, ISV at Amazon Web Services (AWS)
Track: amazon
SKIP (already tailored): Sales Account Manager (Fashion, Sales, Advertising, & Account Management) at Amazon
Track: ops
SKIP (already tailored): Chief Operations Officer In Residence – Startup Fintech at Scalata.ai
Track: ops
SKIP (already tailored): Fractional CEO for Small Businesses at How to Manage a Small Law Firm II, Incorporated
Track: ops
SKIP (already tailored): Manager, Digital Merchandising, Amazon at Kiss Beauty Group
Track: amazon
SKIP (already tailored): Amazon Account Strategist -  Amazon Seller & Vendor Central required! at VENDO – A PLTFRM Company
Track: amazon
SKIP (already tailored): E-Commerce Operations Manager at TOM FORD FASHION
Track: amazon
SKIP (already tailored): Ecommerce Manager (Beauty) at Solomon Page
Track: amazon
SKIP (already tailored): Manager, Book Sales & eCommerce at AWA Studios
Track: amazon
SKIP (already tailored): Ecommerce Assistant Manager at Ivy Enterprises, Inc.
Track: amazon
SKIP (already tailored): Account Manager, US Govtech Mid-Market at Amazon Web Services (AWS)
Track: ops
SKIP (already tailored): eCommerce Operations Manager at Adecco
Track: amazon
SKIP (already tailored): Account Manager I, Business Development, Amazon Global Logistics at Amazon
Track: amazon
SKIP (already tailored): Remote Amazon Brand Manager | Growth & Strategy Lead at Tiide Commerce
Track: amazon
SKIP (already tailored): Senior Applied Science Manager, Amazon Sponsored Products & Brands at Amazon
Track: amazon
SKIP (already tailored): Amazon Marketplace Manager | Amazon US & AU | PPC, SEO, Seller Central & Growth Any Posted on 2026-07-09 12:19:24 at Amazon Marketplace Manager — Amazon US, Amazon AU & Walmart US
Track: amazon
SKIP (already tailored): Ecommerce Merchandising Manager at Dana-co LLC
Track: amazon
SKIP (already tailored): Ecommerce Assistant Manager at Kiss Products
Track: amazon
SKIP (already tailored): Senior Ecommerce Account Manager, Beauty at The PCA Companies
Track: amazon
SKIP (already tailored): eCommerce Account Manager - Hybrid/Remote at Vtldesign
Track: amazon
SKIP (already tailored): Strategic Ecommerce Account Manager | Growth & Partnerships at scandiweb
Track: amazon
SKIP (already tailored): Senior Manager of Ecommerce Operations at Hadley Designs
Track: amazon
SKIP (already tailored): Sr. Account Manager, ISV, ISV at Amazon Web Services (AWS)
Track: amazon
SKIP (already tailored): AWS Sr. Enterprise Account Manager, FSI-Capital Markets, FSI-Capital Markets at Amazon Web Services (AWS)
Track: ops
SKIP (already tailored): Remote Fractional COO: Scale Operations for Owners at How To MANAGE a Small Law Firm
Track: ops
SKIP (already tailored): Contracts Manager, Buy with Prime & Amazon Multi-Channel Fulfillment at Amazon
Track: amazon
SKIP (already tailored): Global Creative Strategist, Brand Innovation Lab, Amazon Ads Brand Innovation Lab at Amazon
Track: amazon
SKIP (already tailored): Sr. Paid Media Marketing Manager, Amazon Ads, Paid and Social Media Team, Amazon Ads at Amazon
Track: amazon
SKIP (already tailored): Head of Ecommerce at CHARLES & KEITH GROUP
Track: amazon
SKIP (already tailored): Manager, Customer Insights + Analytics (Ecommerce) at Pandora
Track: amazon
SKIP (already tailored): Junior Account Manager, Ecommerce at Tangle Teezer Ltd
Track: amazon
SKIP (already tailored): Junior Ecommerce Account Manager | Hybrid Role at BIC
Track: amazon
SKIP (already tailored): Senior Sales Account Manager, US LCS at Amazon
Track: amazon
SKIP (already tailored): Sr Client Account Manager, Amazon at Pinterest
Track: ops
SKIP (already tailored): Startup Operations Lead at Trekker Auto
Track: ops
SKIP (already tailored): Head of Operations ($150k-$195k + Equity) at well-funded healthtech startup at Jack & Jill
Track: ops
SKIP (already tailored): Amazon Advertising Manager at Cartograph
Track: amazon
SKIP (already tailored): Account Manager, Telecom at Amazon
Track: amazon
SKIP (already tailored): Strategic Account Manager, Amazon at Eaton Corporation
Track: amazon
SKIP (already tailored): Senior IT&S Project Manager at Northwell Careers
Track: amazon
SKIP (already tailored): Account Manager - E-Comm and Design at DADA Goldberg
Track: amazon
SKIP (already tailored): Ecommerce Account Manager, Amazon at Justrite Safety Group
Track: amazon
SKIP (already tailored): Senior Sales Account Manager, Sponsored Ads (Paid Search), Large Customer Sales Advertising at Amazon
Track: ops
SKIP (already tailored): Global SVP eCommerce Solutions at NielsenIQ
Track: ops
SKIP (already tailored): Director of International Ecommerce at Veronica Beard
Track: ops
SKIP (already tailored): Manager of Ecommerce at SBH Fashion
Track: ops
SKIP (already tailored): Chief Operations Officer, Marketing, Advertising & eCommerce at Confidential
Track: amazon
SKIP (already tailored): Sr. Marketing Manager, GTM, Amazon Flex, Amazon Flex at Amazon
Track: amazon
SKIP (already tailored): Director, Marketplace NAM at Pandora
Track: amazon
SKIP (already tailored): Senior eCommerce Analyst - Tommy Hilfiger at PVH
Track: amazon
SKIP (already tailored): E-Commerce Marketplace Specialist at JW Mobile
Track: amazon
SKIP (already tailored): LatAm Ecommerce Operations Manager Contract at Rad-Hires
Track: amazon
SKIP (already tailored): Senior Sales Account Manager, Sponsored Ads (Paid Search), Large Customer Sales Advertising at Amazon Advertising LLC
Track: amazon
SKIP (already tailored): TAM Manager, Video Advertising, Amazon Prime Video Ads at Amazon
Track: ops
SKIP (already tailored): Head of Operations / VP of Operations at Go Fractional
Track: ops
SKIP (already tailored): Business Operations Lead at Castle
Track: ops
SKIP (already tailored): People Operations Lead — Startup HR Leader (Hybrid) at Clarity Recruiting
Track: ops
SKIP (already tailored): Account Executive - Public Sector, Enterprise - New York, Amazon Web Services at Amazon Web Services (AWS)
Track: amazon
SKIP (already tailored): Sr. Amazon Brand Manager at Upwork
Track: amazon
SKIP (already tailored): Manager - Amazon eCommerce (WCB) at L'Oréal
Track: amazon
SKIP (already tailored): Senior Specialist, Customer Experience, Amazon - Marketplace Partnership at Front Row
Track: amazon
SKIP (already tailored): Amazon Marketplace Growth & Global Sourcing Manager (Full-Time, Remote) Full Time Posted on 2026-07-20 13:52:54 $7 per hour at Amazon Marketplace Growth & Global Sourcing Manager (Full-Time, Remote)
Track: amazon
SKIP (already tailored): Director of Ecommerce at Outdoor Collective
Track: amazon
SKIP (already tailored): Director eCommerce Capabilities at TeHiring.com
Track: ops
SKIP (already tailored): Associate Tech Strategy and Business Operations at Fanatics Collectibles
Track: ops
SKIP (already tailored): Retail Media Account Manager (Amazon and TikTok Shop) at WITHIN
Track: ops
SKIP (already tailored): Programmatic Solutions Consultant, Amazon Ads at Amazon
Track: ops
SKIP (already tailored): Marketing Manager, Amazon Pickup Program , PARP Traffic at Amazon
Track: amazon
SKIP (already tailored): Amazon 1P Vendor Account Manager | Brooklyn, NY · $175K–$200K + Commission - 2447 at Bhired
Track: amazon
SKIP (already tailored): Amazon Marketplace Director – remote freelance at 24 Seven Talent
Track: amazon
SKIP (already tailored): Ecommerce Manager, Amazon & eRetailers (Hybrid Role - New York) at OLAPLEX
Track: amazon
SKIP (already tailored): US Market + Marketing Manager (m/f/d) - 3x German Shopify E-Commerce Brands - 100% remote at Lyto Brands Group GmbH
Track: amazon
SKIP (already tailored): Pandora Manager, Customer Insights + Analytics (Ecommerce) at Pandora
Track: amazon
SKIP (already tailored): Sales Account Manager, Gold Accelerator at Amazon
Track: ops
SKIP (already tailored): Sr. Manager DTC Operations & Support at Ralph Lauren
Track: ops
SKIP (already tailored): COO - Integrator at 6AM City, LLC
Track: ops
SKIP (already tailored): Fractional CFO/CEO/COO/CIO/CRO - B.O. at Save with Denise
Track: ops
SKIP (already tailored): Head of Operations ($150k–$170k + Equity) at well-funded healthtech startup at CareersElite.com
Track: ops
SKIP (already tailored): Workplace & Talent Operations Specialist - AI Startup at BURKE + CO.
Track: ops
SKIP (already tailored): Revenue Operations Manager (B2B SaaS Startup) at PINATA New York, NY at PINATA
Track: ops
SKIP (already tailored): Senior Portfolio Growth Manager, Professional Services, AWS Worldwide Startups at Amazon Web Services (AWS)
Track: ops
SKIP (already tailored): Category Insights Account Manager at UNFI
Track: ops
SKIP (already tailored): Global Agency Development Manager, Amazon Ads at Amazon
Track: ops
SKIP (already tailored): Merchandising Manager, Amazon at AS Beauty Group
Track: amazon
SKIP (already tailored): Product Safety Compliance Manager, Amazon Private Brands, Amazon Private Brands, Product Safety and Compliance at Amazon
Track: amazon
SKIP (already tailored): National Account Manager, Amazon - US Stationery at BIC
Track: amazon
SKIP (already tailored): Sr. Industry Manager, Ecommerce at Pinterest
Track: amazon
SKIP (already tailored): Manager, Ecommerce Merchandising & AI at BIC Corporation
Track: amazon
SKIP (already tailored): Marketplace Operations Associate at Rokt
Track: amazon
SKIP (already tailored): E-Commerce Operations Manager at EmergencyMD
Track: amazon
SKIP (already tailored): Remote Ecommerce Operations Manager | Growth & Strategy at JobRack
Track: ops
SKIP (already tailored): DTC Operations Manager – E‑commerce (Hybrid) at Audio Network Group
Track: amazon
SKIP (already tailored): Senior Sales Account Manager, Live Sports at Amazon
Track: amazon
SKIP (already tailored): Director, Ecommerce & CRO at Create Wellness
Track: amazon
SKIP (already tailored): HEAD OF MARKETING - DTC GROWTH at Hē Labs
Track: amazon
SKIP (already tailored): Acne Studios DTC Operations Manager at Acne Studios
Track: amazon
SKIP (already tailored): Sales Account Manager, Gold Accelerator at Amazon Advertising LLC
Track: ops
SKIP (already tailored): Chief of Staff, Office of the CEO at Coast
Track: ops
SKIP (already tailored): Supervisor, Operations- DTC Settlements (Hybrid - Newark, NJ or Edgewood, LI) at Broadridge
Track: ops
SKIP (already tailored): Category Insights Account Manager - Boston at UNFI
Track: ops
SKIP (already tailored): Visual Content Manager, Amazon Delivery Experience (ADX) at Amazon
Track: amazon
SKIP (already tailored): Sr Account Manager, ISV Greenfield at Amazon Web Services (AWS)
Track: amazon
SKIP (already tailored): Ecommerce Marketplace Manager (Amazon Experience Essential) at We Are Refyne
Track: amazon
SKIP (already tailored): Client Account Manager II, E-Commerce at Pinterest
Track: amazon
SKIP (already tailored): Associate Account Manager Amazon North America at Vestacy
Track: ops
SKIP (already tailored): On site - Head of eCommerce Sales - $150,000 + Bonus - Cedarhurst (Long Island), NY at R2 Global
Track: amazon
SKIP (already tailored): Sr. Analyst Relations Manager, Amazon Ads at Amazon
Track: amazon
SKIP (already tailored): Amazon Marketplace Coordinator at LHH
Track: amazon
SKIP (already tailored): Head of eCommerce at Danimás
Track: amazon
SKIP (already tailored): Growth Marketing Manager — DTC Paid Media at MOHR Talent
Track: amazon
SKIP (already tailored): Sr. Amazon Account Manager (Remote) at Envision Horizons LLC
Track: amazon
SKIP (already tailored): Sales Account Manager, Telecom (Advertising) at Amazon
Track: amazon
SKIP (already tailored): Principal Brand Strategist, Amazon Ads, Amazon Ads Marketing at Amazon Advertising LLC
Track: amazon
SKIP (already tailored): Senior Marketing Manager, Amazon Digital Advertising at Amazon
Track: amazon
SKIP (already tailored): Global eCommerce Manager at Fable and Mane
Track: ops
SKIP (already tailored): Fractional Chief Operating Officer/Operations Advisor at Via Logic LLC
Track: amazon
SKIP (already tailored): Sr. Content Strategist, Amazon Music Brand and Copy Strategy at Amazon Music
Track: amazon
SKIP (already tailored): Specialist, eCommerce Trading & Web Merchandising at Pandora
Track: amazon
SKIP (already tailored): DTC Growth Marketing Manager (CRO, Loyalty, AOV) at People Architects
Track: ops
SKIP (already tailored): Co-Founder & CEO - AI E-commerce Operations System at FutureSight
Track: ops
SKIP (already tailored): Growth Content Lead (SEO) at Valur
Track: amazon
SKIP (already tailored): Sr Manager Enterprise Systems Architecture, Amazon Leo at Amazon
Track: amazon
SKIP (already tailored): Specialist, Ecommerce (Category Growth) at Saks
Track: amazon
SKIP (already tailored): Director of eCommerce, Key Accounts at Mars
Track: amazon
SKIP (already tailored): Senior Manager of Strategy & Operations for Digital Commerce (Remote) at Lenovo
Track: ops
SKIP (already tailored): Performance Manager (Amazon Ads) at Aisle3
Track: amazon
SKIP (already tailored): Account Manager, Startups, AWS Early Startups, US East at Amazon Web Services (AWS)
Track: amazon
SKIP (already tailored): Head of  Amazon Brand Management at Heap
Track: amazon
SKIP (already tailored): Sr. Manager, Amazon Strategic Initiatives at Amazon
Track: amazon
SKIP (already tailored): Advertising Senior Manager, Amazon at AS Beauty Group
Track: amazon
SKIP (already tailored): Sr. Account Manager, Agency, Advertising, Account Management, Agency at Amazon
Track: amazon
SKIP (already tailored): Ecommerce Manager - B2B at Confidential
Track: amazon
SKIP (already tailored): ECOMMERCE OPERATIONS COORDINATOR at MCM WORLDWIDE
Track: amazon
SKIP (already tailored): Senior Growth Marketing Lead — DTC Brand Portfolio at People Architects
Track: ops
SKIP (already tailored): Fractional COO at FlexBoard
Track: ops
SKIP (already tailored): Client Success Manager - Trivium Group at Trivium Group
Track: amazon
Using resume: master_amazon.json

Tailoring resume for: Amazon Account Manager at Steve Madden
Extracting keywords via Claude Haiku...
Top ATS keywords: ['Amazon Seller Central', 'Account Management', 'Vendor Relations', 'Sales Strategy', 'P&L Management', 'Performance Metrics']

Match score BEFORE tailoring: 100/100
  Already in resume: ['Amazon Seller Central', 'Account Management', 'Vendor Relations', 'Sales Strategy', 'P&L Management', 'Performance Metrics']
  Missing: []

Match score AFTER tailoring: 100/100

Tailored resume saved: /Users/openclaw/job-search-agent/resumes/tailored/steve-madden_amazon-account-manager.docx
Track: amazon
Using resume: master_amazon.json

Tailoring resume for: Marketplace Ecommerce Specialist at Bloomingdale's
Extracting keywords via Claude Haiku...
Top ATS keywords: ['Marketplace Management', 'Ecommerce Strategy', 'Amazon Seller Central', 'Inventory Management', 'Performance Analytics', 'Vendor Relations']

Match score BEFORE tailoring: 100/100
  Already in resume: ['Marketplace Management', 'Ecommerce Strategy', 'Amazon Seller Central', 'Inventory Management', 'Performance Analytics', 'Vendor Relations']
  Missing: []

Match score AFTER tailoring: 100/100

Tailored resume saved: /Users/openclaw/job-search-agent/resumes/tailored/bloomingdale-s_marketplace-ecommerce-specialist.docx
Track: amazon
Using resume: master_amazon.json

Tailoring resume for: Ecommerce Marketing Manager at Dr. Squatch
Extracting keywords via Claude Haiku...
Top ATS keywords: ['Ecommerce Marketing', 'Digital Marketing Strategy', 'PPC Advertising', 'Conversion Rate Optimization', 'Email Marketing', 'Analytics & Reporting']

Match score BEFORE tailoring: 100/100
  Already in resume: ['Ecommerce Marketing', 'Digital Marketing Strategy', 'PPC Advertising', 'Conversion Rate Optimization', 'Email Marketing', 'Analytics & Reporting']
  Missing: []

Match score AFTER tailoring: 100/100

Tailored resume saved: /Users/openclaw/job-search-agent/resumes/tailored/dr-squatch_ecommerce-marketing-manager.docx
Track: amazon
Using resume: master_amazon.json

Tailoring resume for: Director of Ecommerce at Mondo
Extracting keywords via Claude Haiku...
Top ATS keywords: ['Ecommerce Strategy', 'P&L Management', 'Digital Marketing', 'Cross-Functional Leadership', 'Sales Growth', 'Platform Management']

Match score BEFORE tailoring: 100/100
  Already in resume: ['Ecommerce Strategy', 'P&L Management', 'Digital Marketing', 'Cross-Functional Leadership', 'Sales Growth', 'Platform Management']
  Missing: []

Match score AFTER tailoring: 100/100

Tailored resume saved: /Users/openclaw/job-search-agent/resumes/tailored/mondo_director-of-ecommerce.docx
Track: amazon
Using resume: master_amazon.json

Tailoring resume for: Account Manager - Automotive, Automotive at Amazon
Extracting keywords via Claude Haiku...
Top ATS keywords: ['Account Management', 'Automotive Sales', 'Relationship Management', 'Sales Strategy', 'Key Account Development', 'Negotiation Skills']

Match score BEFORE tailoring: 66/100
  Already in resume: ['Account Management', 'Relationship Management', 'Sales Strategy', 'Key Account Development']
  Missing: ['Automotive Sales', 'Negotiation Skills']

Match score AFTER tailoring: 100/100

Tailored resume saved: /Users/openclaw/job-search-agent/resumes/tailored/amazon_account-manager-automotive-automotive.docx
Track: ops
Using resume: master_ops.json

Tailoring resume for: Head of eCommerce at Idea Nuova, Inc.
Extracting keywords via Claude Haiku...
Top ATS keywords: ['eCommerce Strategy', 'P&L Management', 'Digital Marketing', 'Conversion Rate Optimization', 'Team Leadership', 'Multi-Channel Sales']

Match score BEFORE tailoring: 83/100
  Already in resume: ['eCommerce Strategy', 'P&L Management', 'Digital Marketing', 'Conversion Rate Optimization', 'Team Leadership']
  Missing: ['Multi-Channel Sales']

Match score AFTER tailoring: 100/100

Tailored resume saved: /Users/openclaw/job-search-agent/resumes/tailored/idea-nuova-inc_head-of-ecommerce.docx
=== Tailor complete: 213 tailored, 0 failed at Fri Aug 14 03:33:20 EDT 2026 ===
[main ccc51ef] Sync tailored resumes 2026-08-14
 Committer: OpenClaw <openclaw@Sovereigns-Mac-mini.local>
Your name and email address were configured automatically based
on your username and hostname. Please check that they are accurate.
You can suppress this message by setting them explicitly. Run the
following command and follow the instructions in your editor to edit
your configuration file:

    git config --global --edit

After doing this, you may fix the identity used for this commit with:

    git commit --amend --reset-author

 6 files changed, 0 insertions(+), 0 deletions(-)
 create mode 100644 resumes/tailored/amazon_account-manager-automotive-automotive.docx
 create mode 100644 resumes/tailored/bloomingdale-s_marketplace-ecommerce-specialist.docx
 create mode 100644 resumes/tailored/dr-squatch_ecommerce-marketing-manager.docx
 create mode 100644 resumes/tailored/idea-nuova-inc_head-of-ecommerce.docx
 create mode 100644 resumes/tailored/mondo_director-of-ecommerce.docx
 create mode 100644 resumes/tailored/steve-madden_amazon-account-manager.docx
failed to store: -61
To https://gitlab.com/client-os/client-os.git
 ! [rejected]        main -> main (fetch first)
error: failed to push some refs to 'https://gitlab.com/client-os/client-os.git'
hint: Updates were rejected because the remote contains work that you do not
hint: have locally. This is usually caused by another repository pushing to
hint: the same ref. If you want to integrate the remote changes, use
hint: 'git pull' before pushing again.
hint: See the 'Note about fast-forwards' in 'git push --help' for details.
To https://github.com/angieraja23/client-os.git
   4ba5edc..ccc51ef  main -> main
Vercel CLI 56.4.1 (Node.js 25.8.0)
Retrieving project…
Deploying angieraja23-9144s-projects/client-acquisition-os
Uploading [--------------------] (0.0B/1.1MB)
Uploading [=====---------------] (286.8KB/1.1MB)
Uploading [==========----------] (581.0KB/1.1MB)
Uploading [===============-----] (869.0KB/1.1MB)
Uploading [====================] (1.1MB/1.1MB)
  Inspect         https://vercel.com/angieraja23-9144s-projects/client-acquisition-os/CamCN5j3FsRipw3YZCyFGspR9bGv
  Production      https://client-acquisition-5cmtk64gw-angieraja23-9144s-projects.vercel.app
https://client-acquisition-5cmtk64gw-angieraja23-9144s-projects.vercel.appBuilding…
Building…
Running build in Washington, D.C., USA (East) – iad1
Build machine configuration: 2 cores, 8 GB
Retrieving list of deployment files...
Previous build caches not available.
Downloading 284 deployment files...
Running "vercel build"
Vercel CLI 58.1.0
[2K[1A[2K[G  Production      https://client-acquisition-5cmtk64gw-angieraja23-9144s-projects.vercel.app
Completing…
▲ Aliased         https://clientos.angieraja.com

✓ Ready in 8s
=== Resumes synced and deployed ===
=== Digest sent ===
=== Run finished: Fri Aug 14 03:33:33 EDT 2026 ===
=== Run started: Mon Aug 17 03:00:00 EDT 2026 ===
PATH=/opt/homebrew/bin:/opt/homebrew/sbin:/usr/local/bin:/usr/bin:/bin:/usr/sbin:/sbin
GITLAB_TOKEN=SET
GITHUB_TOKEN=SET
ANTHROPIC_API_KEY=SET
--- Running scraper ---
